-- -------------------------------------------------------------
-- TablePlus 5.3.0(486)
--
-- https://tableplus.com/
--
-- Database: hassanmxh
-- Generation Time: 2023-02-18 14:12:44.2470
-- -------------------------------------------------------------


/*!40101 SET @OLD_CHARACTER_SET_CLIENT=@@CHARACTER_SET_CLIENT */;
/*!40101 SET @OLD_CHARACTER_SET_RESULTS=@@CHARACTER_SET_RESULTS */;
/*!40101 SET @OLD_COLLATION_CONNECTION=@@COLLATION_CONNECTION */;
/*!40101 SET NAMES utf8mb4 */;
/*!40014 SET @OLD_UNIQUE_CHECKS=@@UNIQUE_CHECKS, UNIQUE_CHECKS=0 */;
/*!40014 SET @OLD_FOREIGN_KEY_CHECKS=@@FOREIGN_KEY_CHECKS, FOREIGN_KEY_CHECKS=0 */;
/*!40101 SET @OLD_SQL_MODE=@@SQL_MODE, SQL_MODE='NO_AUTO_VALUE_ON_ZERO' */;
/*!40111 SET @OLD_SQL_NOTES=@@SQL_NOTES, SQL_NOTES=0 */;


CREATE TABLE `addresses` (
  `id` int NOT NULL,
  `ownerId` int DEFAULT NULL,
  `countryCode` varchar(255) NOT NULL,
  `administrativeArea` varchar(255) DEFAULT NULL,
  `locality` varchar(255) DEFAULT NULL,
  `dependentLocality` varchar(255) DEFAULT NULL,
  `postalCode` varchar(255) DEFAULT NULL,
  `sortingCode` varchar(255) DEFAULT NULL,
  `addressLine1` varchar(255) DEFAULT NULL,
  `addressLine2` varchar(255) DEFAULT NULL,
  `organization` varchar(255) DEFAULT NULL,
  `organizationTaxId` varchar(255) DEFAULT NULL,
  `fullName` varchar(255) DEFAULT NULL,
  `firstName` varchar(255) DEFAULT NULL,
  `lastName` varchar(255) DEFAULT NULL,
  `latitude` varchar(255) DEFAULT NULL,
  `longitude` varchar(255) DEFAULT NULL,
  `dateCreated` datetime NOT NULL,
  `dateUpdated` datetime NOT NULL,
  PRIMARY KEY (`id`),
  KEY `fk_aqmgqmnjggicmgjysejsayjkzcbfgrtdhxxo` (`ownerId`),
  CONSTRAINT `fk_aqmgqmnjggicmgjysejsayjkzcbfgrtdhxxo` FOREIGN KEY (`ownerId`) REFERENCES `elements` (`id`) ON DELETE CASCADE,
  CONSTRAINT `fk_uaccazluvsxvqsxukmcatebzxjpetpjehyie` FOREIGN KEY (`id`) REFERENCES `elements` (`id`) ON DELETE CASCADE
) ENGINE=InnoDB DEFAULT CHARSET=utf8mb3;

CREATE TABLE `announcements` (
  `id` int NOT NULL AUTO_INCREMENT,
  `userId` int NOT NULL,
  `pluginId` int DEFAULT NULL,
  `heading` varchar(255) NOT NULL,
  `body` text NOT NULL,
  `unread` tinyint(1) NOT NULL DEFAULT '1',
  `dateRead` datetime DEFAULT NULL,
  `dateCreated` datetime NOT NULL,
  PRIMARY KEY (`id`),
  KEY `idx_erxwnkschdktuccwiozashxlonkdpsuyldbv` (`userId`,`unread`,`dateRead`,`dateCreated`),
  KEY `idx_ihhysfxsrbttrmavhchtezkcpietljebyegm` (`dateRead`),
  KEY `fk_lsjdomqdhuwrzlpfvizldhluuotllgsiwmbp` (`pluginId`),
  CONSTRAINT `fk_lsjdomqdhuwrzlpfvizldhluuotllgsiwmbp` FOREIGN KEY (`pluginId`) REFERENCES `plugins` (`id`) ON DELETE CASCADE,
  CONSTRAINT `fk_sttarzlnnbrlweeygevxdxbexzwlawtpebrh` FOREIGN KEY (`userId`) REFERENCES `users` (`id`) ON DELETE CASCADE
) ENGINE=InnoDB DEFAULT CHARSET=utf8mb3;

CREATE TABLE `assetindexdata` (
  `id` int NOT NULL AUTO_INCREMENT,
  `sessionId` int NOT NULL,
  `volumeId` int NOT NULL,
  `uri` text,
  `size` bigint unsigned DEFAULT NULL,
  `timestamp` datetime DEFAULT NULL,
  `isDir` tinyint(1) DEFAULT '0',
  `recordId` int DEFAULT NULL,
  `isSkipped` tinyint(1) DEFAULT '0',
  `inProgress` tinyint(1) DEFAULT '0',
  `completed` tinyint(1) DEFAULT '0',
  `dateCreated` datetime NOT NULL,
  `dateUpdated` datetime NOT NULL,
  `uid` char(36) NOT NULL DEFAULT '0',
  PRIMARY KEY (`id`),
  KEY `idx_zivypyyytphxedgmyltbngnyfvqbiortfcvf` (`sessionId`,`volumeId`),
  KEY `idx_mupiqthfwntkrgqdzfjmsjxquewksiybjukw` (`volumeId`),
  CONSTRAINT `fk_htacktxbdxgujamxocyegpbuuscbvtnzvaph` FOREIGN KEY (`volumeId`) REFERENCES `volumes` (`id`) ON DELETE CASCADE,
  CONSTRAINT `fk_igdmldzmrlgcsshqsvlsdcmttyjojtpvmibi` FOREIGN KEY (`sessionId`) REFERENCES `assetindexingsessions` (`id`) ON DELETE CASCADE
) ENGINE=InnoDB DEFAULT CHARSET=utf8mb3;

CREATE TABLE `assetindexingsessions` (
  `id` int NOT NULL AUTO_INCREMENT,
  `indexedVolumes` text,
  `totalEntries` int DEFAULT NULL,
  `processedEntries` int NOT NULL DEFAULT '0',
  `cacheRemoteImages` tinyint(1) DEFAULT NULL,
  `isCli` tinyint(1) DEFAULT '0',
  `actionRequired` tinyint(1) DEFAULT '0',
  `dateCreated` datetime NOT NULL,
  `dateUpdated` datetime NOT NULL,
  `uid` char(36) NOT NULL DEFAULT '0',
  PRIMARY KEY (`id`)
) ENGINE=InnoDB DEFAULT CHARSET=utf8mb3;

CREATE TABLE `assets` (
  `id` int NOT NULL,
  `volumeId` int DEFAULT NULL,
  `folderId` int NOT NULL,
  `uploaderId` int DEFAULT NULL,
  `filename` varchar(255) NOT NULL,
  `kind` varchar(50) NOT NULL DEFAULT 'unknown',
  `alt` text,
  `width` int unsigned DEFAULT NULL,
  `height` int unsigned DEFAULT NULL,
  `size` bigint unsigned DEFAULT NULL,
  `focalPoint` varchar(13) DEFAULT NULL,
  `deletedWithVolume` tinyint(1) DEFAULT NULL,
  `keptFile` tinyint(1) DEFAULT NULL,
  `dateModified` datetime DEFAULT NULL,
  `dateCreated` datetime NOT NULL,
  `dateUpdated` datetime NOT NULL,
  PRIMARY KEY (`id`),
  KEY `idx_fmtoauienllojjjnnaiqoaxpwlodvblpnkvf` (`filename`,`folderId`),
  KEY `idx_irwavayulahmstjagqnabjebtsfjxggrcvyi` (`folderId`),
  KEY `idx_zbehuswdfagqgdcysegayhbbfqptpzslgjwh` (`volumeId`),
  KEY `fk_zvhyoibowxaahnsktlrxmkhdbphbxblatyqv` (`uploaderId`),
  CONSTRAINT `fk_gwwappkbwzdyyeuokfztwsoqciabbxcoamod` FOREIGN KEY (`id`) REFERENCES `elements` (`id`) ON DELETE CASCADE,
  CONSTRAINT `fk_gykbuckzkzccghgxwfvbkynddcytrhwnmhmk` FOREIGN KEY (`folderId`) REFERENCES `volumefolders` (`id`) ON DELETE CASCADE,
  CONSTRAINT `fk_sptefagancollkocnmodhubdxkfdccuypzbw` FOREIGN KEY (`volumeId`) REFERENCES `volumes` (`id`) ON DELETE CASCADE,
  CONSTRAINT `fk_zvhyoibowxaahnsktlrxmkhdbphbxblatyqv` FOREIGN KEY (`uploaderId`) REFERENCES `users` (`id`) ON DELETE SET NULL
) ENGINE=InnoDB DEFAULT CHARSET=utf8mb3;

CREATE TABLE `categories` (
  `id` int NOT NULL,
  `groupId` int NOT NULL,
  `parentId` int DEFAULT NULL,
  `deletedWithGroup` tinyint(1) DEFAULT NULL,
  `dateCreated` datetime NOT NULL,
  `dateUpdated` datetime NOT NULL,
  PRIMARY KEY (`id`),
  KEY `idx_paetnonmcvobkfeadcepnzohdibjtxmvujzx` (`groupId`),
  KEY `fk_uwafnlaohidbbqmqtoofisrbcsedxwfnknhz` (`parentId`),
  CONSTRAINT `fk_bbynslzpvouyochyahilqvggijosovioasmv` FOREIGN KEY (`groupId`) REFERENCES `categorygroups` (`id`) ON DELETE CASCADE,
  CONSTRAINT `fk_uwafnlaohidbbqmqtoofisrbcsedxwfnknhz` FOREIGN KEY (`parentId`) REFERENCES `categories` (`id`) ON DELETE SET NULL,
  CONSTRAINT `fk_vxhualwqvmgwdtkmqxvbawgfmcpfgpzsjapt` FOREIGN KEY (`id`) REFERENCES `elements` (`id`) ON DELETE CASCADE
) ENGINE=InnoDB DEFAULT CHARSET=utf8mb3;

CREATE TABLE `categorygroups` (
  `id` int NOT NULL AUTO_INCREMENT,
  `structureId` int NOT NULL,
  `fieldLayoutId` int DEFAULT NULL,
  `name` varchar(255) NOT NULL,
  `handle` varchar(255) NOT NULL,
  `defaultPlacement` enum('beginning','end') NOT NULL DEFAULT 'end',
  `dateCreated` datetime NOT NULL,
  `dateUpdated` datetime NOT NULL,
  `dateDeleted` datetime DEFAULT NULL,
  `uid` char(36) NOT NULL DEFAULT '0',
  PRIMARY KEY (`id`),
  KEY `idx_yldfrbylkakwaziedkvmjrczzjovvetzvhwf` (`name`),
  KEY `idx_xnmtsotqtzfykocgefeizalppezwnzcxpybn` (`handle`),
  KEY `idx_zpzuzqsmcsjqavpvlzfdjdropqpyisoneqcn` (`structureId`),
  KEY `idx_stgzwivbxatyizabakgcigmdpnwzaulhdldz` (`fieldLayoutId`),
  KEY `idx_saweuzfesfmgxvxgjhcctejcbtcnnwibcsin` (`dateDeleted`),
  CONSTRAINT `fk_xmsllfumkvacohodciunaipfcvlyqwydidle` FOREIGN KEY (`fieldLayoutId`) REFERENCES `fieldlayouts` (`id`) ON DELETE SET NULL,
  CONSTRAINT `fk_yociyzrnxmddnpszkhojeamlfyyskfhwxpmy` FOREIGN KEY (`structureId`) REFERENCES `structures` (`id`) ON DELETE CASCADE
) ENGINE=InnoDB DEFAULT CHARSET=utf8mb3;

CREATE TABLE `categorygroups_sites` (
  `id` int NOT NULL AUTO_INCREMENT,
  `groupId` int NOT NULL,
  `siteId` int NOT NULL,
  `hasUrls` tinyint(1) NOT NULL DEFAULT '1',
  `uriFormat` text,
  `template` varchar(500) DEFAULT NULL,
  `dateCreated` datetime NOT NULL,
  `dateUpdated` datetime NOT NULL,
  `uid` char(36) NOT NULL DEFAULT '0',
  PRIMARY KEY (`id`),
  UNIQUE KEY `idx_khlevxdholnktpniqrpsfnrlukglggtrkjrm` (`groupId`,`siteId`),
  KEY `idx_gpkaebnwvxitsrocjcwzpilgfgitivbfzbhc` (`siteId`),
  CONSTRAINT `fk_urhjeskbkxgptxpuepoyqfqakofyxlwgztuw` FOREIGN KEY (`groupId`) REFERENCES `categorygroups` (`id`) ON DELETE CASCADE,
  CONSTRAINT `fk_vrhtmzdylnwckfcccvczotkfqibvsyekppgr` FOREIGN KEY (`siteId`) REFERENCES `sites` (`id`) ON DELETE CASCADE ON UPDATE CASCADE
) ENGINE=InnoDB DEFAULT CHARSET=utf8mb3;

CREATE TABLE `changedattributes` (
  `elementId` int NOT NULL,
  `siteId` int NOT NULL,
  `attribute` varchar(255) NOT NULL,
  `dateUpdated` datetime NOT NULL,
  `propagated` tinyint(1) NOT NULL,
  `userId` int DEFAULT NULL,
  PRIMARY KEY (`elementId`,`siteId`,`attribute`),
  KEY `idx_ubnfxkgsbbeusamndwczyazjhiwqzjzhnocc` (`elementId`,`siteId`,`dateUpdated`),
  KEY `fk_vhwzpuaqmrmqoqfdrdevxaafrlpxpyocxhut` (`siteId`),
  KEY `fk_bdgfzhzmginqrkuqivvqsznwiosgxpyjfuap` (`userId`),
  CONSTRAINT `fk_bdgfzhzmginqrkuqivvqsznwiosgxpyjfuap` FOREIGN KEY (`userId`) REFERENCES `users` (`id`) ON DELETE SET NULL ON UPDATE CASCADE,
  CONSTRAINT `fk_lfykptadonipycmdtanyqzubjpfeenxfhini` FOREIGN KEY (`elementId`) REFERENCES `elements` (`id`) ON DELETE CASCADE ON UPDATE CASCADE,
  CONSTRAINT `fk_vhwzpuaqmrmqoqfdrdevxaafrlpxpyocxhut` FOREIGN KEY (`siteId`) REFERENCES `sites` (`id`) ON DELETE CASCADE ON UPDATE CASCADE
) ENGINE=InnoDB DEFAULT CHARSET=utf8mb3;

CREATE TABLE `changedfields` (
  `elementId` int NOT NULL,
  `siteId` int NOT NULL,
  `fieldId` int NOT NULL,
  `dateUpdated` datetime NOT NULL,
  `propagated` tinyint(1) NOT NULL,
  `userId` int DEFAULT NULL,
  PRIMARY KEY (`elementId`,`siteId`,`fieldId`),
  KEY `idx_unyvgpkholwnyclpnayfhagodqzrnheosftm` (`elementId`,`siteId`,`dateUpdated`),
  KEY `fk_fuozzaqidvzdpvxccbjeitcvmwhhxdbussgy` (`siteId`),
  KEY `fk_qznxiuqctlkvxbzvvtkpqybkqsirrgwlzdou` (`fieldId`),
  KEY `fk_qdohjytiwkyirasiwmwlrulhnnyifhqewaig` (`userId`),
  CONSTRAINT `fk_fuozzaqidvzdpvxccbjeitcvmwhhxdbussgy` FOREIGN KEY (`siteId`) REFERENCES `sites` (`id`) ON DELETE CASCADE ON UPDATE CASCADE,
  CONSTRAINT `fk_npkfropsfitetmzterlhrgtohnneofwtaznv` FOREIGN KEY (`elementId`) REFERENCES `elements` (`id`) ON DELETE CASCADE ON UPDATE CASCADE,
  CONSTRAINT `fk_qdohjytiwkyirasiwmwlrulhnnyifhqewaig` FOREIGN KEY (`userId`) REFERENCES `users` (`id`) ON DELETE SET NULL ON UPDATE CASCADE,
  CONSTRAINT `fk_qznxiuqctlkvxbzvvtkpqybkqsirrgwlzdou` FOREIGN KEY (`fieldId`) REFERENCES `fields` (`id`) ON DELETE CASCADE ON UPDATE CASCADE
) ENGINE=InnoDB DEFAULT CHARSET=utf8mb3;

CREATE TABLE `contactform_submissions` (
  `id` int NOT NULL,
  `form` varchar(255) DEFAULT NULL,
  `subject` varchar(255) DEFAULT NULL,
  `fromName` varchar(255) DEFAULT NULL,
  `fromEmail` varchar(255) DEFAULT NULL,
  `message` text NOT NULL,
  `dateCreated` datetime NOT NULL,
  `dateUpdated` datetime NOT NULL,
  `uid` char(36) NOT NULL DEFAULT '0',
  PRIMARY KEY (`id`),
  CONSTRAINT `fk_ywhrpyouhgfcrcswqjnqjuytspxlljrifekk` FOREIGN KEY (`id`) REFERENCES `elements` (`id`) ON DELETE CASCADE
) ENGINE=InnoDB DEFAULT CHARSET=utf8mb3;

CREATE TABLE `content` (
  `id` int NOT NULL AUTO_INCREMENT,
  `elementId` int NOT NULL,
  `siteId` int NOT NULL,
  `title` varchar(255) DEFAULT NULL,
  `dateCreated` datetime NOT NULL,
  `dateUpdated` datetime NOT NULL,
  `uid` char(36) NOT NULL DEFAULT '0',
  `field_heading_ksiduvla` text,
  `field_body_wclszjar` text,
  `field_caption_pokritmg` text,
  `field_subheading_mfajdqrs` text,
  `field_emailAddress_lblohqph` text,
  `field_seo_zuydrfip` text,
  `field_availableForWork_ltfkysnr` tinyint(1) DEFAULT NULL,
  `field_form_xkrzeiog` text,
  `field_blockId_ohkiiplr` text,
  `field_website_bgrczghi` text,
  `field_altTitle_ynsuuido` text,
  `field_listingImageOverlay_hjpsxtce` tinyint(1) DEFAULT NULL,
  PRIMARY KEY (`id`),
  UNIQUE KEY `idx_fyhwfpekpxvutqjyqmdlatelbgpmskrcmzma` (`elementId`,`siteId`),
  KEY `idx_ruutspjjmbetvacmcajxttxuhiikxabwxbso` (`siteId`),
  KEY `idx_mixarqkwwnzjyaqoydjelabiekqqsebygnsy` (`title`),
  CONSTRAINT `fk_gqlckaovnzzrzzaoxrgnjsmzxbbkxhifklzo` FOREIGN KEY (`elementId`) REFERENCES `elements` (`id`) ON DELETE CASCADE,
  CONSTRAINT `fk_qpmmntqhztumjulubrcglgsxxharutmltlyt` FOREIGN KEY (`siteId`) REFERENCES `sites` (`id`) ON DELETE CASCADE ON UPDATE CASCADE
) ENGINE=InnoDB AUTO_INCREMENT=157 DEFAULT CHARSET=utf8mb3;

CREATE TABLE `craftidtokens` (
  `id` int NOT NULL AUTO_INCREMENT,
  `userId` int NOT NULL,
  `accessToken` text NOT NULL,
  `expiryDate` datetime DEFAULT NULL,
  `dateCreated` datetime NOT NULL,
  `dateUpdated` datetime NOT NULL,
  `uid` char(36) NOT NULL DEFAULT '0',
  PRIMARY KEY (`id`),
  KEY `fk_abrvfyarbchszcmqegchdbkzagxkgaekhqbl` (`userId`),
  CONSTRAINT `fk_abrvfyarbchszcmqegchdbkzagxkgaekhqbl` FOREIGN KEY (`userId`) REFERENCES `users` (`id`) ON DELETE CASCADE
) ENGINE=InnoDB DEFAULT CHARSET=utf8mb3;

CREATE TABLE `deprecationerrors` (
  `id` int NOT NULL AUTO_INCREMENT,
  `key` varchar(255) NOT NULL,
  `fingerprint` varchar(255) NOT NULL,
  `lastOccurrence` datetime NOT NULL,
  `file` varchar(255) NOT NULL,
  `line` smallint unsigned DEFAULT NULL,
  `message` text,
  `traces` text,
  `dateCreated` datetime NOT NULL,
  `dateUpdated` datetime NOT NULL,
  `uid` char(36) NOT NULL DEFAULT '0',
  PRIMARY KEY (`id`),
  UNIQUE KEY `idx_gtntcpkonbwrbbmnpxlndbxleydnjwesqcqj` (`key`,`fingerprint`)
) ENGINE=InnoDB DEFAULT CHARSET=utf8mb3;

CREATE TABLE `drafts` (
  `id` int NOT NULL AUTO_INCREMENT,
  `canonicalId` int DEFAULT NULL,
  `creatorId` int DEFAULT NULL,
  `provisional` tinyint(1) NOT NULL DEFAULT '0',
  `name` varchar(255) NOT NULL,
  `notes` text,
  `trackChanges` tinyint(1) NOT NULL DEFAULT '0',
  `dateLastMerged` datetime DEFAULT NULL,
  `saved` tinyint(1) NOT NULL DEFAULT '1',
  PRIMARY KEY (`id`),
  KEY `idx_rxodvxqaoavmwndicfmlckdmuqedkgmwmrpb` (`creatorId`,`provisional`),
  KEY `idx_gdotmgblozylcrsyesgbjogrmshpesvurwxx` (`saved`),
  KEY `fk_lysjchvnckgrhztyldvhckfijnyaskgfkbtb` (`canonicalId`),
  CONSTRAINT `fk_lysjchvnckgrhztyldvhckfijnyaskgfkbtb` FOREIGN KEY (`canonicalId`) REFERENCES `elements` (`id`) ON DELETE CASCADE,
  CONSTRAINT `fk_xxytlzpqghzhfrqcnoddwalhnkozftioppjq` FOREIGN KEY (`creatorId`) REFERENCES `users` (`id`) ON DELETE SET NULL
) ENGINE=InnoDB AUTO_INCREMENT=34 DEFAULT CHARSET=utf8mb3;

CREATE TABLE `elements` (
  `id` int NOT NULL AUTO_INCREMENT,
  `canonicalId` int DEFAULT NULL,
  `draftId` int DEFAULT NULL,
  `revisionId` int DEFAULT NULL,
  `fieldLayoutId` int DEFAULT NULL,
  `type` varchar(255) NOT NULL,
  `enabled` tinyint(1) NOT NULL DEFAULT '1',
  `archived` tinyint(1) NOT NULL DEFAULT '0',
  `dateCreated` datetime NOT NULL,
  `dateUpdated` datetime NOT NULL,
  `dateLastMerged` datetime DEFAULT NULL,
  `dateDeleted` datetime DEFAULT NULL,
  `uid` char(36) NOT NULL DEFAULT '0',
  PRIMARY KEY (`id`),
  KEY `idx_tvhwgonftkfbqrnmvnysdpbirabhqzonlfhf` (`dateDeleted`),
  KEY `idx_knuxcxxadvohhfmbohtkctaogmcgtrqtqkis` (`fieldLayoutId`),
  KEY `idx_utvrvqjciomvfbrqxmurxcfnmxpgzcntrroi` (`type`),
  KEY `idx_imjjpcmmwlrudaigqkmexgxrqvfgcwokdhiz` (`enabled`),
  KEY `idx_bvrndgjtgdrynzmxogwqfngviwrzojctdjog` (`archived`,`dateCreated`),
  KEY `idx_zpbtnekucfojcvottwmmdyiiljxoabuhhmza` (`archived`,`dateDeleted`,`draftId`,`revisionId`,`canonicalId`),
  KEY `idx_dwzwgonxbjdkowhwupnfhvocstyqykklocdk` (`archived`,`dateDeleted`,`draftId`,`revisionId`,`canonicalId`,`enabled`),
  KEY `fk_alzvqlopiejieqisjuayeicymrqyxxoljrab` (`canonicalId`),
  KEY `fk_zpdaaetmpynfswxwejzvzvlowacgsstzpjkl` (`draftId`),
  KEY `fk_augexpnghzuclyzeilxyiadquhormaxkfxtf` (`revisionId`),
  CONSTRAINT `fk_alzvqlopiejieqisjuayeicymrqyxxoljrab` FOREIGN KEY (`canonicalId`) REFERENCES `elements` (`id`) ON DELETE SET NULL,
  CONSTRAINT `fk_augexpnghzuclyzeilxyiadquhormaxkfxtf` FOREIGN KEY (`revisionId`) REFERENCES `revisions` (`id`) ON DELETE CASCADE,
  CONSTRAINT `fk_sxikzzpltlphzcwmyaiivlyuzjibxdvbsjcn` FOREIGN KEY (`fieldLayoutId`) REFERENCES `fieldlayouts` (`id`) ON DELETE SET NULL,
  CONSTRAINT `fk_zpdaaetmpynfswxwejzvzvlowacgsstzpjkl` FOREIGN KEY (`draftId`) REFERENCES `drafts` (`id`) ON DELETE CASCADE
) ENGINE=InnoDB AUTO_INCREMENT=158 DEFAULT CHARSET=utf8mb3;

CREATE TABLE `elements_sites` (
  `id` int NOT NULL AUTO_INCREMENT,
  `elementId` int NOT NULL,
  `siteId` int NOT NULL,
  `slug` varchar(255) DEFAULT NULL,
  `uri` varchar(255) DEFAULT NULL,
  `enabled` tinyint(1) NOT NULL DEFAULT '1',
  `dateCreated` datetime NOT NULL,
  `dateUpdated` datetime NOT NULL,
  `uid` char(36) NOT NULL DEFAULT '0',
  PRIMARY KEY (`id`),
  UNIQUE KEY `idx_jtwebfqqexhlhkxeshfdqeydwedbdevxnxiq` (`elementId`,`siteId`),
  KEY `idx_yexzsjvlmfsfonmkiswqyryiehxjulrecgca` (`siteId`),
  KEY `idx_tdlgfhtomgcnrhvhbbmdxmqxlbyysbpozqms` (`slug`,`siteId`),
  KEY `idx_qmvwyktjphykwvfhnssmjpdmgbjdxzyoaxra` (`enabled`),
  KEY `idx_qlnhnjhhtyenpfwokxpdxskelryyitudcrms` (`uri`,`siteId`),
  CONSTRAINT `fk_kektrvwvmcutyymgbeqxexunnfcltpcflivy` FOREIGN KEY (`elementId`) REFERENCES `elements` (`id`) ON DELETE CASCADE,
  CONSTRAINT `fk_wxohysyncsmjyerlidkkubeivdfqtgyvlrzs` FOREIGN KEY (`siteId`) REFERENCES `sites` (`id`) ON DELETE CASCADE ON UPDATE CASCADE
) ENGINE=InnoDB AUTO_INCREMENT=158 DEFAULT CHARSET=utf8mb3;

CREATE TABLE `entries` (
  `id` int NOT NULL,
  `sectionId` int NOT NULL,
  `parentId` int DEFAULT NULL,
  `typeId` int NOT NULL,
  `authorId` int DEFAULT NULL,
  `postDate` datetime DEFAULT NULL,
  `expiryDate` datetime DEFAULT NULL,
  `deletedWithEntryType` tinyint(1) DEFAULT NULL,
  `dateCreated` datetime NOT NULL,
  `dateUpdated` datetime NOT NULL,
  PRIMARY KEY (`id`),
  KEY `idx_jqlcavqgqdayscqmwdrclhyvpbbagrdijeky` (`postDate`),
  KEY `idx_pgoghxianvyhwcspfxztxhsjdexnnuksveta` (`expiryDate`),
  KEY `idx_foeppluefmlcgcgcuxcyguqgfxhustucveqz` (`authorId`),
  KEY `idx_xiojojuioqrulszpqqeelmjzuuxortyibnrv` (`sectionId`),
  KEY `idx_ecdbpabzrcqunvccrsfehsmvknnnzdlhbros` (`typeId`),
  KEY `fk_flojiahjmnqlujvbatrzmgchmeccqiunjajd` (`parentId`),
  CONSTRAINT `fk_flojiahjmnqlujvbatrzmgchmeccqiunjajd` FOREIGN KEY (`parentId`) REFERENCES `entries` (`id`) ON DELETE SET NULL,
  CONSTRAINT `fk_glqxujdervysunnyhhldspiiwpmxycvsogrp` FOREIGN KEY (`sectionId`) REFERENCES `sections` (`id`) ON DELETE CASCADE,
  CONSTRAINT `fk_kqodmwpaugtewilfsyzfmugfqqbzrchuhmmu` FOREIGN KEY (`id`) REFERENCES `elements` (`id`) ON DELETE CASCADE,
  CONSTRAINT `fk_qihdulxungtodydmigkagvstacffcjzmlenj` FOREIGN KEY (`typeId`) REFERENCES `entrytypes` (`id`) ON DELETE CASCADE,
  CONSTRAINT `fk_uaxxlfryayycgdxhwmxaidsimpbvtffgyvrf` FOREIGN KEY (`authorId`) REFERENCES `users` (`id`) ON DELETE SET NULL
) ENGINE=InnoDB DEFAULT CHARSET=utf8mb3;

CREATE TABLE `entrytypes` (
  `id` int NOT NULL AUTO_INCREMENT,
  `sectionId` int NOT NULL,
  `fieldLayoutId` int DEFAULT NULL,
  `name` varchar(255) NOT NULL,
  `handle` varchar(255) NOT NULL,
  `hasTitleField` tinyint(1) NOT NULL DEFAULT '1',
  `titleTranslationMethod` varchar(255) NOT NULL DEFAULT 'site',
  `titleTranslationKeyFormat` text,
  `titleFormat` varchar(255) DEFAULT NULL,
  `sortOrder` smallint unsigned DEFAULT NULL,
  `dateCreated` datetime NOT NULL,
  `dateUpdated` datetime NOT NULL,
  `dateDeleted` datetime DEFAULT NULL,
  `uid` char(36) NOT NULL DEFAULT '0',
  PRIMARY KEY (`id`),
  KEY `idx_wglejrcvyszbxioundcixbqychtxksolxdhi` (`name`,`sectionId`),
  KEY `idx_kwaivwjvxcioxuatfoowbberzicpkoldirsd` (`handle`,`sectionId`),
  KEY `idx_rjyckcdveaxiutudewwuehtemneyprnetnab` (`sectionId`),
  KEY `idx_nxgivaxwmcynvlgmgtrhgothqhyakobavkkj` (`fieldLayoutId`),
  KEY `idx_eyhvqiigxqquffluwlhmmbrovbhgslxnzpbh` (`dateDeleted`),
  CONSTRAINT `fk_ggdbzlrnqaeojyukbceqoumuzocacuknvmlk` FOREIGN KEY (`fieldLayoutId`) REFERENCES `fieldlayouts` (`id`) ON DELETE SET NULL,
  CONSTRAINT `fk_oeevfxnnobrqcdqnrgenfqmxjafjqgunhutl` FOREIGN KEY (`sectionId`) REFERENCES `sections` (`id`) ON DELETE CASCADE
) ENGINE=InnoDB AUTO_INCREMENT=7 DEFAULT CHARSET=utf8mb3;

CREATE TABLE `fieldgroups` (
  `id` int NOT NULL AUTO_INCREMENT,
  `name` varchar(255) NOT NULL,
  `dateCreated` datetime NOT NULL,
  `dateUpdated` datetime NOT NULL,
  `dateDeleted` datetime DEFAULT NULL,
  `uid` char(36) NOT NULL DEFAULT '0',
  PRIMARY KEY (`id`),
  KEY `idx_zizdedakspaxbiupuqcveaccvoeljucweupj` (`name`),
  KEY `idx_babwbnerzypbbblkkbmpsqyfbsqiquqrprwm` (`dateDeleted`,`name`)
) ENGINE=InnoDB AUTO_INCREMENT=4 DEFAULT CHARSET=utf8mb3;

CREATE TABLE `fieldlayoutfields` (
  `id` int NOT NULL AUTO_INCREMENT,
  `layoutId` int NOT NULL,
  `tabId` int NOT NULL,
  `fieldId` int NOT NULL,
  `required` tinyint(1) NOT NULL DEFAULT '0',
  `sortOrder` smallint unsigned DEFAULT NULL,
  `dateCreated` datetime NOT NULL,
  `dateUpdated` datetime NOT NULL,
  `uid` char(36) NOT NULL DEFAULT '0',
  PRIMARY KEY (`id`),
  UNIQUE KEY `idx_qqsbcryugorjzopztvgqrrzohheopwricceb` (`layoutId`,`fieldId`),
  KEY `idx_emizkzaiccttevzniuladfdxynvqdquxullm` (`sortOrder`),
  KEY `idx_unpbwhqgzjbihtzoghixcihgcjuwrmbpicsq` (`tabId`),
  KEY `idx_mvrdmcqvnbtwysrbqpnjyikiozponbhkjmwz` (`fieldId`),
  CONSTRAINT `fk_gwfpkeieuzefomfpsqmmnwyslddksvgtiuxp` FOREIGN KEY (`tabId`) REFERENCES `fieldlayouttabs` (`id`) ON DELETE CASCADE,
  CONSTRAINT `fk_vydhtzjecoxdrvbvdnzoxeiorsttevpmhwkp` FOREIGN KEY (`layoutId`) REFERENCES `fieldlayouts` (`id`) ON DELETE CASCADE,
  CONSTRAINT `fk_wgncdgkfavzhidckjruojbtbmcxnxuxusfjd` FOREIGN KEY (`fieldId`) REFERENCES `fields` (`id`) ON DELETE CASCADE
) ENGINE=InnoDB AUTO_INCREMENT=132 DEFAULT CHARSET=utf8mb3;

CREATE TABLE `fieldlayouts` (
  `id` int NOT NULL AUTO_INCREMENT,
  `type` varchar(255) NOT NULL,
  `dateCreated` datetime NOT NULL,
  `dateUpdated` datetime NOT NULL,
  `dateDeleted` datetime DEFAULT NULL,
  `uid` char(36) NOT NULL DEFAULT '0',
  PRIMARY KEY (`id`),
  KEY `idx_hwmyfzduebqtorwdoykvvdfnwnrdgjjhdlaq` (`dateDeleted`),
  KEY `idx_aywevzhhpeylnkttkjngftavpqoimvunmkio` (`type`)
) ENGINE=InnoDB AUTO_INCREMENT=20 DEFAULT CHARSET=utf8mb3;

CREATE TABLE `fieldlayouttabs` (
  `id` int NOT NULL AUTO_INCREMENT,
  `layoutId` int NOT NULL,
  `name` varchar(255) NOT NULL,
  `settings` text,
  `elements` text,
  `sortOrder` smallint unsigned DEFAULT NULL,
  `dateCreated` datetime NOT NULL,
  `dateUpdated` datetime NOT NULL,
  `uid` char(36) NOT NULL DEFAULT '0',
  PRIMARY KEY (`id`),
  KEY `idx_hebnpaavocfbeyifybeudtpysoeoqwyzxwhg` (`sortOrder`),
  KEY `idx_xmuepmyvbuhufhsgsfjyotjkzslnhmcndpkc` (`layoutId`),
  CONSTRAINT `fk_hiufumkiginlzthrkxetxvghpzlyzcdrstdl` FOREIGN KEY (`layoutId`) REFERENCES `fieldlayouts` (`id`) ON DELETE CASCADE
) ENGINE=InnoDB AUTO_INCREMENT=72 DEFAULT CHARSET=utf8mb3;

CREATE TABLE `fields` (
  `id` int NOT NULL AUTO_INCREMENT,
  `groupId` int DEFAULT NULL,
  `name` varchar(255) NOT NULL,
  `handle` varchar(64) NOT NULL,
  `context` varchar(255) NOT NULL DEFAULT 'global',
  `columnSuffix` char(8) DEFAULT NULL,
  `instructions` text,
  `searchable` tinyint(1) NOT NULL DEFAULT '1',
  `translationMethod` varchar(255) NOT NULL DEFAULT 'none',
  `translationKeyFormat` text,
  `type` varchar(255) NOT NULL,
  `settings` text,
  `dateCreated` datetime NOT NULL,
  `dateUpdated` datetime NOT NULL,
  `uid` char(36) NOT NULL DEFAULT '0',
  PRIMARY KEY (`id`),
  KEY `idx_plwdmvyngqildyztpszpwbuauoqndwlabmpo` (`handle`,`context`),
  KEY `idx_isqgdegoolabbamvbmjxbrfpdnpyhhwyaqpg` (`groupId`),
  KEY `idx_zipdpmddlrxnkixubwzoyynuwkixuvgxfbtw` (`context`),
  CONSTRAINT `fk_vzjzzmzhjklvacxsbdvysnoahqahnqyxanuj` FOREIGN KEY (`groupId`) REFERENCES `fieldgroups` (`id`) ON DELETE CASCADE
) ENGINE=InnoDB AUTO_INCREMENT=29 DEFAULT CHARSET=utf8mb3;

CREATE TABLE `globalsets` (
  `id` int NOT NULL AUTO_INCREMENT,
  `name` varchar(255) NOT NULL,
  `handle` varchar(255) NOT NULL,
  `fieldLayoutId` int DEFAULT NULL,
  `sortOrder` smallint unsigned DEFAULT NULL,
  `dateCreated` datetime NOT NULL,
  `dateUpdated` datetime NOT NULL,
  `uid` char(36) NOT NULL DEFAULT '0',
  PRIMARY KEY (`id`),
  KEY `idx_rbjcxgiexwwutgvqbovxxzkkxkcmrevjcoud` (`name`),
  KEY `idx_bhsjsvdomcmsoztnhiorliecykdkbmrgpstb` (`handle`),
  KEY `idx_uxurlgrsxzqnrtwgbrubvxcoajnouedxeclu` (`fieldLayoutId`),
  KEY `idx_jpzvvkwvuznsveghypfuplaxcifuvqjycmjw` (`sortOrder`),
  CONSTRAINT `fk_kfjtzqofyylzvzvlszfgzgizsnlikmyoifew` FOREIGN KEY (`id`) REFERENCES `elements` (`id`) ON DELETE CASCADE,
  CONSTRAINT `fk_ztvnzstaeaofjvgfmrbreutpzszsqheolljs` FOREIGN KEY (`fieldLayoutId`) REFERENCES `fieldlayouts` (`id`) ON DELETE SET NULL
) ENGINE=InnoDB AUTO_INCREMENT=9 DEFAULT CHARSET=utf8mb3;

CREATE TABLE `gqlschemas` (
  `id` int NOT NULL AUTO_INCREMENT,
  `name` varchar(255) NOT NULL,
  `scope` text,
  `isPublic` tinyint(1) NOT NULL DEFAULT '0',
  `dateCreated` datetime NOT NULL,
  `dateUpdated` datetime NOT NULL,
  `uid` char(36) NOT NULL DEFAULT '0',
  PRIMARY KEY (`id`)
) ENGINE=InnoDB DEFAULT CHARSET=utf8mb3;

CREATE TABLE `gqltokens` (
  `id` int NOT NULL AUTO_INCREMENT,
  `name` varchar(255) NOT NULL,
  `accessToken` varchar(255) NOT NULL,
  `enabled` tinyint(1) NOT NULL DEFAULT '1',
  `expiryDate` datetime DEFAULT NULL,
  `lastUsed` datetime DEFAULT NULL,
  `schemaId` int DEFAULT NULL,
  `dateCreated` datetime NOT NULL,
  `dateUpdated` datetime NOT NULL,
  `uid` char(36) NOT NULL DEFAULT '0',
  PRIMARY KEY (`id`),
  UNIQUE KEY `idx_zmjyzmjoanmierwjhjwjclbpiwexxtalvqty` (`accessToken`),
  UNIQUE KEY `idx_iistdoqmmmzrocmxhlwqnacviwsenxkjoeqa` (`name`),
  KEY `fk_tpbdbaigdaeavohjninnptmmuyoeiakpuvsl` (`schemaId`),
  CONSTRAINT `fk_tpbdbaigdaeavohjninnptmmuyoeiakpuvsl` FOREIGN KEY (`schemaId`) REFERENCES `gqlschemas` (`id`) ON DELETE SET NULL
) ENGINE=InnoDB DEFAULT CHARSET=utf8mb3;

CREATE TABLE `imagetransformindex` (
  `id` int NOT NULL AUTO_INCREMENT,
  `assetId` int NOT NULL,
  `transformer` varchar(255) DEFAULT NULL,
  `filename` varchar(255) DEFAULT NULL,
  `format` varchar(255) DEFAULT NULL,
  `transformString` varchar(255) NOT NULL,
  `fileExists` tinyint(1) NOT NULL DEFAULT '0',
  `inProgress` tinyint(1) NOT NULL DEFAULT '0',
  `error` tinyint(1) NOT NULL DEFAULT '0',
  `dateIndexed` datetime DEFAULT NULL,
  `dateCreated` datetime NOT NULL,
  `dateUpdated` datetime NOT NULL,
  `uid` char(36) NOT NULL DEFAULT '0',
  PRIMARY KEY (`id`),
  KEY `idx_owsfqzefgojzehdxdmcwgrlxxyxkfcbayxmz` (`assetId`,`transformString`)
) ENGINE=InnoDB AUTO_INCREMENT=59 DEFAULT CHARSET=utf8mb3;

CREATE TABLE `imagetransforms` (
  `id` int NOT NULL AUTO_INCREMENT,
  `name` varchar(255) NOT NULL,
  `handle` varchar(255) NOT NULL,
  `mode` enum('stretch','fit','crop') NOT NULL DEFAULT 'crop',
  `position` enum('top-left','top-center','top-right','center-left','center-center','center-right','bottom-left','bottom-center','bottom-right') NOT NULL DEFAULT 'center-center',
  `width` int unsigned DEFAULT NULL,
  `height` int unsigned DEFAULT NULL,
  `format` varchar(255) DEFAULT NULL,
  `quality` int DEFAULT NULL,
  `interlace` enum('none','line','plane','partition') NOT NULL DEFAULT 'none',
  `parameterChangeTime` datetime DEFAULT NULL,
  `dateCreated` datetime NOT NULL,
  `dateUpdated` datetime NOT NULL,
  `uid` char(36) NOT NULL DEFAULT '0',
  PRIMARY KEY (`id`),
  KEY `idx_hkmbygxfgkgoxmekvxxatyjcwkzloswuqdzv` (`name`),
  KEY `idx_hxotklpbwdodysrigxprsynuoacjqdyxienv` (`handle`)
) ENGINE=InnoDB DEFAULT CHARSET=utf8mb3;

CREATE TABLE `info` (
  `id` int NOT NULL AUTO_INCREMENT,
  `version` varchar(50) NOT NULL,
  `schemaVersion` varchar(15) NOT NULL,
  `maintenance` tinyint(1) NOT NULL DEFAULT '0',
  `configVersion` char(12) NOT NULL DEFAULT '000000000000',
  `fieldVersion` char(12) NOT NULL DEFAULT '000000000000',
  `dateCreated` datetime NOT NULL,
  `dateUpdated` datetime NOT NULL,
  `uid` char(36) NOT NULL DEFAULT '0',
  PRIMARY KEY (`id`)
) ENGINE=InnoDB AUTO_INCREMENT=2 DEFAULT CHARSET=utf8mb3;

CREATE TABLE `lenz_linkfield` (
  `id` int NOT NULL AUTO_INCREMENT,
  `elementId` int NOT NULL,
  `fieldId` int NOT NULL,
  `siteId` int NOT NULL,
  `type` varchar(63) DEFAULT NULL,
  `linkedUrl` text,
  `linkedId` int DEFAULT NULL,
  `linkedSiteId` int DEFAULT NULL,
  `linkedTitle` varchar(255) DEFAULT NULL,
  `payload` text,
  `dateCreated` datetime NOT NULL,
  `dateUpdated` datetime NOT NULL,
  `uid` char(36) NOT NULL DEFAULT '0',
  PRIMARY KEY (`id`),
  UNIQUE KEY `idx_teowjmwtwgpttdghrhmpywjpivvpqopizazm` (`elementId`,`siteId`,`fieldId`),
  KEY `idx_fglbjfkyblystruigohtflhkzjmlwtmwaztt` (`fieldId`),
  KEY `idx_gfehkdyeawstjkjcpvnfggzcxnewiujgjcsj` (`siteId`),
  KEY `fk_hpuhklnqglgpnuajgseqtlrusmazgavrscni` (`linkedId`),
  KEY `fk_xzzrmnpwspctwgiftocuqarhtfivrhmwjhyr` (`linkedSiteId`),
  CONSTRAINT `fk_foitphtsouljyykairuqdwmgavpaasffkscb` FOREIGN KEY (`elementId`) REFERENCES `elements` (`id`) ON DELETE CASCADE,
  CONSTRAINT `fk_gqteoxrtaccnoqkrwcvxfdmdyejnkycjiyfg` FOREIGN KEY (`fieldId`) REFERENCES `fields` (`id`) ON DELETE CASCADE,
  CONSTRAINT `fk_hpuhklnqglgpnuajgseqtlrusmazgavrscni` FOREIGN KEY (`linkedId`) REFERENCES `elements` (`id`) ON DELETE SET NULL ON UPDATE SET NULL,
  CONSTRAINT `fk_xzzrmnpwspctwgiftocuqarhtfivrhmwjhyr` FOREIGN KEY (`linkedSiteId`) REFERENCES `sites` (`id`) ON DELETE SET NULL ON UPDATE SET NULL
) ENGINE=InnoDB AUTO_INCREMENT=3 DEFAULT CHARSET=utf8mb3;

CREATE TABLE `matrixblocks` (
  `id` int NOT NULL,
  `primaryOwnerId` int NOT NULL,
  `fieldId` int NOT NULL,
  `typeId` int NOT NULL,
  `deletedWithOwner` tinyint(1) DEFAULT NULL,
  `dateCreated` datetime NOT NULL,
  `dateUpdated` datetime NOT NULL,
  PRIMARY KEY (`id`),
  KEY `idx_rkzpfiquhtsbmkviuabizlrkdjulacpydjtd` (`primaryOwnerId`),
  KEY `idx_xcpcpmyngeethvjhqasashblyxmtkfqlofnc` (`fieldId`),
  KEY `idx_xdrdphydlwdwrvmlgtncaazclzuwtufiaqjh` (`typeId`),
  CONSTRAINT `fk_mlaarbynpgynggqqiizyjjkddtvwyuhdiaov` FOREIGN KEY (`primaryOwnerId`) REFERENCES `elements` (`id`) ON DELETE CASCADE,
  CONSTRAINT `fk_vclwdsprhuswctxojlnouyzpngiyughopodc` FOREIGN KEY (`fieldId`) REFERENCES `fields` (`id`) ON DELETE CASCADE,
  CONSTRAINT `fk_wovpnzjimdousehxmehjvhnxreoklgwuttcd` FOREIGN KEY (`id`) REFERENCES `elements` (`id`) ON DELETE CASCADE,
  CONSTRAINT `fk_ygyjaokuwvvlsyfhtmfpsrvrlcxfenrmizcc` FOREIGN KEY (`typeId`) REFERENCES `matrixblocktypes` (`id`) ON DELETE CASCADE
) ENGINE=InnoDB DEFAULT CHARSET=utf8mb3;

CREATE TABLE `matrixblocks_owners` (
  `blockId` int NOT NULL,
  `ownerId` int NOT NULL,
  `sortOrder` smallint unsigned NOT NULL,
  PRIMARY KEY (`blockId`,`ownerId`),
  KEY `fk_iswhvqihersontdgpadvhhfxdicsiiyxocrc` (`ownerId`),
  CONSTRAINT `fk_iswhvqihersontdgpadvhhfxdicsiiyxocrc` FOREIGN KEY (`ownerId`) REFERENCES `elements` (`id`) ON DELETE CASCADE,
  CONSTRAINT `fk_yhhmcuxbcwgtztunzwjcvzozdcwurpkjlqqm` FOREIGN KEY (`blockId`) REFERENCES `matrixblocks` (`id`) ON DELETE CASCADE
) ENGINE=InnoDB DEFAULT CHARSET=utf8mb3;

CREATE TABLE `matrixblocktypes` (
  `id` int NOT NULL AUTO_INCREMENT,
  `fieldId` int NOT NULL,
  `fieldLayoutId` int DEFAULT NULL,
  `name` varchar(255) NOT NULL,
  `handle` varchar(255) NOT NULL,
  `sortOrder` smallint unsigned DEFAULT NULL,
  `dateCreated` datetime NOT NULL,
  `dateUpdated` datetime NOT NULL,
  `uid` char(36) NOT NULL DEFAULT '0',
  PRIMARY KEY (`id`),
  KEY `idx_sepkurydrsgdrpuavgmykwxmapovazkspuhy` (`name`,`fieldId`),
  KEY `idx_rtregfpgnajuntdcbvupmgzsgnxulkfewxrl` (`handle`,`fieldId`),
  KEY `idx_hfzrnfnwijykclagwlegztjbbwjmcbpoupun` (`fieldId`),
  KEY `idx_qxaxcbnthlburuhzypjgwzxnzctpnijlwpjw` (`fieldLayoutId`),
  CONSTRAINT `fk_nerumentfbbfrstdboktmfekjmuwpgkgnjky` FOREIGN KEY (`fieldLayoutId`) REFERENCES `fieldlayouts` (`id`) ON DELETE SET NULL,
  CONSTRAINT `fk_urbdohzfknztllmxxfrsqbnsakjirgmaygic` FOREIGN KEY (`fieldId`) REFERENCES `fields` (`id`) ON DELETE CASCADE
) ENGINE=InnoDB DEFAULT CHARSET=utf8mb3;

CREATE TABLE `migrations` (
  `id` int NOT NULL AUTO_INCREMENT,
  `track` varchar(255) NOT NULL,
  `name` varchar(255) NOT NULL,
  `applyTime` datetime NOT NULL,
  `dateCreated` datetime NOT NULL,
  `dateUpdated` datetime NOT NULL,
  `uid` char(36) NOT NULL DEFAULT '0',
  PRIMARY KEY (`id`),
  UNIQUE KEY `idx_pniwcytcezpmqelhminninqosihwcwrchtdc` (`track`,`name`)
) ENGINE=InnoDB AUTO_INCREMENT=57 DEFAULT CHARSET=utf8mb3;

CREATE TABLE `neoblocks` (
  `id` int NOT NULL,
  `primaryOwnerId` int NOT NULL,
  `fieldId` int NOT NULL,
  `typeId` int NOT NULL,
  `deletedWithOwner` tinyint(1) DEFAULT NULL,
  `dateCreated` datetime NOT NULL,
  `dateUpdated` datetime NOT NULL,
  PRIMARY KEY (`id`),
  KEY `idx_qndzesyuvdzcavqdhxlqsbpjliabfttoqnta` (`primaryOwnerId`),
  KEY `idx_gekskpatggbeaztpqlgzdettndfhchemlxmk` (`fieldId`),
  KEY `idx_ycpswemdgezfyejueeyqyxozuzwcrauuaiuv` (`typeId`),
  CONSTRAINT `fk_dprajysmgxpxuevsdubixboscwztiiqmsxes` FOREIGN KEY (`id`) REFERENCES `elements` (`id`) ON DELETE CASCADE,
  CONSTRAINT `fk_rpaltyybqjaddasvllhvfyqzdxucvpihngid` FOREIGN KEY (`typeId`) REFERENCES `neoblocktypes` (`id`) ON DELETE CASCADE,
  CONSTRAINT `fk_vgygcvdriadqdmcclijpwdqlaafooxuecxxb` FOREIGN KEY (`primaryOwnerId`) REFERENCES `elements` (`id`) ON DELETE CASCADE,
  CONSTRAINT `fk_xnwvbonhhqdnhmuwtogabuxmictvssustwem` FOREIGN KEY (`fieldId`) REFERENCES `fields` (`id`) ON DELETE CASCADE
) ENGINE=InnoDB DEFAULT CHARSET=utf8mb3;

CREATE TABLE `neoblocks_owners` (
  `blockId` int NOT NULL,
  `ownerId` int NOT NULL,
  `sortOrder` smallint unsigned NOT NULL,
  PRIMARY KEY (`blockId`,`ownerId`),
  KEY `fk_qnfvwiezwlfszlxpxcxobmzrqgweuldgirrx` (`ownerId`),
  CONSTRAINT `fk_bvutvymehhaldacouplekvhyqgdyswbozfnr` FOREIGN KEY (`blockId`) REFERENCES `neoblocks` (`id`) ON DELETE CASCADE,
  CONSTRAINT `fk_qnfvwiezwlfszlxpxcxobmzrqgweuldgirrx` FOREIGN KEY (`ownerId`) REFERENCES `elements` (`id`) ON DELETE CASCADE
) ENGINE=InnoDB DEFAULT CHARSET=utf8mb3;

CREATE TABLE `neoblockstructures` (
  `id` int NOT NULL AUTO_INCREMENT,
  `structureId` int NOT NULL,
  `ownerId` int NOT NULL,
  `siteId` int DEFAULT NULL,
  `fieldId` int NOT NULL,
  `dateCreated` datetime NOT NULL,
  `dateUpdated` datetime NOT NULL,
  `uid` char(36) NOT NULL DEFAULT '0',
  PRIMARY KEY (`id`),
  KEY `idx_wwfdhwovojfrlylvrbjowyejgmxwdziseegy` (`structureId`),
  KEY `idx_lshxlsfaofffgvjsksxyoffuipasqrrutele` (`ownerId`),
  KEY `idx_najoulvptzzmmfvebnyrzjdconnfztfnmpcz` (`siteId`),
  KEY `idx_vxewjsdcxynuiokeoqthisxmqmpujerqzocn` (`fieldId`),
  CONSTRAINT `fk_bmjhvpjagkkaxqdkaomvkvmfcbuilkeerfct` FOREIGN KEY (`fieldId`) REFERENCES `fields` (`id`) ON DELETE CASCADE,
  CONSTRAINT `fk_lofwubytworunmnkxgwfklilfqyqbumrsgsm` FOREIGN KEY (`structureId`) REFERENCES `structures` (`id`) ON DELETE CASCADE,
  CONSTRAINT `fk_rmhggxxuapxxhnvrfciplavudsjzhfmpcsoj` FOREIGN KEY (`siteId`) REFERENCES `sites` (`id`) ON DELETE CASCADE ON UPDATE CASCADE,
  CONSTRAINT `fk_tsldspwhsuuelmokjzaczuihrftetwqbywtg` FOREIGN KEY (`ownerId`) REFERENCES `elements` (`id`) ON DELETE CASCADE
) ENGINE=InnoDB AUTO_INCREMENT=46 DEFAULT CHARSET=utf8mb3;

CREATE TABLE `neoblocktypegroups` (
  `id` int NOT NULL AUTO_INCREMENT,
  `fieldId` int NOT NULL,
  `name` varchar(255) NOT NULL,
  `sortOrder` smallint unsigned DEFAULT NULL,
  `alwaysShowDropdown` tinyint(1) DEFAULT NULL,
  `dateCreated` datetime NOT NULL,
  `dateUpdated` datetime NOT NULL,
  `uid` char(36) NOT NULL DEFAULT '0',
  PRIMARY KEY (`id`),
  KEY `idx_isuhgmondvwonqkwbffrfzfwzdbzaisgkczt` (`name`,`fieldId`),
  KEY `idx_kvuinqxotbnnouzprbvjuvsgiwvbmrjoszie` (`fieldId`),
  CONSTRAINT `fk_bsgsepqtbtcdyaiyxxpfdjyjtydbcyqcsyss` FOREIGN KEY (`fieldId`) REFERENCES `fields` (`id`) ON DELETE CASCADE
) ENGINE=InnoDB DEFAULT CHARSET=utf8mb3;

CREATE TABLE `neoblocktypes` (
  `id` int NOT NULL AUTO_INCREMENT,
  `fieldId` int NOT NULL,
  `fieldLayoutId` int DEFAULT NULL,
  `groupId` int DEFAULT NULL,
  `name` varchar(255) NOT NULL,
  `handle` varchar(255) NOT NULL,
  `description` varchar(255) DEFAULT NULL,
  `iconId` int DEFAULT NULL,
  `enabled` tinyint(1) NOT NULL DEFAULT '1',
  `minBlocks` smallint unsigned DEFAULT '0',
  `maxBlocks` smallint unsigned DEFAULT NULL,
  `minSiblingBlocks` smallint unsigned DEFAULT '0',
  `maxSiblingBlocks` smallint unsigned DEFAULT '0',
  `minChildBlocks` smallint unsigned DEFAULT '0',
  `maxChildBlocks` smallint unsigned DEFAULT NULL,
  `groupChildBlockTypes` tinyint(1) NOT NULL DEFAULT '1',
  `childBlocks` text,
  `topLevel` tinyint(1) NOT NULL DEFAULT '1',
  `ignorePermissions` tinyint(1) NOT NULL DEFAULT '1',
  `sortOrder` smallint unsigned DEFAULT NULL,
  `conditions` text,
  `dateCreated` datetime NOT NULL,
  `dateUpdated` datetime NOT NULL,
  `uid` char(36) NOT NULL DEFAULT '0',
  PRIMARY KEY (`id`),
  UNIQUE KEY `idx_iundhhrvtfhuijbncoybupgngkmylbagptdf` (`handle`,`fieldId`),
  KEY `idx_ggtqzlntcalprjjhjeguzibvmoivgloawesl` (`name`,`fieldId`),
  KEY `idx_blfbfrajxodvhqkefgqlygnbhwmznxfyhyyo` (`fieldId`),
  KEY `idx_kqhxtcunzbdrctxsqupgltdtczbcewadaxax` (`fieldLayoutId`),
  KEY `idx_chwdsgwgmxswaafxjhfjxeliojtxxsvfvpdb` (`groupId`),
  KEY `fk_cubehlszwefdqbxexrqhcxesfnpoucoahdgr` (`iconId`),
  CONSTRAINT `fk_aacwvwhtvykjzgfosdozxpvfnbefmgiabteb` FOREIGN KEY (`fieldId`) REFERENCES `fields` (`id`) ON DELETE CASCADE,
  CONSTRAINT `fk_arycykviacsimhjyaykwvtbiyhejmkaccccj` FOREIGN KEY (`groupId`) REFERENCES `neoblocktypegroups` (`id`) ON DELETE SET NULL,
  CONSTRAINT `fk_cubehlszwefdqbxexrqhcxesfnpoucoahdgr` FOREIGN KEY (`iconId`) REFERENCES `assets` (`id`) ON DELETE SET NULL,
  CONSTRAINT `fk_owbgzqocjaqwnxbmgiuzxkudoccpmtpkheih` FOREIGN KEY (`fieldLayoutId`) REFERENCES `fieldlayouts` (`id`) ON DELETE SET NULL
) ENGINE=InnoDB AUTO_INCREMENT=6 DEFAULT CHARSET=utf8mb3;

CREATE TABLE `plugins` (
  `id` int NOT NULL AUTO_INCREMENT,
  `handle` varchar(255) NOT NULL,
  `version` varchar(255) NOT NULL,
  `schemaVersion` varchar(255) NOT NULL,
  `licenseKeyStatus` enum('valid','trial','invalid','mismatched','astray','unknown') NOT NULL DEFAULT 'unknown',
  `licensedEdition` varchar(255) DEFAULT NULL,
  `installDate` datetime NOT NULL,
  `dateCreated` datetime NOT NULL,
  `dateUpdated` datetime NOT NULL,
  `uid` char(36) NOT NULL DEFAULT '0',
  PRIMARY KEY (`id`),
  UNIQUE KEY `idx_smwjwknkjtxuenauwegckqjzrlkwyzqgcimw` (`handle`)
) ENGINE=InnoDB AUTO_INCREMENT=12 DEFAULT CHARSET=utf8mb3;

CREATE TABLE `projectconfig` (
  `path` varchar(255) NOT NULL,
  `value` text NOT NULL,
  PRIMARY KEY (`path`)
) ENGINE=InnoDB DEFAULT CHARSET=utf8mb3;

CREATE TABLE `queue` (
  `id` int NOT NULL AUTO_INCREMENT,
  `channel` varchar(255) NOT NULL DEFAULT 'queue',
  `job` longblob NOT NULL,
  `description` text,
  `timePushed` int NOT NULL,
  `ttr` int NOT NULL,
  `delay` int NOT NULL DEFAULT '0',
  `priority` int unsigned NOT NULL DEFAULT '1024',
  `dateReserved` datetime DEFAULT NULL,
  `timeUpdated` int DEFAULT NULL,
  `progress` smallint NOT NULL DEFAULT '0',
  `progressLabel` varchar(255) DEFAULT NULL,
  `attempt` int DEFAULT NULL,
  `fail` tinyint(1) DEFAULT '0',
  `dateFailed` datetime DEFAULT NULL,
  `error` text,
  PRIMARY KEY (`id`),
  KEY `idx_voobedjinalpehhglzyzbxepiswrzrqdofwa` (`channel`,`fail`,`timeUpdated`,`timePushed`),
  KEY `idx_pcgxoqgkpiyitlgexzskgyvqpzsydzbtpnbd` (`channel`,`fail`,`timeUpdated`,`delay`)
) ENGINE=InnoDB AUTO_INCREMENT=394 DEFAULT CHARSET=utf8mb3;

CREATE TABLE `relations` (
  `id` int NOT NULL AUTO_INCREMENT,
  `fieldId` int NOT NULL,
  `sourceId` int NOT NULL,
  `sourceSiteId` int DEFAULT NULL,
  `targetId` int NOT NULL,
  `sortOrder` smallint unsigned DEFAULT NULL,
  `dateCreated` datetime NOT NULL,
  `dateUpdated` datetime NOT NULL,
  `uid` char(36) NOT NULL DEFAULT '0',
  PRIMARY KEY (`id`),
  UNIQUE KEY `idx_fzuqxhpagvrbdoyeytqdvzmkaicovqhiagga` (`fieldId`,`sourceId`,`sourceSiteId`,`targetId`),
  KEY `idx_goxaiignytormpadhnfjitcyfoaipdgqenfr` (`sourceId`),
  KEY `idx_betfmyvsydvaaeryieaqncqynsogrqajezzq` (`targetId`),
  KEY `idx_kpzecidoqncbmekqtstswmqzhxkpnygrbvap` (`sourceSiteId`),
  CONSTRAINT `fk_twraaweuhpfvxhvolfmsmcbqibuvyzpjwufu` FOREIGN KEY (`sourceId`) REFERENCES `elements` (`id`) ON DELETE CASCADE,
  CONSTRAINT `fk_vgssuvwkvokgynxdtgswhdobbqudpznmtclw` FOREIGN KEY (`sourceSiteId`) REFERENCES `sites` (`id`) ON DELETE CASCADE ON UPDATE CASCADE,
  CONSTRAINT `fk_xxqiraxwclrdsgiewytmydtnjbxdvduhmxwg` FOREIGN KEY (`fieldId`) REFERENCES `fields` (`id`) ON DELETE CASCADE,
  CONSTRAINT `fk_zrocuvidzctugttlffofrquwsiekosrjonlo` FOREIGN KEY (`targetId`) REFERENCES `elements` (`id`) ON DELETE CASCADE
) ENGINE=InnoDB AUTO_INCREMENT=257 DEFAULT CHARSET=utf8mb3;

CREATE TABLE `resourcepaths` (
  `hash` varchar(255) NOT NULL,
  `path` varchar(255) NOT NULL,
  PRIMARY KEY (`hash`)
) ENGINE=InnoDB DEFAULT CHARSET=utf8mb3;

CREATE TABLE `revisions` (
  `id` int NOT NULL AUTO_INCREMENT,
  `canonicalId` int NOT NULL,
  `creatorId` int DEFAULT NULL,
  `num` int NOT NULL,
  `notes` text,
  PRIMARY KEY (`id`),
  UNIQUE KEY `idx_xtwjwftwnhpvffqnqzhwtoamfpjuvstfgdrs` (`canonicalId`,`num`),
  KEY `fk_wfnyvxldejqchrizpyprnvkhaqbpugougwbv` (`creatorId`),
  CONSTRAINT `fk_kqwdduoxijnaafqnzpolpnhxhbgcctipemlv` FOREIGN KEY (`canonicalId`) REFERENCES `elements` (`id`) ON DELETE CASCADE,
  CONSTRAINT `fk_wfnyvxldejqchrizpyprnvkhaqbpugougwbv` FOREIGN KEY (`creatorId`) REFERENCES `users` (`id`) ON DELETE SET NULL
) ENGINE=InnoDB AUTO_INCREMENT=64 DEFAULT CHARSET=utf8mb3;

CREATE TABLE `searchindex` (
  `elementId` int NOT NULL,
  `attribute` varchar(25) NOT NULL,
  `fieldId` int NOT NULL,
  `siteId` int NOT NULL,
  `keywords` text NOT NULL,
  PRIMARY KEY (`elementId`,`attribute`,`fieldId`,`siteId`),
  FULLTEXT KEY `idx_vqeabjwxrfxxdselqxbcmgkqexyrsutccfbf` (`keywords`)
) ENGINE=InnoDB DEFAULT CHARSET=utf8mb3;

CREATE TABLE `sections` (
  `id` int NOT NULL AUTO_INCREMENT,
  `structureId` int DEFAULT NULL,
  `name` varchar(255) NOT NULL,
  `handle` varchar(255) NOT NULL,
  `type` enum('single','channel','structure') NOT NULL DEFAULT 'channel',
  `enableVersioning` tinyint(1) NOT NULL DEFAULT '0',
  `propagationMethod` varchar(255) NOT NULL DEFAULT 'all',
  `defaultPlacement` enum('beginning','end') NOT NULL DEFAULT 'end',
  `previewTargets` text,
  `dateCreated` datetime NOT NULL,
  `dateUpdated` datetime NOT NULL,
  `dateDeleted` datetime DEFAULT NULL,
  `uid` char(36) NOT NULL DEFAULT '0',
  PRIMARY KEY (`id`),
  KEY `idx_tszvpncikkhtwdtloqxnifodxlpadikyycni` (`handle`),
  KEY `idx_jmckypeaiecpmseioufxwrgsuungnhsgqrrt` (`name`),
  KEY `idx_zybmuqstfujfjheopqfhrcftsljmqysqcqun` (`structureId`),
  KEY `idx_mgwadoapxslwhpckefygiwvcmqcitezygozl` (`dateDeleted`),
  CONSTRAINT `fk_tefotuujhdwbzmkprcfwkkcrquljendkzkjk` FOREIGN KEY (`structureId`) REFERENCES `structures` (`id`) ON DELETE SET NULL
) ENGINE=InnoDB AUTO_INCREMENT=5 DEFAULT CHARSET=utf8mb3;

CREATE TABLE `sections_sites` (
  `id` int NOT NULL AUTO_INCREMENT,
  `sectionId` int NOT NULL,
  `siteId` int NOT NULL,
  `hasUrls` tinyint(1) NOT NULL DEFAULT '1',
  `uriFormat` text,
  `template` varchar(500) DEFAULT NULL,
  `enabledByDefault` tinyint(1) NOT NULL DEFAULT '1',
  `dateCreated` datetime NOT NULL,
  `dateUpdated` datetime NOT NULL,
  `uid` char(36) NOT NULL DEFAULT '0',
  PRIMARY KEY (`id`),
  UNIQUE KEY `idx_hlrsfduweqdsfkxwzhswuocninfkyoyuqtvr` (`sectionId`,`siteId`),
  KEY `idx_fdmwhjraqrgdrpjcowpouotclncprrafbahy` (`siteId`),
  CONSTRAINT `fk_gebztntazopskfssczaemudctvpxcmlbwedb` FOREIGN KEY (`sectionId`) REFERENCES `sections` (`id`) ON DELETE CASCADE,
  CONSTRAINT `fk_otpogxnkqfrkdqakdrevlqsgfnqjxidpvipz` FOREIGN KEY (`siteId`) REFERENCES `sites` (`id`) ON DELETE CASCADE ON UPDATE CASCADE
) ENGINE=InnoDB AUTO_INCREMENT=5 DEFAULT CHARSET=utf8mb3;

CREATE TABLE `seo_redirects` (
  `id` int NOT NULL AUTO_INCREMENT,
  `uri` varchar(255) NOT NULL,
  `to` varchar(255) NOT NULL,
  `type` enum('301','302') NOT NULL,
  `siteId` int DEFAULT NULL,
  `order` int DEFAULT NULL,
  `dateCreated` datetime NOT NULL,
  `dateUpdated` datetime NOT NULL,
  `uid` char(36) NOT NULL DEFAULT '0',
  PRIMARY KEY (`id`)
) ENGINE=InnoDB DEFAULT CHARSET=utf8mb3;

CREATE TABLE `seo_sitemap` (
  `id` int NOT NULL AUTO_INCREMENT,
  `group` enum('sections','categories','productTypes','customUrls') NOT NULL,
  `url` varchar(255) NOT NULL,
  `frequency` enum('always','hourly','daily','weekly','monthly','yearly','never') NOT NULL,
  `priority` float NOT NULL,
  `enabled` tinyint(1) NOT NULL DEFAULT '0',
  `dateCreated` datetime NOT NULL,
  `dateUpdated` datetime NOT NULL,
  `uid` char(36) NOT NULL DEFAULT '0',
  PRIMARY KEY (`id`)
) ENGINE=InnoDB DEFAULT CHARSET=utf8mb3;

CREATE TABLE `sequences` (
  `name` varchar(255) NOT NULL,
  `next` int unsigned NOT NULL DEFAULT '1',
  PRIMARY KEY (`name`)
) ENGINE=InnoDB DEFAULT CHARSET=utf8mb3;

CREATE TABLE `sessions` (
  `id` int NOT NULL AUTO_INCREMENT,
  `userId` int NOT NULL,
  `token` char(100) NOT NULL,
  `dateCreated` datetime NOT NULL,
  `dateUpdated` datetime NOT NULL,
  `uid` char(36) NOT NULL DEFAULT '0',
  PRIMARY KEY (`id`),
  KEY `idx_cxkgujfxcwedretmmetadfstaarkiiildzle` (`uid`),
  KEY `idx_solknfmtehijqctqcfgwjobefxnhjtfxtlgw` (`token`),
  KEY `idx_eytpgnbynwflrgzndjqaklhnwkeqjphyszbl` (`dateUpdated`),
  KEY `idx_czpttxhduwiiquqtipzhvhufvagdrfzfdrgp` (`userId`),
  CONSTRAINT `fk_imzfphnykifcdruirmmcsmbwmqnncbwugcgy` FOREIGN KEY (`userId`) REFERENCES `users` (`id`) ON DELETE CASCADE
) ENGINE=InnoDB AUTO_INCREMENT=6 DEFAULT CHARSET=utf8mb3;

CREATE TABLE `shunnedmessages` (
  `id` int NOT NULL AUTO_INCREMENT,
  `userId` int NOT NULL,
  `message` varchar(255) NOT NULL,
  `expiryDate` datetime DEFAULT NULL,
  `dateCreated` datetime NOT NULL,
  `dateUpdated` datetime NOT NULL,
  `uid` char(36) NOT NULL DEFAULT '0',
  PRIMARY KEY (`id`),
  UNIQUE KEY `idx_xrjdydwwzepepexydaqyvmjjkpdcyutnvncu` (`userId`,`message`),
  CONSTRAINT `fk_nqkkiuitkcuzitfdxzcahupsyqjmpahybyxi` FOREIGN KEY (`userId`) REFERENCES `users` (`id`) ON DELETE CASCADE
) ENGINE=InnoDB DEFAULT CHARSET=utf8mb3;

CREATE TABLE `sitegroups` (
  `id` int NOT NULL AUTO_INCREMENT,
  `name` varchar(255) NOT NULL,
  `dateCreated` datetime NOT NULL,
  `dateUpdated` datetime NOT NULL,
  `dateDeleted` datetime DEFAULT NULL,
  `uid` char(36) NOT NULL DEFAULT '0',
  PRIMARY KEY (`id`),
  KEY `idx_mfnzrizdugwcvqbksokqjgfnqmibfznljuht` (`name`)
) ENGINE=InnoDB AUTO_INCREMENT=2 DEFAULT CHARSET=utf8mb3;

CREATE TABLE `sites` (
  `id` int NOT NULL AUTO_INCREMENT,
  `groupId` int NOT NULL,
  `primary` tinyint(1) NOT NULL,
  `enabled` varchar(255) NOT NULL DEFAULT 'true',
  `name` varchar(255) NOT NULL,
  `handle` varchar(255) NOT NULL,
  `language` varchar(12) NOT NULL,
  `hasUrls` tinyint(1) NOT NULL DEFAULT '0',
  `baseUrl` varchar(255) DEFAULT NULL,
  `sortOrder` smallint unsigned DEFAULT NULL,
  `dateCreated` datetime NOT NULL,
  `dateUpdated` datetime NOT NULL,
  `dateDeleted` datetime DEFAULT NULL,
  `uid` char(36) NOT NULL DEFAULT '0',
  PRIMARY KEY (`id`),
  KEY `idx_qgqdfmydhocslumlbetqfjuppyungwhjkjqm` (`dateDeleted`),
  KEY `idx_fxmekbvphaqynxrmxxeqvlrucahjpvvjmwse` (`handle`),
  KEY `idx_kojdtfvkjcewgqkiucijguaaqcrccpwyehxm` (`sortOrder`),
  KEY `fk_aqrynhmnkonojkrrtigcacisavnhrexhnrqz` (`groupId`),
  CONSTRAINT `fk_aqrynhmnkonojkrrtigcacisavnhrexhnrqz` FOREIGN KEY (`groupId`) REFERENCES `sitegroups` (`id`) ON DELETE CASCADE
) ENGINE=InnoDB AUTO_INCREMENT=2 DEFAULT CHARSET=utf8mb3;

CREATE TABLE `stc_links` (
  `id` int NOT NULL AUTO_INCREMENT,
  `elementId` int NOT NULL,
  `siteId` int NOT NULL,
  `dateCreated` datetime NOT NULL,
  `dateUpdated` datetime NOT NULL,
  `uid` char(36) NOT NULL DEFAULT '0',
  PRIMARY KEY (`id`),
  UNIQUE KEY `idx_etsqjrhnwjbboqdnqhmogmrwmkudavbqqvma` (`elementId`,`siteId`),
  KEY `fk_eagdqyrhxgnaudtmceirfraokegwrinxnisf` (`siteId`),
  CONSTRAINT `fk_eagdqyrhxgnaudtmceirfraokegwrinxnisf` FOREIGN KEY (`siteId`) REFERENCES `sites` (`id`) ON DELETE CASCADE ON UPDATE CASCADE,
  CONSTRAINT `fk_wlqjbihivkflbzydraqguwmqatdpmkcmrvwa` FOREIGN KEY (`elementId`) REFERENCES `elements` (`id`) ON DELETE CASCADE
) ENGINE=InnoDB AUTO_INCREMENT=2 DEFAULT CHARSET=utf8mb3;

CREATE TABLE `structureelements` (
  `id` int NOT NULL AUTO_INCREMENT,
  `structureId` int NOT NULL,
  `elementId` int DEFAULT NULL,
  `root` int unsigned DEFAULT NULL,
  `lft` int unsigned NOT NULL,
  `rgt` int unsigned NOT NULL,
  `level` smallint unsigned NOT NULL,
  `dateCreated` datetime NOT NULL,
  `dateUpdated` datetime NOT NULL,
  `uid` char(36) NOT NULL DEFAULT '0',
  PRIMARY KEY (`id`),
  UNIQUE KEY `idx_clvezhuwlybailwgqrfhpccjgjhrqbnrwdgp` (`structureId`,`elementId`),
  KEY `idx_ymahnqoegmouqfwuuqdxqpazcnsalfgpbbis` (`root`),
  KEY `idx_goryxvxlelfhrbmgcfeswrkqnhmxwzdqlcgt` (`lft`),
  KEY `idx_sqpgwgnokmnxtgsjzpzywmtnmufnkbckurui` (`rgt`),
  KEY `idx_eobvzlvtwsqdktuyutayuoctqiughqhzfdvn` (`level`),
  KEY `idx_srpckhwskrkuezrfjzukdsqeqlpdnhlrrhva` (`elementId`),
  CONSTRAINT `fk_tertnmthrhjvredwexplygwuvlljrhovazxh` FOREIGN KEY (`elementId`) REFERENCES `elements` (`id`) ON DELETE CASCADE,
  CONSTRAINT `fk_vrbgdwaodkroepdscugaisfeupgwmuseuaqc` FOREIGN KEY (`structureId`) REFERENCES `structures` (`id`) ON DELETE CASCADE
) ENGINE=InnoDB AUTO_INCREMENT=116 DEFAULT CHARSET=utf8mb3;

CREATE TABLE `structures` (
  `id` int NOT NULL AUTO_INCREMENT,
  `maxLevels` smallint unsigned DEFAULT NULL,
  `dateCreated` datetime NOT NULL,
  `dateUpdated` datetime NOT NULL,
  `dateDeleted` datetime DEFAULT NULL,
  `uid` char(36) NOT NULL DEFAULT '0',
  PRIMARY KEY (`id`),
  KEY `idx_zjsyqgqjespqlkxdqutipfdzbccpuaqnvzrn` (`dateDeleted`)
) ENGINE=InnoDB AUTO_INCREMENT=40 DEFAULT CHARSET=utf8mb3;

CREATE TABLE `supertableblocks` (
  `id` int NOT NULL,
  `primaryOwnerId` int NOT NULL,
  `fieldId` int NOT NULL,
  `typeId` int NOT NULL,
  `deletedWithOwner` tinyint(1) DEFAULT NULL,
  `dateCreated` datetime NOT NULL,
  `dateUpdated` datetime NOT NULL,
  PRIMARY KEY (`id`),
  KEY `idx_itfgjrghfbxftxvblhsarbstjeewnqrsteaf` (`primaryOwnerId`),
  KEY `idx_ntaiklwkpzvwtfdzcukidjyawpeluffilesz` (`fieldId`),
  KEY `idx_biluyhzgxdhxgplwucxaqorlvdbahemecxin` (`typeId`),
  CONSTRAINT `fk_lewgjhwmgcoiyfapzakclvodzfguniavmpst` FOREIGN KEY (`primaryOwnerId`) REFERENCES `elements` (`id`) ON DELETE CASCADE,
  CONSTRAINT `fk_rwwgbrszjouurvnknpyexvtmfpbspaylkjpr` FOREIGN KEY (`fieldId`) REFERENCES `fields` (`id`) ON DELETE CASCADE,
  CONSTRAINT `fk_zcnmvzvklihhhxksyeenvvfoahkmviclijly` FOREIGN KEY (`id`) REFERENCES `elements` (`id`) ON DELETE CASCADE,
  CONSTRAINT `fk_ziurhsggbcnqidoxsibrrwrhkeefglqotums` FOREIGN KEY (`typeId`) REFERENCES `supertableblocktypes` (`id`) ON DELETE CASCADE
) ENGINE=InnoDB DEFAULT CHARSET=utf8mb3;

CREATE TABLE `supertableblocks_owners` (
  `blockId` int NOT NULL,
  `ownerId` int NOT NULL,
  `sortOrder` smallint unsigned NOT NULL,
  PRIMARY KEY (`blockId`,`ownerId`),
  KEY `fk_znkqstxpgkvkqbipkmneuulpenzvvzsdoxyg` (`ownerId`),
  CONSTRAINT `fk_egtcljaaosmhjdufydrxdhvgbbpswrkyektf` FOREIGN KEY (`blockId`) REFERENCES `supertableblocks` (`id`) ON DELETE CASCADE,
  CONSTRAINT `fk_znkqstxpgkvkqbipkmneuulpenzvvzsdoxyg` FOREIGN KEY (`ownerId`) REFERENCES `elements` (`id`) ON DELETE CASCADE
) ENGINE=InnoDB DEFAULT CHARSET=utf8mb3;

CREATE TABLE `supertableblocktypes` (
  `id` int NOT NULL AUTO_INCREMENT,
  `fieldId` int NOT NULL,
  `fieldLayoutId` int DEFAULT NULL,
  `dateCreated` datetime NOT NULL,
  `dateUpdated` datetime NOT NULL,
  `uid` char(36) NOT NULL DEFAULT '0',
  PRIMARY KEY (`id`),
  KEY `idx_jjasqcikdcpknnytuiuihpcnmnrcxpyspokl` (`fieldId`),
  KEY `idx_vaaufbrkmqmfinotqvhtfphgbgjqwhankdgg` (`fieldLayoutId`),
  CONSTRAINT `fk_ecivsfmuropfitfbaxfraqcsjmuignisdqwu` FOREIGN KEY (`fieldLayoutId`) REFERENCES `fieldlayouts` (`id`) ON DELETE SET NULL,
  CONSTRAINT `fk_eskommgpmgfqoljwpbqybugwbhimtcwesbhb` FOREIGN KEY (`fieldId`) REFERENCES `fields` (`id`) ON DELETE CASCADE
) ENGINE=InnoDB AUTO_INCREMENT=2 DEFAULT CHARSET=utf8mb3;

CREATE TABLE `systemmessages` (
  `id` int NOT NULL AUTO_INCREMENT,
  `language` varchar(255) NOT NULL,
  `key` varchar(255) NOT NULL,
  `subject` text NOT NULL,
  `body` text NOT NULL,
  `dateCreated` datetime NOT NULL,
  `dateUpdated` datetime NOT NULL,
  `uid` char(36) NOT NULL DEFAULT '0',
  PRIMARY KEY (`id`),
  UNIQUE KEY `idx_jsbgcpndagakqynyqmmzreobayaqjlxolzdt` (`key`,`language`),
  KEY `idx_froragisufnijrqseadgjtsmiyujuwolqzqb` (`language`)
) ENGINE=InnoDB DEFAULT CHARSET=utf8mb3;

CREATE TABLE `taggroups` (
  `id` int NOT NULL AUTO_INCREMENT,
  `name` varchar(255) NOT NULL,
  `handle` varchar(255) NOT NULL,
  `fieldLayoutId` int DEFAULT NULL,
  `dateCreated` datetime NOT NULL,
  `dateUpdated` datetime NOT NULL,
  `dateDeleted` datetime DEFAULT NULL,
  `uid` char(36) NOT NULL DEFAULT '0',
  PRIMARY KEY (`id`),
  KEY `idx_bixlxchpduruawsqgecqulxctciutnobowwi` (`name`),
  KEY `idx_csmjdqsepfsdjualaywkeyyzxvvwoaeyyzpw` (`handle`),
  KEY `idx_wijnenautgyfkzflocclmaoglunkdylpgcln` (`dateDeleted`),
  KEY `fk_ypitnqndobipmrpvvujhzpsftpdzydlxoowd` (`fieldLayoutId`),
  CONSTRAINT `fk_ypitnqndobipmrpvvujhzpsftpdzydlxoowd` FOREIGN KEY (`fieldLayoutId`) REFERENCES `fieldlayouts` (`id`) ON DELETE SET NULL
) ENGINE=InnoDB DEFAULT CHARSET=utf8mb3;

CREATE TABLE `tags` (
  `id` int NOT NULL,
  `groupId` int NOT NULL,
  `deletedWithGroup` tinyint(1) DEFAULT NULL,
  `dateCreated` datetime NOT NULL,
  `dateUpdated` datetime NOT NULL,
  PRIMARY KEY (`id`),
  KEY `idx_irwkksutzjofdftdcikmurjlxkydizpkwiih` (`groupId`),
  CONSTRAINT `fk_apgedikiiixaaoutnmhwtbvzsssmagzlkvqu` FOREIGN KEY (`groupId`) REFERENCES `taggroups` (`id`) ON DELETE CASCADE,
  CONSTRAINT `fk_jedjunjnfmjtjrxwsxviuzokxlbyldtkxvbi` FOREIGN KEY (`id`) REFERENCES `elements` (`id`) ON DELETE CASCADE
) ENGINE=InnoDB DEFAULT CHARSET=utf8mb3;

CREATE TABLE `tokens` (
  `id` int NOT NULL AUTO_INCREMENT,
  `token` char(32) NOT NULL,
  `route` text,
  `usageLimit` tinyint unsigned DEFAULT NULL,
  `usageCount` tinyint unsigned DEFAULT NULL,
  `expiryDate` datetime NOT NULL,
  `dateCreated` datetime NOT NULL,
  `dateUpdated` datetime NOT NULL,
  `uid` char(36) NOT NULL DEFAULT '0',
  PRIMARY KEY (`id`),
  UNIQUE KEY `idx_pknwiwxsykatftmxyqqiawwbqyynrfueadgt` (`token`),
  KEY `idx_kqiwipkyzcpsuaipnbthuoxigruxwduskidv` (`expiryDate`)
) ENGINE=InnoDB DEFAULT CHARSET=utf8mb3;

CREATE TABLE `usergroups` (
  `id` int NOT NULL AUTO_INCREMENT,
  `name` varchar(255) NOT NULL,
  `handle` varchar(255) NOT NULL,
  `description` text,
  `dateCreated` datetime NOT NULL,
  `dateUpdated` datetime NOT NULL,
  `uid` char(36) NOT NULL DEFAULT '0',
  PRIMARY KEY (`id`),
  KEY `idx_hnuowusebyxixjbrfcftzmrpgrfrwvspmlve` (`handle`),
  KEY `idx_fdvupoatkquvwxfymxjtqirphmtlleztkfcq` (`name`)
) ENGINE=InnoDB DEFAULT CHARSET=utf8mb3;

CREATE TABLE `usergroups_users` (
  `id` int NOT NULL AUTO_INCREMENT,
  `groupId` int NOT NULL,
  `userId` int NOT NULL,
  `dateCreated` datetime NOT NULL,
  `dateUpdated` datetime NOT NULL,
  `uid` char(36) NOT NULL DEFAULT '0',
  PRIMARY KEY (`id`),
  UNIQUE KEY `idx_ebgormdezgkahgjhayszzyzvzmaxyhzhlgny` (`groupId`,`userId`),
  KEY `idx_aahqexxbnjqbputsmbzduabvrzvmmndqfgva` (`userId`),
  CONSTRAINT `fk_nlviwzmznxpqtmsuymkfutvrhlypchyfsydw` FOREIGN KEY (`userId`) REFERENCES `users` (`id`) ON DELETE CASCADE,
  CONSTRAINT `fk_yadatyzgrnliozlwgjsiccdhmrkahtpwgtzm` FOREIGN KEY (`groupId`) REFERENCES `usergroups` (`id`) ON DELETE CASCADE
) ENGINE=InnoDB DEFAULT CHARSET=utf8mb3;

CREATE TABLE `userpermissions` (
  `id` int NOT NULL AUTO_INCREMENT,
  `name` varchar(255) NOT NULL,
  `dateCreated` datetime NOT NULL,
  `dateUpdated` datetime NOT NULL,
  `uid` char(36) NOT NULL DEFAULT '0',
  PRIMARY KEY (`id`),
  UNIQUE KEY `idx_zsfzmrtnlxvihgkzvdlzfpdiukmubdtytjsz` (`name`)
) ENGINE=InnoDB DEFAULT CHARSET=utf8mb3;

CREATE TABLE `userpermissions_usergroups` (
  `id` int NOT NULL AUTO_INCREMENT,
  `permissionId` int NOT NULL,
  `groupId` int NOT NULL,
  `dateCreated` datetime NOT NULL,
  `dateUpdated` datetime NOT NULL,
  `uid` char(36) NOT NULL DEFAULT '0',
  PRIMARY KEY (`id`),
  UNIQUE KEY `idx_smnzxftoesqofwluhslqndygpurqglxfmame` (`permissionId`,`groupId`),
  KEY `idx_pzkcgqtvswnidtooopofbxqepjhmolinnyba` (`groupId`),
  CONSTRAINT `fk_aenpcuyadqjhurlqadyzssgmdhkvajdakjwu` FOREIGN KEY (`permissionId`) REFERENCES `userpermissions` (`id`) ON DELETE CASCADE,
  CONSTRAINT `fk_zdihhmfenjtdhsxtmkbkmrgkabqtmvwdsmeo` FOREIGN KEY (`groupId`) REFERENCES `usergroups` (`id`) ON DELETE CASCADE
) ENGINE=InnoDB DEFAULT CHARSET=utf8mb3;

CREATE TABLE `userpermissions_users` (
  `id` int NOT NULL AUTO_INCREMENT,
  `permissionId` int NOT NULL,
  `userId` int NOT NULL,
  `dateCreated` datetime NOT NULL,
  `dateUpdated` datetime NOT NULL,
  `uid` char(36) NOT NULL DEFAULT '0',
  PRIMARY KEY (`id`),
  UNIQUE KEY `idx_dwopshwnwwfkrhcvaqduagtoapgyqttbplds` (`permissionId`,`userId`),
  KEY `idx_ogdrnkcdqqtdidvjtrpuqksojnrhsehrophz` (`userId`),
  CONSTRAINT `fk_dzwzigfflqsgrkewniwjobzadsqskestdvct` FOREIGN KEY (`userId`) REFERENCES `users` (`id`) ON DELETE CASCADE,
  CONSTRAINT `fk_mjnbkperczdveymhudygvykxrhmsinrrdxpd` FOREIGN KEY (`permissionId`) REFERENCES `userpermissions` (`id`) ON DELETE CASCADE
) ENGINE=InnoDB DEFAULT CHARSET=utf8mb3;

CREATE TABLE `userpreferences` (
  `userId` int NOT NULL AUTO_INCREMENT,
  `preferences` text,
  PRIMARY KEY (`userId`),
  CONSTRAINT `fk_xalyspqyxsxiknkvdaoyargzcpgymlxhhtut` FOREIGN KEY (`userId`) REFERENCES `users` (`id`) ON DELETE CASCADE
) ENGINE=InnoDB AUTO_INCREMENT=2 DEFAULT CHARSET=utf8mb3;

CREATE TABLE `users` (
  `id` int NOT NULL,
  `photoId` int DEFAULT NULL,
  `active` tinyint(1) NOT NULL DEFAULT '0',
  `pending` tinyint(1) NOT NULL DEFAULT '0',
  `locked` tinyint(1) NOT NULL DEFAULT '0',
  `suspended` tinyint(1) NOT NULL DEFAULT '0',
  `admin` tinyint(1) NOT NULL DEFAULT '0',
  `username` varchar(255) DEFAULT NULL,
  `fullName` varchar(255) DEFAULT NULL,
  `firstName` varchar(255) DEFAULT NULL,
  `lastName` varchar(255) DEFAULT NULL,
  `email` varchar(255) DEFAULT NULL,
  `password` varchar(255) DEFAULT NULL,
  `lastLoginDate` datetime DEFAULT NULL,
  `lastLoginAttemptIp` varchar(45) DEFAULT NULL,
  `invalidLoginWindowStart` datetime DEFAULT NULL,
  `invalidLoginCount` tinyint unsigned DEFAULT NULL,
  `lastInvalidLoginDate` datetime DEFAULT NULL,
  `lockoutDate` datetime DEFAULT NULL,
  `hasDashboard` tinyint(1) NOT NULL DEFAULT '0',
  `verificationCode` varchar(255) DEFAULT NULL,
  `verificationCodeIssuedDate` datetime DEFAULT NULL,
  `unverifiedEmail` varchar(255) DEFAULT NULL,
  `passwordResetRequired` tinyint(1) NOT NULL DEFAULT '0',
  `lastPasswordChangeDate` datetime DEFAULT NULL,
  `dateCreated` datetime NOT NULL,
  `dateUpdated` datetime NOT NULL,
  PRIMARY KEY (`id`),
  KEY `idx_yyttdhhivctpsfpuwqmjaskwvouvrintgttl` (`active`),
  KEY `idx_anuqphhpjpwmblckwgqsyllaygcfhzfnksti` (`locked`),
  KEY `idx_znktzvemzyarpyosbfecbfxtdoadmjtzttlx` (`pending`),
  KEY `idx_raexffbwrxnlndgkombtxfpdcresnvxoylkv` (`suspended`),
  KEY `idx_hzunfdardguppojsujpqzrriuxwnllabxfzs` (`verificationCode`),
  KEY `idx_obnvjxpylcdrpawmgfsvmbhewqjjlbocuppu` (`email`),
  KEY `idx_splaldoreadazxzmeimyhpxsubdqfdldywvp` (`username`),
  KEY `fk_aiiikcyximeyyqyephfgujruwpkdgcmhplvi` (`photoId`),
  CONSTRAINT `fk_aiiikcyximeyyqyephfgujruwpkdgcmhplvi` FOREIGN KEY (`photoId`) REFERENCES `assets` (`id`) ON DELETE SET NULL,
  CONSTRAINT `fk_jepkgkdqtolyyzgxjtjdamwzosbnzbsgzxrl` FOREIGN KEY (`id`) REFERENCES `elements` (`id`) ON DELETE CASCADE
) ENGINE=InnoDB DEFAULT CHARSET=utf8mb3;

CREATE TABLE `volumefolders` (
  `id` int NOT NULL AUTO_INCREMENT,
  `parentId` int DEFAULT NULL,
  `volumeId` int DEFAULT NULL,
  `name` varchar(255) NOT NULL,
  `path` varchar(255) DEFAULT NULL,
  `dateCreated` datetime NOT NULL,
  `dateUpdated` datetime NOT NULL,
  `uid` char(36) NOT NULL DEFAULT '0',
  PRIMARY KEY (`id`),
  UNIQUE KEY `idx_enadpztbewbzgznmtyvbvevynbuawyswshph` (`name`,`parentId`,`volumeId`),
  KEY `idx_xvbqcoamznbduhnseulsloemhdustmvztclh` (`parentId`),
  KEY `idx_twdfhcscafnwokdnicxerofsbmpoyjwjpaak` (`volumeId`),
  CONSTRAINT `fk_isomqvsvshikvskttsyhaxhkcpsptvtapbve` FOREIGN KEY (`parentId`) REFERENCES `volumefolders` (`id`) ON DELETE CASCADE,
  CONSTRAINT `fk_muhooxvfwvxqytprwrzapflljqlhqfkglnll` FOREIGN KEY (`volumeId`) REFERENCES `volumes` (`id`) ON DELETE CASCADE
) ENGINE=InnoDB AUTO_INCREMENT=12 DEFAULT CHARSET=utf8mb3;

CREATE TABLE `volumes` (
  `id` int NOT NULL AUTO_INCREMENT,
  `fieldLayoutId` int DEFAULT NULL,
  `name` varchar(255) NOT NULL,
  `handle` varchar(255) NOT NULL,
  `fs` varchar(255) NOT NULL,
  `transformFs` varchar(255) DEFAULT NULL,
  `transformSubpath` varchar(255) DEFAULT NULL,
  `titleTranslationMethod` varchar(255) NOT NULL DEFAULT 'site',
  `titleTranslationKeyFormat` text,
  `sortOrder` smallint unsigned DEFAULT NULL,
  `dateCreated` datetime NOT NULL,
  `dateUpdated` datetime NOT NULL,
  `dateDeleted` datetime DEFAULT NULL,
  `uid` char(36) NOT NULL DEFAULT '0',
  PRIMARY KEY (`id`),
  KEY `idx_zgaqgdhbburhndasrfjvympnzfojghbltfgk` (`name`),
  KEY `idx_caoifjvekfobradolsqnndtbudieeiyussnq` (`handle`),
  KEY `idx_efxuaoqmnnzlknxeopwenkwjmhtqqnliqpjr` (`fieldLayoutId`),
  KEY `idx_javeschawllluutwmvhyqjnqpiuskvmupspm` (`dateDeleted`),
  CONSTRAINT `fk_cwpdstkkipegqvgusrhwhigaxhlsfmfazhpt` FOREIGN KEY (`fieldLayoutId`) REFERENCES `fieldlayouts` (`id`) ON DELETE SET NULL
) ENGINE=InnoDB AUTO_INCREMENT=4 DEFAULT CHARSET=utf8mb3;

CREATE TABLE `widgets` (
  `id` int NOT NULL AUTO_INCREMENT,
  `userId` int NOT NULL,
  `type` varchar(255) NOT NULL,
  `sortOrder` smallint unsigned DEFAULT NULL,
  `colspan` tinyint DEFAULT NULL,
  `settings` text,
  `enabled` tinyint(1) NOT NULL DEFAULT '1',
  `dateCreated` datetime NOT NULL,
  `dateUpdated` datetime NOT NULL,
  `uid` char(36) NOT NULL DEFAULT '0',
  PRIMARY KEY (`id`),
  KEY `idx_gkgwbldtbrmidvltddydzlqmzommadqbbnqd` (`userId`),
  CONSTRAINT `fk_gntoubpolfbnudbrvqgyxyopzexmkzbtncuf` FOREIGN KEY (`userId`) REFERENCES `users` (`id`) ON DELETE CASCADE
) ENGINE=InnoDB AUTO_INCREMENT=5 DEFAULT CHARSET=utf8mb3;

INSERT INTO `assets` (`id`, `volumeId`, `folderId`, `uploaderId`, `filename`, `kind`, `alt`, `width`, `height`, `size`, `focalPoint`, `deletedWithVolume`, `keptFile`, `dateModified`, `dateCreated`, `dateUpdated`) VALUES
(3, 1, 1, 1, 'quater.jpg', 'image', NULL, 1200, 600, 283260, NULL, NULL, NULL, '2023-02-06 15:15:29', '2023-02-06 15:15:29', '2023-02-06 15:15:29'),
(9, 1, 8, 1, 'logo-footer.svg', 'image', NULL, 48, 48, 200, NULL, NULL, NULL, '2023-02-06 20:37:57', '2023-02-06 20:37:57', '2023-02-06 20:37:57'),
(10, 1, 8, 1, 'logo.svg', 'image', NULL, 64, 64, 200, NULL, NULL, NULL, '2023-02-06 20:37:57', '2023-02-06 20:37:57', '2023-02-06 20:37:57'),
(11, 2, 4, 1, 'icon-branding.svg', 'image', NULL, 64, 64, 655, NULL, NULL, NULL, '2023-02-06 20:40:15', '2023-02-06 20:40:15', '2023-02-06 20:40:15'),
(12, 2, 4, 1, 'icon-commerce.svg', 'image', NULL, 64, 64, 1086, NULL, NULL, NULL, '2023-02-06 20:40:15', '2023-02-06 20:40:15', '2023-02-06 20:40:15'),
(13, 2, 4, 1, 'icon-content-planning.svg', 'image', NULL, 64, 64, 768, NULL, NULL, NULL, '2023-02-06 20:40:15', '2023-02-06 20:40:15', '2023-02-06 20:40:15'),
(14, 2, 4, 1, 'icon-content-strategy.svg', 'image', NULL, 60, 60, 1241, NULL, NULL, NULL, '2023-02-06 20:40:15', '2023-02-06 20:40:15', '2023-02-06 20:40:15'),
(15, 2, 4, 1, 'icon-design.svg', 'image', NULL, 64, 64, 930, NULL, NULL, NULL, '2023-02-06 20:40:15', '2023-02-06 20:40:15', '2023-02-06 20:40:15'),
(16, 2, 4, 1, 'icon-dev.svg', 'image', NULL, 64, 64, 840, NULL, NULL, NULL, '2023-02-06 20:40:15', '2023-02-06 20:40:15', '2023-02-06 20:40:15'),
(17, 1, 6, 1, 'zabihah-1.jpg', 'image', NULL, 1200, 600, 283260, NULL, NULL, NULL, '2023-02-06 20:43:50', '2023-02-06 20:43:50', '2023-02-06 20:43:50'),
(18, 1, 6, 1, 'zabihah-2.jpg', 'image', NULL, 1200, 1200, 907539, NULL, NULL, NULL, '2023-02-06 20:43:50', '2023-02-06 20:43:50', '2023-02-06 20:43:50'),
(19, 1, 6, 1, 'zabihah-4.jpg', 'image', NULL, 1200, 1200, 547227, NULL, NULL, NULL, '2023-02-06 20:43:50', '2023-02-06 20:43:50', '2023-02-06 20:43:50'),
(20, 1, 6, 1, 'zabihah-main-logo.jpg', 'image', NULL, 1200, 1200, 173082, NULL, NULL, NULL, '2023-02-06 20:43:50', '2023-02-06 20:43:50', '2023-02-06 20:43:50'),
(21, 1, 6, 1, 'zabihah-main.jpg', 'image', NULL, 2400, 1200, 1576720, NULL, NULL, NULL, '2023-02-06 20:43:51', '2023-02-06 20:43:51', '2023-02-06 20:43:51'),
(22, 1, 8, 1, 'zabihah.svg', 'image', NULL, 60, 60, 1518, NULL, NULL, NULL, '2023-02-06 20:43:58', '2023-02-06 20:43:58', '2023-02-06 20:43:58'),
(23, 1, 10, 1, 'sample-1.jpg', 'image', NULL, 1200, 1200, 575571, NULL, NULL, NULL, '2023-02-06 20:46:16', '2023-02-06 20:46:16', '2023-02-06 20:46:16'),
(24, 1, 10, 1, 'sample-2.jpg', 'image', NULL, 1200, 1200, 1287721, NULL, NULL, NULL, '2023-02-06 20:46:16', '2023-02-06 20:46:16', '2023-02-06 20:46:16'),
(25, 1, 11, 1, 'krafft.jpg', 'image', NULL, 1200, 1200, 93806, NULL, NULL, NULL, '2023-02-06 20:49:48', '2023-02-06 20:49:48', '2023-02-06 20:49:48'),
(30, 1, 8, 1, 'krafft.svg', 'image', NULL, 123, 34, 3827, NULL, NULL, NULL, '2023-02-06 21:00:22', '2023-02-06 21:00:22', '2023-02-06 21:00:22'),
(49, 1, 9, 1, 'zabihah-1.jpg', 'image', NULL, 1200, 600, 283260, NULL, NULL, NULL, '2023-02-06 21:05:38', '2023-02-06 21:05:38', '2023-02-06 21:05:38'),
(50, 1, 9, 1, 'zabihah-2.jpg', 'image', NULL, 1200, 1200, 907539, NULL, NULL, NULL, '2023-02-06 21:05:38', '2023-02-06 21:05:38', '2023-02-06 21:05:38'),
(51, 1, 9, 1, 'zabihah-4.jpg', 'image', NULL, 1200, 1200, 547227, NULL, NULL, NULL, '2023-02-06 21:05:38', '2023-02-06 21:05:38', '2023-02-06 21:05:38'),
(52, 1, 9, 1, 'zabihah-main-logo.jpg', 'image', NULL, 1200, 1200, 173082, NULL, NULL, NULL, '2023-02-06 21:05:39', '2023-02-06 21:05:39', '2023-02-06 21:05:39'),
(53, 1, 9, 1, 'zabihah-main.jpg', 'image', NULL, 2400, 1200, 1576720, NULL, NULL, NULL, '2023-02-06 21:05:39', '2023-02-06 21:05:39', '2023-02-06 21:05:39'),
(83, 1, 9, 1, 'zabihah-listing.jpg', 'image', NULL, 1200, 1200, 1042457, NULL, NULL, NULL, '2023-02-06 21:35:40', '2023-02-06 21:35:40', '2023-02-06 21:35:40'),
(90, 1, 7, 1, 'bg-dot.jpg', 'image', NULL, 2500, 1075, 423840, NULL, NULL, NULL, '2023-02-06 21:43:36', '2023-02-06 21:43:36', '2023-02-06 21:43:36'),
(91, 1, 7, 1, 'bg-grid-large.png', 'image', NULL, 2800, 796, 11027, NULL, NULL, NULL, '2023-02-06 21:43:37', '2023-02-06 21:43:37', '2023-02-06 21:43:37'),
(92, 1, 7, 1, 'bg-grid-small.png', 'image', NULL, 2500, 629, 22863, NULL, NULL, NULL, '2023-02-06 21:43:37', '2023-02-06 21:43:37', '2023-02-06 21:43:37'),
(124, 2, 4, 1, 'icon-ux.svg', 'image', NULL, 60, 60, 1162, NULL, NULL, NULL, '2023-02-08 21:51:08', '2023-02-08 21:51:08', '2023-02-08 21:51:08');

INSERT INTO `changedattributes` (`elementId`, `siteId`, `attribute`, `dateUpdated`, `propagated`, `userId`) VALUES
(26, 1, 'postDate', '2023-02-06 20:50:34', 0, 1),
(26, 1, 'slug', '2023-02-06 20:50:17', 0, 1),
(26, 1, 'title', '2023-02-06 20:50:17', 0, 1),
(28, 1, 'postDate', '2023-02-06 20:57:11', 0, 1),
(28, 1, 'slug', '2023-02-06 20:57:09', 0, 1),
(28, 1, 'title', '2023-02-06 20:57:09', 0, 1),
(33, 1, 'postDate', '2023-02-06 21:01:08', 0, 1),
(33, 1, 'slug', '2023-02-06 21:00:56', 0, 1),
(33, 1, 'title', '2023-02-08 22:01:11', 0, 1),
(35, 1, 'postDate', '2023-02-06 21:01:33', 0, 1),
(35, 1, 'slug', '2023-02-06 21:01:24', 0, 1),
(35, 1, 'title', '2023-02-08 22:01:06', 0, 1),
(37, 1, 'postDate', '2023-02-06 21:02:00', 0, 1),
(37, 1, 'slug', '2023-02-06 21:01:51', 0, 1),
(37, 1, 'title', '2023-02-08 22:02:00', 0, 1),
(39, 1, 'postDate', '2023-02-06 21:02:36', 0, 1),
(39, 1, 'slug', '2023-02-06 21:02:12', 0, 1),
(39, 1, 'title', '2023-02-06 21:02:12', 0, 1),
(41, 1, 'postDate', '2023-02-06 21:02:59', 0, 1),
(41, 1, 'slug', '2023-02-06 21:02:51', 0, 1),
(41, 1, 'title', '2023-02-06 21:02:51', 0, 1),
(43, 1, 'postDate', '2023-02-06 21:03:15', 0, 1),
(43, 1, 'slug', '2023-02-06 21:03:09', 0, 1),
(43, 1, 'title', '2023-02-06 21:03:09', 0, 1),
(45, 1, 'postDate', '2023-02-06 21:05:00', 0, 1),
(45, 1, 'slug', '2023-02-06 21:04:25', 0, 1),
(45, 1, 'title', '2023-02-06 21:04:25', 0, 1),
(45, 1, 'uri', '2023-02-06 21:04:25', 0, 1),
(93, 1, 'postDate', '2023-02-06 22:05:40', 0, 1),
(93, 1, 'slug', '2023-02-06 22:05:39', 0, 1),
(93, 1, 'title', '2023-02-06 22:04:32', 0, 1),
(93, 1, 'uri', '2023-02-06 22:05:39', 0, 1),
(105, 1, 'title', '2023-02-08 21:06:21', 0, 1),
(123, 1, 'postDate', '2023-02-08 21:54:17', 0, 1),
(123, 1, 'slug', '2023-02-08 21:50:54', 0, 1),
(123, 1, 'title', '2023-02-08 21:50:54', 0, 1),
(148, 1, 'postDate', '2023-02-08 23:42:06', 0, 1),
(148, 1, 'slug', '2023-02-08 23:42:05', 0, 1),
(148, 1, 'title', '2023-02-08 23:42:05', 0, 1);

INSERT INTO `changedfields` (`elementId`, `siteId`, `fieldId`, `dateUpdated`, `propagated`, `userId`) VALUES
(26, 1, 20, '2023-02-06 20:50:11', 0, 1),
(26, 1, 25, '2023-02-06 20:50:31', 0, 1),
(28, 1, 20, '2023-02-06 21:00:32', 0, 1),
(33, 1, 2, '2023-02-08 21:58:20', 0, 1),
(33, 1, 11, '2023-02-06 21:01:03', 0, 1),
(33, 1, 26, '2023-02-06 21:01:06', 0, 1),
(35, 1, 2, '2023-02-08 21:56:58', 0, 1),
(35, 1, 11, '2023-02-06 21:01:33', 0, 1),
(37, 1, 2, '2023-02-08 22:02:00', 0, 1),
(37, 1, 11, '2023-02-06 21:01:59', 0, 1),
(37, 1, 26, '2023-02-06 21:01:56', 0, 1),
(39, 1, 2, '2023-02-08 21:59:47', 0, 1),
(39, 1, 11, '2023-02-06 21:02:34', 0, 1),
(41, 1, 2, '2023-02-08 22:00:39', 0, 1),
(41, 1, 11, '2023-02-06 21:02:58', 0, 1),
(43, 1, 2, '2023-02-08 22:02:42', 0, 1),
(43, 1, 11, '2023-02-06 21:03:13', 0, 1),
(45, 1, 6, '2023-02-08 23:42:22', 0, 1),
(45, 1, 8, '2023-02-06 21:04:29', 0, 1),
(45, 1, 12, '2023-02-06 21:07:03', 0, 1),
(45, 1, 14, '2023-02-06 21:04:59', 0, 1),
(45, 1, 18, '2023-02-06 21:04:26', 0, 1),
(45, 1, 26, '2023-02-06 21:04:52', 0, 1),
(45, 1, 27, '2023-02-06 21:37:10', 0, 1),
(93, 1, 6, '2023-02-08 23:43:08', 0, 1),
(93, 1, 7, '2023-02-08 21:06:35', 0, 1),
(93, 1, 8, '2023-02-08 22:03:31', 0, 1),
(93, 1, 14, '2023-02-06 22:06:16', 0, 1),
(93, 1, 18, '2023-02-06 22:04:35', 0, 1),
(93, 1, 19, '2023-02-06 22:07:11', 0, 1),
(93, 1, 26, '2023-02-06 22:06:16', 0, 1),
(105, 1, 18, '2023-02-08 21:06:21', 0, 1),
(123, 1, 2, '2023-02-08 21:54:17', 0, 1),
(123, 1, 11, '2023-02-08 21:51:09', 0, 1);

INSERT INTO `content` (`id`, `elementId`, `siteId`, `title`, `dateCreated`, `dateUpdated`, `uid`, `field_heading_ksiduvla`, `field_body_wclszjar`, `field_caption_pokritmg`, `field_subheading_mfajdqrs`, `field_emailAddress_lblohqph`, `field_seo_zuydrfip`, `field_availableForWork_ltfkysnr`, `field_form_xkrzeiog`, `field_blockId_ohkiiplr`, `field_website_bgrczghi`, `field_altTitle_ynsuuido`, `field_listingImageOverlay_hjpsxtce`) VALUES
(1, 1, 1, NULL, '2023-02-06 14:45:52', '2023-02-06 14:45:52', 'a78a6f23-8911-4583-8dab-b5ddd48b3e82', NULL, NULL, NULL, NULL, NULL, NULL, NULL, NULL, NULL, NULL, NULL, NULL),
(3, 3, 1, 'Quater', '2023-02-06 15:15:29', '2023-02-06 15:15:29', 'edf82e2e-283d-40f3-bfba-8fe83d705029', NULL, NULL, NULL, NULL, NULL, NULL, NULL, NULL, NULL, NULL, NULL, NULL),
(4, 4, 1, NULL, '2023-02-06 16:15:37', '2023-02-06 20:24:25', '47db4964-47f3-48cb-bdb9-0f226b7a5aa5', NULL, NULL, NULL, NULL, NULL, NULL, NULL, NULL, NULL, NULL, NULL, NULL),
(5, 5, 1, NULL, '2023-02-06 16:16:07', '2023-02-06 20:24:20', '4e6a4d51-167b-4799-94ca-f12d63c18eef', NULL, NULL, NULL, NULL, NULL, NULL, NULL, NULL, NULL, NULL, NULL, NULL),
(6, 6, 1, NULL, '2023-02-06 16:27:26', '2023-02-06 20:24:18', '5903b97e-152f-4c7a-8a0a-bef31f5061a7', NULL, NULL, NULL, NULL, NULL, NULL, NULL, NULL, NULL, NULL, NULL, NULL),
(7, 8, 1, NULL, '2023-02-06 20:24:11', '2023-02-06 20:25:23', 'db2f30e8-98af-4aa0-8b7e-c398b231e4bf', 'Got a project? Lets talk', '<p>Are you ready to take your project to the next level?  From concept to launch. With a focus on design excellence and technical expertise, we deliver high-quality, innovative solutions that drive results.</p>', NULL, NULL, NULL, NULL, NULL, NULL, NULL, NULL, NULL, NULL),
(8, 9, 1, 'Logo footer', '2023-02-06 20:37:57', '2023-02-06 20:37:57', '8378d58b-617a-4f48-97eb-29969a844f93', NULL, NULL, NULL, NULL, NULL, NULL, NULL, NULL, NULL, NULL, NULL, NULL),
(9, 10, 1, 'Logo', '2023-02-06 20:37:57', '2023-02-06 20:37:57', '779f4c5e-cd58-49cf-b1f7-25cd31f98d5e', NULL, NULL, NULL, NULL, NULL, NULL, NULL, NULL, NULL, NULL, NULL, NULL),
(10, 11, 1, 'Icon branding', '2023-02-06 20:40:15', '2023-02-06 20:40:15', 'bc70c581-a356-4b7c-b31c-46573173db76', NULL, NULL, NULL, NULL, NULL, NULL, NULL, NULL, NULL, NULL, NULL, NULL),
(11, 12, 1, 'Icon commerce', '2023-02-06 20:40:15', '2023-02-06 20:40:15', 'afcd6faa-2324-4e4f-9a0f-736a417ef1da', NULL, NULL, NULL, NULL, NULL, NULL, NULL, NULL, NULL, NULL, NULL, NULL),
(12, 13, 1, 'Icon content planning', '2023-02-06 20:40:15', '2023-02-06 20:40:15', '2018deee-c38d-4b31-b565-ca229e1edf28', NULL, NULL, NULL, NULL, NULL, NULL, NULL, NULL, NULL, NULL, NULL, NULL),
(13, 14, 1, 'Icon content strategy', '2023-02-06 20:40:15', '2023-02-06 20:40:15', 'f3902171-78ce-4b25-8135-40734c501f2e', NULL, NULL, NULL, NULL, NULL, NULL, NULL, NULL, NULL, NULL, NULL, NULL),
(14, 15, 1, 'Icon design', '2023-02-06 20:40:15', '2023-02-06 20:40:15', '399c3b99-1e52-4e5f-b7d8-f245ecd4ea28', NULL, NULL, NULL, NULL, NULL, NULL, NULL, NULL, NULL, NULL, NULL, NULL),
(15, 16, 1, 'Icon dev', '2023-02-06 20:40:15', '2023-02-06 20:40:15', 'cb44f249-c08b-4b1d-af99-fc12445a1708', NULL, NULL, NULL, NULL, NULL, NULL, NULL, NULL, NULL, NULL, NULL, NULL),
(16, 17, 1, 'Zabihah 1', '2023-02-06 20:43:50', '2023-02-06 20:43:50', '663cc38b-8601-4179-8c7e-0a4d652f6e73', NULL, NULL, NULL, NULL, NULL, NULL, NULL, NULL, NULL, NULL, NULL, NULL),
(17, 18, 1, 'Zabihah 2', '2023-02-06 20:43:50', '2023-02-06 20:43:50', 'c8de3e56-1868-452c-aa6d-b14ff0d5d919', NULL, NULL, NULL, NULL, NULL, NULL, NULL, NULL, NULL, NULL, NULL, NULL),
(18, 19, 1, 'Zabihah 4', '2023-02-06 20:43:50', '2023-02-06 20:43:50', '527c1586-e641-47ae-88e1-c5253dff7864', NULL, NULL, NULL, NULL, NULL, NULL, NULL, NULL, NULL, NULL, NULL, NULL),
(19, 20, 1, 'Zabihah main logo', '2023-02-06 20:43:50', '2023-02-06 20:43:50', '7f5fb663-797d-4321-9a57-6d246c9a7cf4', NULL, NULL, NULL, NULL, NULL, NULL, NULL, NULL, NULL, NULL, NULL, NULL),
(20, 21, 1, 'Zabihah main', '2023-02-06 20:43:50', '2023-02-06 20:43:50', '509d4a17-65e2-484c-ac70-c4f7b9c1cc9c', NULL, NULL, NULL, NULL, NULL, NULL, NULL, NULL, NULL, NULL, NULL, NULL),
(21, 22, 1, 'Zabihah', '2023-02-06 20:43:58', '2023-02-06 20:43:58', '532dc8bd-5136-4750-a636-ee379acc01bb', NULL, NULL, NULL, NULL, NULL, NULL, NULL, NULL, NULL, NULL, NULL, NULL),
(22, 23, 1, 'Sample 1', '2023-02-06 20:46:15', '2023-02-06 20:46:15', '7542fe0b-6c93-42aa-a25e-2d3dead1d4c6', NULL, NULL, NULL, NULL, NULL, NULL, NULL, NULL, NULL, NULL, NULL, NULL),
(23, 24, 1, 'Sample 2', '2023-02-06 20:46:16', '2023-02-06 20:46:16', '0ba25099-ac35-414d-907a-45dfc990a5ec', NULL, NULL, NULL, NULL, NULL, NULL, NULL, NULL, NULL, NULL, NULL, NULL),
(24, 25, 1, 'Krafft', '2023-02-06 20:49:48', '2023-02-06 20:49:48', '6f832254-c7e0-4faf-83fa-7e92ec90d634', NULL, NULL, NULL, NULL, NULL, NULL, NULL, NULL, NULL, NULL, NULL, NULL),
(25, 26, 1, 'Zabihah', '2023-02-06 20:50:03', '2023-02-06 20:50:34', '90a3a4e1-4898-40de-b7a8-c42defd3ed96', NULL, NULL, NULL, NULL, NULL, NULL, NULL, NULL, NULL, 'https://www.zabihah.com', NULL, NULL),
(26, 27, 1, 'Zabihah', '2023-02-06 20:50:34', '2023-02-06 20:50:34', '68e665c7-7253-43ce-83bd-6fa3c9b99dc8', NULL, NULL, NULL, NULL, NULL, NULL, NULL, NULL, NULL, 'https://www.zabihah.com', NULL, NULL),
(27, 28, 1, 'Krafft', '2023-02-06 20:57:03', '2023-02-06 21:00:32', '7a337a44-14d9-4780-963b-019635527e62', NULL, NULL, NULL, NULL, NULL, NULL, NULL, NULL, NULL, NULL, NULL, NULL),
(28, 29, 1, 'Krafft', '2023-02-06 20:57:11', '2023-02-06 20:57:11', 'd5670cf5-36ec-4600-aa84-7ac28fb34025', NULL, NULL, NULL, NULL, NULL, NULL, NULL, NULL, NULL, NULL, NULL, NULL),
(29, 30, 1, 'Krafft', '2023-02-06 21:00:22', '2023-02-06 21:00:22', '150fb91d-0b0e-4228-8118-d7fde1569dc5', NULL, NULL, NULL, NULL, NULL, NULL, NULL, NULL, NULL, NULL, NULL, NULL),
(31, 32, 1, 'Krafft', '2023-02-06 21:00:32', '2023-02-06 21:00:32', '9d90b125-5982-42c8-b26d-055b59c3b5bd', NULL, NULL, NULL, NULL, NULL, NULL, NULL, NULL, NULL, NULL, NULL, NULL),
(32, 33, 1, 'Web Development', '2023-02-06 21:00:43', '2023-02-08 22:01:11', 'cd90e169-9768-4cff-8d20-a6fed3e8affb', NULL, '<p>I specialize in user-friendly websites using Craft CMS, influencing user interactions with custom, high-performing sites for various industries.</p>', NULL, NULL, NULL, NULL, NULL, NULL, NULL, NULL, NULL, NULL),
(33, 34, 1, 'Web development', '2023-02-06 21:01:08', '2023-02-06 21:01:08', '898a4f3a-a8b3-41ea-9599-952d98615ea7', NULL, '<p>My area of expertise is crafting custom, high-performing websites for various industries using Craft CMS. This platform offers a unique combination of power and flexibility, and provides a user-friendly experience for both developers and content managers.</p>', NULL, NULL, NULL, NULL, NULL, NULL, NULL, NULL, NULL, NULL),
(34, 35, 1, 'UI Design', '2023-02-06 21:01:12', '2023-02-08 22:01:05', 'a85c6516-fc2d-4001-9cf3-2e150530603d', NULL, '<p>I specialize in designing user-friendly digital experiences that satisfy both user and business needs. My expertise influences user interactions with your website.</p>', NULL, NULL, NULL, NULL, NULL, NULL, NULL, NULL, NULL, NULL),
(35, 36, 1, 'UI/UX design', '2023-02-06 21:01:33', '2023-02-06 21:01:33', '76b27fd1-3e31-4592-a24d-62053b6ed26f', NULL, '<p>I specialise in designing digital experiences that are both engaging and user-friendly for businesses. By blending research, strategy, and design, I provide tailored solutions that satisfy both user and business requirements.</p>', NULL, NULL, NULL, NULL, NULL, NULL, NULL, NULL, NULL, NULL),
(36, 37, 1, 'Content Strategy', '2023-02-06 21:01:44', '2023-02-08 22:02:00', '7bc37690-8df6-4ee2-ad35-78c4660b187c', NULL, '<p>I specialize in custom content strategy, maximizing reach and engagement for businesses through audience, goal, and challenge understanding</p>', NULL, NULL, NULL, NULL, NULL, NULL, NULL, NULL, NULL, NULL),
(37, 38, 1, 'Content strategy', '2023-02-06 21:02:00', '2023-02-06 21:02:00', '7c7dda60-8c5e-4c2a-a9e7-5f42c86c6b55', NULL, '<p>I help businesses to understand your target audience, goals, and challenges, and creates a custom content strategy that supports your business objectives. I develop a plan that maximises reach and engagement</p>', NULL, NULL, NULL, NULL, NULL, NULL, NULL, NULL, NULL, NULL),
(38, 39, 1, 'Commerce', '2023-02-06 21:02:03', '2023-02-08 21:59:47', '6156c1cb-68b7-43d0-8a00-904ab2c79e40', NULL, '<p>I specialize in user-friendly e-commerce using Craft Commerce, offering custom, high-performing sites and end-to-end solutions for businesses in various industries.\"</p>', NULL, NULL, NULL, NULL, NULL, NULL, NULL, NULL, NULL, NULL),
(39, 40, 1, 'Commerce', '2023-02-06 21:02:36', '2023-02-06 21:02:36', 'eeb163ff-69ea-4ed8-85be-835bbd7b5e25', NULL, '<p>I work with businesses to succeed in the digital marketplace, providing end-to-end solutions that include design, development, and digital marketing. Using Craft Commerce ensure that your e-commerce platform is user-friendly, secure, and optimised for conversions.</p>', NULL, NULL, NULL, NULL, NULL, NULL, NULL, NULL, NULL, NULL),
(40, 41, 1, 'Content Planning', '2023-02-06 21:02:41', '2023-02-08 22:00:39', 'ff95fb42-74d9-47a3-98bd-c47a5e54df93', NULL, '<p>I specialize in content planning and organization for maximum impact and efficiency, influencing business success through the development of a comprehensive content plan.</p>', NULL, NULL, NULL, NULL, NULL, NULL, NULL, NULL, NULL, NULL),
(41, 42, 1, 'Content Planning', '2023-02-06 21:02:59', '2023-02-06 21:02:59', '41129d7c-c90a-4880-9a68-3faf4361804b', NULL, '<p>I help businesses plan and organise their content for maximum impact and efficiency. Working with you to develop a content calendar, identify key themes and topics, and create a plan for producing, publishing, and promoting your content.</p>', NULL, NULL, NULL, NULL, NULL, NULL, NULL, NULL, NULL, NULL),
(42, 43, 1, 'Branding', '2023-02-06 21:03:03', '2023-02-08 22:02:42', '477532a1-5c35-497b-9d31-21056a6b18c6', NULL, '<p>I specialize in creating a strong brand identity that influences user interactions and differentiates businesses from competitors.</p>', NULL, NULL, NULL, NULL, NULL, NULL, NULL, NULL, NULL, NULL),
(43, 44, 1, 'Branding', '2023-02-06 21:03:15', '2023-02-06 21:03:15', 'ecbd9ab2-c9e2-483a-b76c-75545a4661b2', NULL, '<p>I help businesses establish a strong and consistent brand identity. From logo design and typography to colour palettes and brand voice, we work with you to develop a comprehensive brand strategy that differentiates you from the competition.</p>', NULL, NULL, NULL, NULL, NULL, NULL, NULL, NULL, NULL, NULL),
(44, 45, 1, 'Zabihah', '2023-02-06 21:04:19', '2023-02-08 23:42:22', 'e469eadc-924c-464a-b09e-b54f9274f51e', NULL, NULL, NULL, 'Helped drive users to the Zabihah app through a redesign', NULL, '{\"titleRaw\":[],\"descriptionRaw\":\"\",\"keywords\":[],\"score\":\"neutral\",\"social\":{\"twitter\":{\"handle\":null,\"title\":\"Zabihah - Portfolio\",\"imageId\":\"\",\"description\":\"\"},\"facebook\":{\"handle\":null,\"title\":\"Zabihah - Portfolio\",\"imageId\":\"\",\"description\":\"\"}},\"advanced\":{\"robots\":[],\"canonical\":\"\"}}', NULL, NULL, NULL, NULL, 'Finding Halal food', 1),
(45, 46, 1, 'Zabihah', '2023-02-06 21:05:00', '2023-02-06 21:05:00', '673b2ad7-42be-4339-aad1-ff9991fb0290', NULL, NULL, NULL, 'Helped drive users to the Zabihah app through a redesign', NULL, '{\"titleRaw\":[],\"descriptionRaw\":\"\",\"keywords\":[],\"score\":\"neutral\",\"social\":{\"twitter\":{\"handle\":null,\"title\":\"Zabihah - Portfolio\",\"imageId\":\"\",\"description\":\"\"},\"facebook\":{\"handle\":null,\"title\":\"Zabihah - Portfolio\",\"imageId\":\"\",\"description\":\"\"}},\"advanced\":{\"robots\":[],\"canonical\":\"\"}}', NULL, NULL, NULL, NULL, 'Finding Halal food', NULL),
(48, 49, 1, 'Zabihah 1', '2023-02-06 21:05:38', '2023-02-06 21:05:38', '97c06bca-51da-44dd-a918-e689ee61d871', NULL, NULL, NULL, NULL, NULL, NULL, NULL, NULL, NULL, NULL, NULL, NULL),
(49, 50, 1, 'Zabihah 2', '2023-02-06 21:05:38', '2023-02-06 21:05:38', 'c4978f00-d68e-43ec-aa97-a07f415b640c', NULL, NULL, NULL, NULL, NULL, NULL, NULL, NULL, NULL, NULL, NULL, NULL),
(50, 51, 1, 'Zabihah 4', '2023-02-06 21:05:38', '2023-02-06 21:05:38', 'a6d58b3c-8ff7-4b49-ae30-a917af3df9db', NULL, NULL, NULL, NULL, NULL, NULL, NULL, NULL, NULL, NULL, NULL, NULL),
(51, 52, 1, 'Zabihah main logo', '2023-02-06 21:05:39', '2023-02-06 21:05:39', 'e1446df4-ee96-4f66-8e02-3a8569999526', NULL, NULL, NULL, NULL, NULL, NULL, NULL, NULL, NULL, NULL, NULL, NULL),
(52, 53, 1, 'Zabihah main', '2023-02-06 21:05:39', '2023-02-06 21:05:39', '76ec41c8-00ad-4933-ab96-85663b9ac6b2', NULL, NULL, NULL, NULL, NULL, NULL, NULL, NULL, NULL, NULL, NULL, NULL),
(53, 54, 1, NULL, '2023-02-06 21:06:24', '2023-02-06 21:06:24', '1e761265-2bfe-4476-8fbe-5945365c5c48', NULL, NULL, NULL, NULL, NULL, NULL, NULL, NULL, NULL, NULL, NULL, NULL),
(54, 55, 1, NULL, '2023-02-06 21:06:35', '2023-02-06 21:06:35', '26faace9-1aff-429b-8c43-34fc1ec21f5c', 'The Problem', NULL, NULL, NULL, NULL, NULL, NULL, NULL, NULL, NULL, NULL, NULL),
(55, 56, 1, NULL, '2023-02-06 21:06:39', '2023-02-06 21:06:39', '137d8a1e-0752-4e68-9ec6-2916551b1b0e', 'The Problem', '<p>Aenean eu leo quam. Pellentesque ornare sem lacinia quam venenatis vestibulum. Donec ullamcorper nulla non metus auctor fringilla. Etiam porta sem malesuada magna mollis euismod. Nullam id dolor id nibh ultricies vehicula ut id elit. Aenean lacinia bibendum nulla sed consectetur.</p>', NULL, NULL, NULL, NULL, NULL, NULL, NULL, NULL, NULL, NULL),
(56, 57, 1, NULL, '2023-02-06 21:06:40', '2023-02-06 21:06:40', '8b26b0eb-a1e4-488f-b871-6e6e3fdaec12', 'The Problem', '<p>Aenean eu leo quam. Pellentesque ornare sem lacinia quam venenatis vestibulum. Donec ullamcorper nulla non metus auctor fringilla. Etiam porta sem malesuada magna mollis euismod. Nullam id dolor id nibh ultricies vehicula ut id elit. Aenean lacinia bibendum nulla sed consectetur.</p>', NULL, NULL, NULL, NULL, NULL, NULL, NULL, NULL, NULL, NULL),
(57, 58, 1, NULL, '2023-02-06 21:06:40', '2023-02-06 21:06:40', 'b7c887c2-d93e-4d6a-bac7-bec6729bced9', NULL, NULL, NULL, NULL, NULL, NULL, NULL, NULL, NULL, NULL, NULL, NULL),
(58, 59, 1, NULL, '2023-02-06 21:06:46', '2023-02-06 21:06:46', 'cc0e11ae-7220-4a3c-815b-36effdf6909a', 'The Problem', '<p>Aenean eu leo quam. Pellentesque ornare sem lacinia quam venenatis vestibulum. Donec ullamcorper nulla non metus auctor fringilla. Etiam porta sem malesuada magna mollis euismod. Nullam id dolor id nibh ultricies vehicula ut id elit. Aenean lacinia bibendum nulla sed consectetur.</p>', NULL, NULL, NULL, NULL, NULL, NULL, NULL, NULL, NULL, NULL),
(59, 60, 1, NULL, '2023-02-06 21:06:46', '2023-02-06 21:06:46', '4e27882a-379a-4114-a1af-c97b4ff7e69c', NULL, '<p>Donec ullamcorper nulla non metus auctor fringilla. Cras mattis consectetur purus sit amet fermentum. Maecenas sed diam eget risus varius blandit sit amet non magna. Donec ullamcorper nulla non metus auctor fringilla. Cras justo odio, dapibus ac facilisis in, egestas eget quam. <br /><br />Nullam id dolor id nibh ultricies vehicula ut id elit. Nullam quis risus eget urna mollis ornare vel eu leo.</p>\n<p>Nullam quis risus eget urna mollis ornare vel eu leo. Cras justo odio, dapibus ac facilisis in, egestas eget quam. Sed posuere consectetur est at lobortis. Nulla vitae elit libero, a pharetra augue.</p>\n<p><br /><br />Donec sed odio dui. Maecenas faucibus mollis interdum. Lorem ipsum dolor sit amet, consectetur adipiscing elit. Nullam quis risus eget urna mollis ornare vel eu leo. Cras justo odio, dapibus ac facilisis in, egestas eget quam. Cras justo odio, dapibus ac facilisis in, egestas eget quam. Donec ullamcorper nulla non metus auctor fringilla.</p>', NULL, NULL, NULL, NULL, NULL, NULL, NULL, NULL, NULL, NULL),
(60, 61, 1, NULL, '2023-02-06 21:06:48', '2023-02-06 21:06:48', '861ca063-db3d-4468-85fb-2b197afa51cf', 'The Problem', '<p>Aenean eu leo quam. Pellentesque ornare sem lacinia quam venenatis vestibulum. Donec ullamcorper nulla non metus auctor fringilla. Etiam porta sem malesuada magna mollis euismod. Nullam id dolor id nibh ultricies vehicula ut id elit. Aenean lacinia bibendum nulla sed consectetur.</p>', NULL, NULL, NULL, NULL, NULL, NULL, NULL, NULL, NULL, NULL),
(61, 62, 1, NULL, '2023-02-06 21:06:49', '2023-02-06 21:06:49', '90b73146-9f31-49ed-8f13-90646069ec39', NULL, '<p>Donec ullamcorper nulla non metus auctor fringilla. Cras mattis consectetur purus sit amet fermentum. Maecenas sed diam eget risus varius blandit sit amet non magna. Donec ullamcorper nulla non metus auctor fringilla. Cras justo odio, dapibus ac facilisis in, egestas eget quam. <br /><br />Nullam id dolor id nibh ultricies vehicula ut id elit. Nullam quis risus eget urna mollis ornare vel eu leo.</p>\n<p>Nullam quis risus eget urna mollis ornare vel eu leo. Cras justo odio, dapibus ac facilisis in, egestas eget quam. Sed posuere consectetur est at lobortis. Nulla vitae elit libero, a pharetra augue.<br /><br />Donec sed odio dui. Maecenas faucibus mollis interdum. Lorem ipsum dolor sit amet, consectetur adipiscing elit. Nullam quis risus eget urna mollis ornare vel eu leo. Cras justo odio, dapibus ac facilisis in, egestas eget quam. Cras justo odio, dapibus ac facilisis in, egestas eget quam. Donec ullamcorper nulla non metus auctor fringilla.</p>', NULL, NULL, NULL, NULL, NULL, NULL, NULL, NULL, NULL, NULL),
(62, 63, 1, NULL, '2023-02-06 21:06:50', '2023-02-06 21:06:50', '58017dc9-bef8-4723-bbb1-0e16b1171eff', 'The Problem', '<p>Aenean eu leo quam. Pellentesque ornare sem lacinia quam venenatis vestibulum. Donec ullamcorper nulla non metus auctor fringilla. Etiam porta sem malesuada magna mollis euismod. Nullam id dolor id nibh ultricies vehicula ut id elit. Aenean lacinia bibendum nulla sed consectetur.</p>', NULL, NULL, NULL, NULL, NULL, NULL, NULL, NULL, NULL, NULL),
(63, 64, 1, NULL, '2023-02-06 21:06:50', '2023-02-06 21:06:50', 'f712d5ee-7f0d-424d-9de2-4c43d397dca9', NULL, '<p>Donec ullamcorper nulla non metus auctor fringilla. Cras mattis consectetur purus sit amet fermentum. Maecenas sed diam eget risus varius blandit sit amet non magna. Donec ullamcorper nulla non metus auctor fringilla. Cras justo odio, dapibus ac facilisis in, egestas eget quam. <br /><br />Nullam id dolor id nibh ultricies vehicula ut id elit. Nullam quis risus eget urna mollis ornare vel eu leo.</p>\n<p>Nullam quis risus eget urna mollis ornare vel eu leo. Cras justo odio, dapibus ac facilisis in, egestas eget quam. Sed posuere consectetur est at lobortis. Nulla vitae elit libero, a pharetra augue.<br /><br />Donec sed odio dui. Maecenas faucibus mollis interdum. Lorem ipsum dolor sit amet, consectetur adipiscing elit. Nullam quis risus eget urna mollis ornare vel eu leo. Cras justo odio, dapibus ac facilisis in, egestas eget quam. Cras justo odio, dapibus ac facilisis in, egestas eget quam. Donec ullamcorper nulla non metus auctor fringilla.</p>', NULL, NULL, NULL, NULL, NULL, NULL, NULL, NULL, NULL, NULL),
(64, 65, 1, NULL, '2023-02-06 21:06:50', '2023-02-06 21:06:50', '27dac7ae-ae53-45bf-8267-779e660553e5', NULL, NULL, NULL, NULL, NULL, NULL, NULL, NULL, NULL, NULL, NULL, NULL),
(68, 69, 1, NULL, '2023-02-06 21:07:04', '2023-02-06 21:07:04', 'b5884608-a5cd-4561-9ab3-b8ba811e2c01', NULL, NULL, NULL, NULL, NULL, NULL, NULL, NULL, NULL, NULL, NULL, NULL),
(69, 70, 1, NULL, '2023-02-06 21:07:04', '2023-02-06 21:07:04', '1ef02269-418b-41cd-a62b-211be82d2dfd', 'The Problem', '<p>Aenean eu leo quam. Pellentesque ornare sem lacinia quam venenatis vestibulum. Donec ullamcorper nulla non metus auctor fringilla. Etiam porta sem malesuada magna mollis euismod. Nullam id dolor id nibh ultricies vehicula ut id elit. Aenean lacinia bibendum nulla sed consectetur.</p>', NULL, NULL, NULL, NULL, NULL, NULL, NULL, NULL, NULL, NULL),
(70, 71, 1, NULL, '2023-02-06 21:07:04', '2023-02-06 21:07:04', '73ac5156-159e-4773-a370-aad9877e267a', NULL, '<p>Donec ullamcorper nulla non metus auctor fringilla. Cras mattis consectetur purus sit amet fermentum. Maecenas sed diam eget risus varius blandit sit amet non magna. Donec ullamcorper nulla non metus auctor fringilla. Cras justo odio, dapibus ac facilisis in, egestas eget quam. <br /><br />Nullam id dolor id nibh ultricies vehicula ut id elit. Nullam quis risus eget urna mollis ornare vel eu leo.</p>\n<p>Nullam quis risus eget urna mollis ornare vel eu leo. Cras justo odio, dapibus ac facilisis in, egestas eget quam. Sed posuere consectetur est at lobortis. Nulla vitae elit libero, a pharetra augue.<br /><br />Donec sed odio dui. Maecenas faucibus mollis interdum. Lorem ipsum dolor sit amet, consectetur adipiscing elit. Nullam quis risus eget urna mollis ornare vel eu leo. Cras justo odio, dapibus ac facilisis in, egestas eget quam. Cras justo odio, dapibus ac facilisis in, egestas eget quam. Donec ullamcorper nulla non metus auctor fringilla.</p>', NULL, NULL, NULL, NULL, NULL, NULL, NULL, NULL, NULL, NULL),
(71, 72, 1, NULL, '2023-02-06 21:07:04', '2023-02-06 21:07:04', '85521672-6c42-46df-bd85-1f99a79c401b', NULL, NULL, NULL, NULL, NULL, NULL, NULL, NULL, NULL, NULL, NULL, NULL),
(72, 73, 1, 'Zabihah', '2023-02-06 21:07:04', '2023-02-06 21:07:04', 'b1f76a5c-130b-45dc-afb1-648181e356bd', NULL, NULL, NULL, 'Helped drive users to the Zabihah app through a redesign', NULL, '{\"titleRaw\":[],\"descriptionRaw\":\"\",\"keywords\":[],\"score\":\"neutral\",\"social\":{\"twitter\":{\"handle\":null,\"title\":\"Zabihah - Portfolio\",\"imageId\":\"\",\"description\":\"\"},\"facebook\":{\"handle\":null,\"title\":\"Zabihah - Portfolio\",\"imageId\":\"\",\"description\":\"\"}},\"advanced\":{\"robots\":[],\"canonical\":\"\"}}', NULL, NULL, NULL, NULL, 'Finding Halal food', NULL),
(73, 74, 1, NULL, '2023-02-06 21:07:04', '2023-02-06 21:07:04', 'aeeeaaaf-8a74-45d4-aecb-29af9aa4e460', NULL, NULL, NULL, NULL, NULL, NULL, NULL, NULL, NULL, NULL, NULL, NULL),
(74, 75, 1, NULL, '2023-02-06 21:07:04', '2023-02-06 21:07:04', 'df8c68f5-c683-4735-ad98-059d54fa90e3', 'The Problem', '<p>Aenean eu leo quam. Pellentesque ornare sem lacinia quam venenatis vestibulum. Donec ullamcorper nulla non metus auctor fringilla. Etiam porta sem malesuada magna mollis euismod. Nullam id dolor id nibh ultricies vehicula ut id elit. Aenean lacinia bibendum nulla sed consectetur.</p>', NULL, NULL, NULL, NULL, NULL, NULL, NULL, NULL, NULL, NULL),
(75, 76, 1, NULL, '2023-02-06 21:07:04', '2023-02-06 21:07:04', 'e7e949ad-5fc9-4348-b55f-ed06e792fa41', NULL, '<p>Donec ullamcorper nulla non metus auctor fringilla. Cras mattis consectetur purus sit amet fermentum. Maecenas sed diam eget risus varius blandit sit amet non magna. Donec ullamcorper nulla non metus auctor fringilla. Cras justo odio, dapibus ac facilisis in, egestas eget quam. <br /><br />Nullam id dolor id nibh ultricies vehicula ut id elit. Nullam quis risus eget urna mollis ornare vel eu leo.</p>\n<p>Nullam quis risus eget urna mollis ornare vel eu leo. Cras justo odio, dapibus ac facilisis in, egestas eget quam. Sed posuere consectetur est at lobortis. Nulla vitae elit libero, a pharetra augue.<br /><br />Donec sed odio dui. Maecenas faucibus mollis interdum. Lorem ipsum dolor sit amet, consectetur adipiscing elit. Nullam quis risus eget urna mollis ornare vel eu leo. Cras justo odio, dapibus ac facilisis in, egestas eget quam. Cras justo odio, dapibus ac facilisis in, egestas eget quam. Donec ullamcorper nulla non metus auctor fringilla.</p>', NULL, NULL, NULL, NULL, NULL, NULL, NULL, NULL, NULL, NULL),
(76, 77, 1, NULL, '2023-02-06 21:07:04', '2023-02-06 21:07:04', '257f0ab0-252e-475e-a129-84646d7a5dd1', NULL, NULL, NULL, NULL, NULL, NULL, NULL, NULL, NULL, NULL, NULL, NULL),
(77, 78, 1, 'Zabihah', '2023-02-06 21:07:22', '2023-02-06 21:07:22', '3fa573d7-b5c5-448e-8a81-1b013b5ac587', NULL, NULL, NULL, 'Helped drive users to the Zabihah app through a redesign', NULL, '{\"titleRaw\":[],\"descriptionRaw\":\"\",\"keywords\":[],\"score\":\"neutral\",\"social\":{\"twitter\":{\"handle\":null,\"title\":\"Zabihah - Portfolio\",\"imageId\":\"\",\"description\":\"\"},\"facebook\":{\"handle\":null,\"title\":\"Zabihah - Portfolio\",\"imageId\":\"\",\"description\":\"\"}},\"advanced\":{\"robots\":[],\"canonical\":\"\"}}', NULL, NULL, NULL, NULL, 'Finding Halal food', NULL),
(78, 79, 1, NULL, '2023-02-06 21:07:22', '2023-02-06 21:07:22', '292aaef6-374c-4d98-9357-225b4052c1e1', NULL, NULL, NULL, NULL, NULL, NULL, NULL, NULL, NULL, NULL, NULL, NULL),
(79, 80, 1, NULL, '2023-02-06 21:07:22', '2023-02-06 21:07:22', 'd96edf4a-839e-4115-963a-b2bbc6f355e0', 'The Problem', '<p>Aenean eu leo quam. Pellentesque ornare sem lacinia quam venenatis vestibulum. Donec ullamcorper nulla non metus auctor fringilla. Etiam porta sem malesuada magna mollis euismod. Nullam id dolor id nibh ultricies vehicula ut id elit. Aenean lacinia bibendum nulla sed consectetur.</p>', NULL, NULL, NULL, NULL, NULL, NULL, NULL, NULL, NULL, NULL),
(80, 81, 1, NULL, '2023-02-06 21:07:22', '2023-02-06 21:07:22', 'daf24fcc-7868-4b82-84a8-b4c4ebab489a', NULL, '<p>Donec ullamcorper nulla non metus auctor fringilla. Cras mattis consectetur purus sit amet fermentum. Maecenas sed diam eget risus varius blandit sit amet non magna. Donec ullamcorper nulla non metus auctor fringilla. Cras justo odio, dapibus ac facilisis in, egestas eget quam. <br /><br />Nullam id dolor id nibh ultricies vehicula ut id elit. Nullam quis risus eget urna mollis ornare vel eu leo.</p>\n<p>Nullam quis risus eget urna mollis ornare vel eu leo. Cras justo odio, dapibus ac facilisis in, egestas eget quam. Sed posuere consectetur est at lobortis. Nulla vitae elit libero, a pharetra augue.<br /><br />Donec sed odio dui. Maecenas faucibus mollis interdum. Lorem ipsum dolor sit amet, consectetur adipiscing elit. Nullam quis risus eget urna mollis ornare vel eu leo. Cras justo odio, dapibus ac facilisis in, egestas eget quam. Cras justo odio, dapibus ac facilisis in, egestas eget quam. Donec ullamcorper nulla non metus auctor fringilla.</p>', NULL, NULL, NULL, NULL, NULL, NULL, NULL, NULL, NULL, NULL),
(81, 82, 1, NULL, '2023-02-06 21:07:22', '2023-02-06 21:07:22', '13b721c9-626c-44c9-8ace-762a2c429e91', NULL, NULL, NULL, NULL, NULL, NULL, NULL, NULL, NULL, NULL, NULL, NULL),
(82, 83, 1, 'Zabihah listing', '2023-02-06 21:35:40', '2023-02-06 21:35:40', '317b464a-cd7c-43ca-9398-60f61277cae8', NULL, NULL, NULL, NULL, NULL, NULL, NULL, NULL, NULL, NULL, NULL, NULL),
(84, 85, 1, 'Zabihah', '2023-02-06 21:37:10', '2023-02-06 21:37:10', 'c53ea85a-e69c-42aa-bfad-7e93f4e6051e', NULL, NULL, NULL, 'Helped drive users to the Zabihah app through a redesign', NULL, '{\"titleRaw\":[],\"descriptionRaw\":\"\",\"keywords\":[],\"score\":\"neutral\",\"social\":{\"twitter\":{\"handle\":null,\"title\":\"Zabihah - Portfolio\",\"imageId\":\"\",\"description\":\"\"},\"facebook\":{\"handle\":null,\"title\":\"Zabihah - Portfolio\",\"imageId\":\"\",\"description\":\"\"}},\"advanced\":{\"robots\":[],\"canonical\":\"\"}}', NULL, NULL, NULL, NULL, 'Finding Halal food', 1),
(85, 86, 1, NULL, '2023-02-06 21:37:10', '2023-02-06 21:37:10', '8de7d0ce-aa19-4374-8ed6-aae9e5723c21', NULL, NULL, NULL, NULL, NULL, NULL, NULL, NULL, NULL, NULL, NULL, NULL),
(86, 87, 1, NULL, '2023-02-06 21:37:10', '2023-02-06 21:37:10', '2c275103-feed-4a66-aa2c-0b78baaaecb2', 'The Problem', '<p>Aenean eu leo quam. Pellentesque ornare sem lacinia quam venenatis vestibulum. Donec ullamcorper nulla non metus auctor fringilla. Etiam porta sem malesuada magna mollis euismod. Nullam id dolor id nibh ultricies vehicula ut id elit. Aenean lacinia bibendum nulla sed consectetur.</p>', NULL, NULL, NULL, NULL, NULL, NULL, NULL, NULL, NULL, NULL),
(87, 88, 1, NULL, '2023-02-06 21:37:10', '2023-02-06 21:37:10', 'b71737a9-2d51-4632-9bbe-f6e2c3199357', NULL, '<p>Donec ullamcorper nulla non metus auctor fringilla. Cras mattis consectetur purus sit amet fermentum. Maecenas sed diam eget risus varius blandit sit amet non magna. Donec ullamcorper nulla non metus auctor fringilla. Cras justo odio, dapibus ac facilisis in, egestas eget quam. <br /><br />Nullam id dolor id nibh ultricies vehicula ut id elit. Nullam quis risus eget urna mollis ornare vel eu leo.</p>\n<p>Nullam quis risus eget urna mollis ornare vel eu leo. Cras justo odio, dapibus ac facilisis in, egestas eget quam. Sed posuere consectetur est at lobortis. Nulla vitae elit libero, a pharetra augue.<br /><br />Donec sed odio dui. Maecenas faucibus mollis interdum. Lorem ipsum dolor sit amet, consectetur adipiscing elit. Nullam quis risus eget urna mollis ornare vel eu leo. Cras justo odio, dapibus ac facilisis in, egestas eget quam. Cras justo odio, dapibus ac facilisis in, egestas eget quam. Donec ullamcorper nulla non metus auctor fringilla.</p>', NULL, NULL, NULL, NULL, NULL, NULL, NULL, NULL, NULL, NULL),
(88, 89, 1, NULL, '2023-02-06 21:37:10', '2023-02-06 21:37:10', 'c68726d4-e1b9-4c55-848f-397135b72937', NULL, NULL, NULL, NULL, NULL, NULL, NULL, NULL, NULL, NULL, NULL, NULL),
(89, 90, 1, 'Bg dot', '2023-02-06 21:43:36', '2023-02-06 21:43:36', '9a6e4c5d-ec81-4dbf-9a64-97dd02951602', NULL, NULL, NULL, NULL, NULL, NULL, NULL, NULL, NULL, NULL, NULL, NULL),
(90, 91, 1, 'Bg grid large', '2023-02-06 21:43:36', '2023-02-06 21:43:36', 'ffbe30f4-e89c-4806-b17a-a29ac1be4a51', NULL, NULL, NULL, NULL, NULL, NULL, NULL, NULL, NULL, NULL, NULL, NULL),
(91, 92, 1, 'Bg grid small', '2023-02-06 21:43:37', '2023-02-06 21:43:37', 'b94e4dc1-9d49-4dd6-919f-1cb80bcab016', NULL, NULL, NULL, NULL, NULL, NULL, NULL, NULL, NULL, NULL, NULL, NULL),
(92, 93, 1, 'Home', '2023-02-06 22:04:19', '2023-02-08 23:43:08', 'fe0dcbd4-9b22-4cc1-a835-14ddec278156', NULL, NULL, NULL, 'I create user-friendly and user-centered digital experiences.', NULL, '{\"titleRaw\":[],\"descriptionRaw\":\"\",\"keywords\":[],\"score\":\"neutral\",\"social\":{\"twitter\":{\"handle\":null,\"title\":\"Home - Portfolio\",\"imageId\":\"\",\"description\":\"\"},\"facebook\":{\"handle\":null,\"title\":\"Home - Portfolio\",\"imageId\":\"\",\"description\":\"\"}},\"advanced\":{\"robots\":[],\"canonical\":\"\"}}', NULL, NULL, NULL, NULL, 'Hi Im Hassan,', NULL),
(93, 94, 1, 'Home', '2023-02-06 22:05:40', '2023-02-06 22:05:40', '689a3064-fffd-44fe-aefc-dee853964be9', NULL, NULL, NULL, NULL, NULL, '{\"titleRaw\":[],\"descriptionRaw\":\"\",\"keywords\":[],\"score\":\"neutral\",\"social\":{\"twitter\":{\"handle\":null,\"title\":\"Home - Portfolio\",\"imageId\":\"\",\"description\":\"\"},\"facebook\":{\"handle\":null,\"title\":\"Home - Portfolio\",\"imageId\":\"\",\"description\":\"\"}},\"advanced\":{\"robots\":[],\"canonical\":\"\"}}', NULL, NULL, NULL, NULL, NULL, NULL),
(95, 96, 1, 'Home', '2023-02-06 22:06:16', '2023-02-06 22:06:16', '7e8ecc7a-9137-4fbc-bf81-4702a0775c5c', NULL, NULL, NULL, 'I create user-friendly and user-centered digital experiences.', NULL, '{\"titleRaw\":[],\"descriptionRaw\":\"\",\"keywords\":[],\"score\":\"neutral\",\"social\":{\"twitter\":{\"handle\":null,\"title\":\"Home - Portfolio\",\"imageId\":\"\",\"description\":\"\"},\"facebook\":{\"handle\":null,\"title\":\"Home - Portfolio\",\"imageId\":\"\",\"description\":\"\"}},\"advanced\":{\"robots\":[],\"canonical\":\"\"}}', NULL, NULL, NULL, NULL, 'Hi Im Hassan,', NULL),
(97, 98, 1, 'Home', '2023-02-06 22:07:11', '2023-02-06 22:07:11', '4a522bcb-e69c-4d84-9602-e0f345ce91e7', NULL, NULL, NULL, 'I create user-friendly and user-centered digital experiences.', NULL, '{\"titleRaw\":[],\"descriptionRaw\":\"\",\"keywords\":[],\"score\":\"neutral\",\"social\":{\"twitter\":{\"handle\":null,\"title\":\"Home - Portfolio\",\"imageId\":\"\",\"description\":\"\"},\"facebook\":{\"handle\":null,\"title\":\"Home - Portfolio\",\"imageId\":\"\",\"description\":\"\"}},\"advanced\":{\"robots\":[],\"canonical\":\"\"}}', NULL, NULL, NULL, NULL, 'Hi Im Hassan,', NULL),
(99, 100, 1, 'Zabihah', '2023-02-08 19:20:52', '2023-02-08 19:20:52', 'd981a33d-722f-4f1a-9179-547bfb21df37', NULL, NULL, NULL, 'Helped drive users to the Zabihah app through a redesign', NULL, '{\"titleRaw\":[],\"descriptionRaw\":\"\",\"keywords\":[],\"score\":\"neutral\",\"social\":{\"twitter\":{\"handle\":null,\"title\":\"Zabihah - Portfolio\",\"imageId\":\"\",\"description\":\"\"},\"facebook\":{\"handle\":null,\"title\":\"Zabihah - Portfolio\",\"imageId\":\"\",\"description\":\"\"}},\"advanced\":{\"robots\":[],\"canonical\":\"\"}}', NULL, NULL, NULL, NULL, 'Finding Halal food', 1),
(100, 101, 1, NULL, '2023-02-08 19:20:52', '2023-02-08 19:20:52', '5c773bf2-71d8-4225-abd5-410be9fdb69e', NULL, NULL, NULL, NULL, NULL, NULL, NULL, NULL, NULL, NULL, NULL, NULL),
(101, 102, 1, NULL, '2023-02-08 19:20:52', '2023-02-08 19:20:52', '230c65e6-8b72-4c88-958d-7bb07f14ee0f', 'The Problem', '<p>Aenean eu leo quam. Pellentesque ornare sem lacinia quam venenatis vestibulum. Donec ullamcorper nulla non metus auctor fringilla. Etiam porta sem malesuada magna mollis euismod. Nullam id dolor id nibh ultricies vehicula ut id elit. Aenean lacinia bibendum nulla sed consectetur.</p>', NULL, NULL, NULL, NULL, NULL, NULL, NULL, NULL, NULL, NULL),
(102, 103, 1, NULL, '2023-02-08 19:20:52', '2023-02-08 19:20:52', '97b06639-f57d-49e2-a9c4-c52d7e97f6e3', NULL, '<p>Donec ullamcorper nulla non metus auctor fringilla. Cras mattis consectetur purus sit amet fermentum. Maecenas sed diam eget risus varius blandit sit amet non magna. Donec ullamcorper nulla non metus auctor fringilla. Cras justo odio, dapibus ac facilisis in, egestas eget quam. <br /><br />Nullam id dolor id nibh ultricies vehicula ut id elit. Nullam quis risus eget urna mollis ornare vel eu leo.</p>\n<p>Nullam quis risus eget urna mollis ornare vel eu leo. Cras justo odio, dapibus ac facilisis in, egestas eget quam. Sed posuere consectetur est at lobortis. Nulla vitae elit libero, a pharetra augue.<br /><br />Donec sed odio dui. Maecenas faucibus mollis interdum. Lorem ipsum dolor sit amet, consectetur adipiscing elit. Nullam quis risus eget urna mollis ornare vel eu leo. Cras justo odio, dapibus ac facilisis in, egestas eget quam. Cras justo odio, dapibus ac facilisis in, egestas eget quam. Donec ullamcorper nulla non metus auctor fringilla.</p>', NULL, NULL, NULL, NULL, NULL, NULL, NULL, NULL, NULL, NULL),
(103, 104, 1, NULL, '2023-02-08 19:20:52', '2023-02-08 19:20:52', 'b8145ed9-a4b1-41d5-9ded-89128e240962', NULL, NULL, NULL, NULL, NULL, NULL, NULL, NULL, NULL, NULL, NULL, NULL),
(104, 105, 1, 'Zabihah 2', '2023-02-08 21:06:18', '2023-02-08 21:06:21', '0e5225aa-91c4-46ab-9320-2b510fdf93fb', NULL, NULL, NULL, 'Helped drive users to the Zabihah app through a redesign', NULL, '{\"titleRaw\":{\"1\":\"Zabihah\"},\"descriptionRaw\":\"\",\"keywords\":[],\"score\":\"neutral\",\"social\":{\"twitter\":{\"handle\":null,\"title\":\"Zabihah 2 - Portfolio\",\"imageId\":\"\",\"description\":\"\"},\"facebook\":{\"handle\":null,\"title\":\"Zabihah 2 - Portfolio\",\"imageId\":\"\",\"description\":\"\"}},\"advanced\":{\"robots\":[],\"canonical\":\"\"}}', NULL, NULL, NULL, NULL, 'Finding Halal food', 1),
(105, 106, 1, NULL, '2023-02-08 21:06:18', '2023-02-08 21:06:18', 'c9638842-681d-4561-a439-13d2ee36af16', NULL, NULL, NULL, NULL, NULL, NULL, NULL, NULL, NULL, NULL, NULL, NULL),
(106, 107, 1, NULL, '2023-02-08 21:06:18', '2023-02-08 21:06:18', 'd278cbfc-55e7-458d-9a5e-01d2a8d03074', 'The Problem', '<p>Aenean eu leo quam. Pellentesque ornare sem lacinia quam venenatis vestibulum. Donec ullamcorper nulla non metus auctor fringilla. Etiam porta sem malesuada magna mollis euismod. Nullam id dolor id nibh ultricies vehicula ut id elit. Aenean lacinia bibendum nulla sed consectetur.</p>', NULL, NULL, NULL, NULL, NULL, NULL, NULL, NULL, NULL, NULL),
(107, 108, 1, NULL, '2023-02-08 21:06:18', '2023-02-08 21:06:18', 'fbec0258-80e8-4f60-be15-2ffff8656dcb', NULL, '<p>Donec ullamcorper nulla non metus auctor fringilla. Cras mattis consectetur purus sit amet fermentum. Maecenas sed diam eget risus varius blandit sit amet non magna. Donec ullamcorper nulla non metus auctor fringilla. Cras justo odio, dapibus ac facilisis in, egestas eget quam. <br /><br />Nullam id dolor id nibh ultricies vehicula ut id elit. Nullam quis risus eget urna mollis ornare vel eu leo.</p>\n<p>Nullam quis risus eget urna mollis ornare vel eu leo. Cras justo odio, dapibus ac facilisis in, egestas eget quam. Sed posuere consectetur est at lobortis. Nulla vitae elit libero, a pharetra augue.<br /><br />Donec sed odio dui. Maecenas faucibus mollis interdum. Lorem ipsum dolor sit amet, consectetur adipiscing elit. Nullam quis risus eget urna mollis ornare vel eu leo. Cras justo odio, dapibus ac facilisis in, egestas eget quam. Cras justo odio, dapibus ac facilisis in, egestas eget quam. Donec ullamcorper nulla non metus auctor fringilla.</p>', NULL, NULL, NULL, NULL, NULL, NULL, NULL, NULL, NULL, NULL),
(108, 109, 1, NULL, '2023-02-08 21:06:18', '2023-02-08 21:06:18', 'f4c7caf8-8823-454d-a3df-bf50511f3cd3', NULL, NULL, NULL, NULL, NULL, NULL, NULL, NULL, NULL, NULL, NULL, NULL),
(109, 110, 1, 'Zabihah', '2023-02-08 21:06:18', '2023-02-08 21:06:18', '63f693f6-3c85-496d-bf15-f3dca5e40d70', NULL, NULL, NULL, 'Helped drive users to the Zabihah app through a redesign', NULL, '{\"titleRaw\":[],\"descriptionRaw\":\"\",\"keywords\":[],\"score\":\"neutral\",\"social\":{\"twitter\":{\"handle\":null,\"title\":\"Zabihah - Portfolio\",\"imageId\":\"\",\"description\":\"\"},\"facebook\":{\"handle\":null,\"title\":\"Zabihah - Portfolio\",\"imageId\":\"\",\"description\":\"\"}},\"advanced\":{\"robots\":[],\"canonical\":\"\"}}', NULL, NULL, NULL, NULL, 'Finding Halal food', 1),
(110, 111, 1, NULL, '2023-02-08 21:06:18', '2023-02-08 21:06:18', 'f627aed9-e5b0-4100-aaa4-8141d9a67eb5', NULL, NULL, NULL, NULL, NULL, NULL, NULL, NULL, NULL, NULL, NULL, NULL),
(111, 112, 1, NULL, '2023-02-08 21:06:18', '2023-02-08 21:06:18', '0e068df2-6f4c-4e78-9070-cccda406f9cb', 'The Problem', '<p>Aenean eu leo quam. Pellentesque ornare sem lacinia quam venenatis vestibulum. Donec ullamcorper nulla non metus auctor fringilla. Etiam porta sem malesuada magna mollis euismod. Nullam id dolor id nibh ultricies vehicula ut id elit. Aenean lacinia bibendum nulla sed consectetur.</p>', NULL, NULL, NULL, NULL, NULL, NULL, NULL, NULL, NULL, NULL),
(112, 113, 1, NULL, '2023-02-08 21:06:18', '2023-02-08 21:06:18', '3aec6943-8f7d-46f2-aafe-47e87c4f9dff', NULL, '<p>Donec ullamcorper nulla non metus auctor fringilla. Cras mattis consectetur purus sit amet fermentum. Maecenas sed diam eget risus varius blandit sit amet non magna. Donec ullamcorper nulla non metus auctor fringilla. Cras justo odio, dapibus ac facilisis in, egestas eget quam. <br /><br />Nullam id dolor id nibh ultricies vehicula ut id elit. Nullam quis risus eget urna mollis ornare vel eu leo.</p>\n<p>Nullam quis risus eget urna mollis ornare vel eu leo. Cras justo odio, dapibus ac facilisis in, egestas eget quam. Sed posuere consectetur est at lobortis. Nulla vitae elit libero, a pharetra augue.<br /><br />Donec sed odio dui. Maecenas faucibus mollis interdum. Lorem ipsum dolor sit amet, consectetur adipiscing elit. Nullam quis risus eget urna mollis ornare vel eu leo. Cras justo odio, dapibus ac facilisis in, egestas eget quam. Cras justo odio, dapibus ac facilisis in, egestas eget quam. Donec ullamcorper nulla non metus auctor fringilla.</p>', NULL, NULL, NULL, NULL, NULL, NULL, NULL, NULL, NULL, NULL),
(113, 114, 1, NULL, '2023-02-08 21:06:18', '2023-02-08 21:06:18', '54b6b47f-99d1-44f0-8cf4-1c0ea8113d77', NULL, NULL, NULL, NULL, NULL, NULL, NULL, NULL, NULL, NULL, NULL, NULL),
(115, 116, 1, 'Zabihah 2', '2023-02-08 21:06:21', '2023-02-08 21:06:21', '550eefb3-6bac-4d35-95d6-037b24e7c628', NULL, NULL, NULL, 'Helped drive users to the Zabihah app through a redesign', NULL, '{\"titleRaw\":{\"1\":\"Zabihah\"},\"descriptionRaw\":\"\",\"keywords\":[],\"score\":\"neutral\",\"social\":{\"twitter\":{\"handle\":null,\"title\":\"Zabihah 2 - Portfolio\",\"imageId\":\"\",\"description\":\"\"},\"facebook\":{\"handle\":null,\"title\":\"Zabihah 2 - Portfolio\",\"imageId\":\"\",\"description\":\"\"}},\"advanced\":{\"robots\":[],\"canonical\":\"\"}}', NULL, NULL, NULL, NULL, 'Finding Halal food', 1),
(116, 117, 1, NULL, '2023-02-08 21:06:21', '2023-02-08 21:06:21', '22b9d74e-4e86-40b1-98e6-6115912f598f', NULL, NULL, NULL, NULL, NULL, NULL, NULL, NULL, NULL, NULL, NULL, NULL),
(117, 118, 1, NULL, '2023-02-08 21:06:21', '2023-02-08 21:06:21', '6ea16ef7-7d5d-4696-a97e-d1dd165f6033', 'The Problem', '<p>Aenean eu leo quam. Pellentesque ornare sem lacinia quam venenatis vestibulum. Donec ullamcorper nulla non metus auctor fringilla. Etiam porta sem malesuada magna mollis euismod. Nullam id dolor id nibh ultricies vehicula ut id elit. Aenean lacinia bibendum nulla sed consectetur.</p>', NULL, NULL, NULL, NULL, NULL, NULL, NULL, NULL, NULL, NULL),
(118, 119, 1, NULL, '2023-02-08 21:06:21', '2023-02-08 21:06:21', 'e8aafded-04a6-4779-82f4-4c1733fe993c', NULL, '<p>Donec ullamcorper nulla non metus auctor fringilla. Cras mattis consectetur purus sit amet fermentum. Maecenas sed diam eget risus varius blandit sit amet non magna. Donec ullamcorper nulla non metus auctor fringilla. Cras justo odio, dapibus ac facilisis in, egestas eget quam. <br /><br />Nullam id dolor id nibh ultricies vehicula ut id elit. Nullam quis risus eget urna mollis ornare vel eu leo.</p>\n<p>Nullam quis risus eget urna mollis ornare vel eu leo. Cras justo odio, dapibus ac facilisis in, egestas eget quam. Sed posuere consectetur est at lobortis. Nulla vitae elit libero, a pharetra augue.<br /><br />Donec sed odio dui. Maecenas faucibus mollis interdum. Lorem ipsum dolor sit amet, consectetur adipiscing elit. Nullam quis risus eget urna mollis ornare vel eu leo. Cras justo odio, dapibus ac facilisis in, egestas eget quam. Cras justo odio, dapibus ac facilisis in, egestas eget quam. Donec ullamcorper nulla non metus auctor fringilla.</p>', NULL, NULL, NULL, NULL, NULL, NULL, NULL, NULL, NULL, NULL),
(119, 120, 1, NULL, '2023-02-08 21:06:21', '2023-02-08 21:06:21', 'bd9eab57-9eea-489e-96ff-b985e99db24b', NULL, NULL, NULL, NULL, NULL, NULL, NULL, NULL, NULL, NULL, NULL, NULL),
(121, 122, 1, 'Home', '2023-02-08 21:06:35', '2023-02-08 21:06:35', '050adee7-d865-4cfa-bd8b-4000ae237055', NULL, NULL, NULL, 'I create user-friendly and user-centered digital experiences.', NULL, '{\"titleRaw\":[],\"descriptionRaw\":\"\",\"keywords\":[],\"score\":\"neutral\",\"social\":{\"twitter\":{\"handle\":null,\"title\":\"Home - Portfolio\",\"imageId\":\"\",\"description\":\"\"},\"facebook\":{\"handle\":null,\"title\":\"Home - Portfolio\",\"imageId\":\"\",\"description\":\"\"}},\"advanced\":{\"robots\":[],\"canonical\":\"\"}}', NULL, NULL, NULL, NULL, 'Hi Im Hassan,', NULL),
(122, 123, 1, 'User Experience', '2023-02-08 21:50:44', '2023-02-08 21:54:17', '806950d1-64ef-482b-a250-4262b0f6ae96', NULL, '<p>My expertise in analyzing, researching, and designing user-friendly experiences influences the way your users interact with your website.</p>', NULL, NULL, NULL, NULL, NULL, NULL, NULL, NULL, NULL, NULL),
(123, 124, 1, 'Icon ux', '2023-02-08 21:51:08', '2023-02-08 21:51:08', 'c2520cdb-d4e9-4cef-ab6a-e080ca91852e', NULL, NULL, NULL, NULL, NULL, NULL, NULL, NULL, NULL, NULL, NULL, NULL),
(124, 125, 1, 'User Experience', '2023-02-08 21:54:17', '2023-02-08 21:54:17', '6306abb2-46ed-4bfd-8f74-7657d1e89e8c', NULL, '<p>My expertise in analyzing, researching, and designing user-friendly experiences influences the way your users interact with your website.</p>', NULL, NULL, NULL, NULL, NULL, NULL, NULL, NULL, NULL, NULL),
(126, 127, 1, 'Home', '2023-02-08 21:54:31', '2023-02-08 21:54:31', '76b7f565-0d88-4b15-a829-c8eb9c74cc24', NULL, NULL, NULL, 'I create user-friendly and user-centered digital experiences.', NULL, '{\"titleRaw\":[],\"descriptionRaw\":\"\",\"keywords\":[],\"score\":\"neutral\",\"social\":{\"twitter\":{\"handle\":null,\"title\":\"Home - Portfolio\",\"imageId\":\"\",\"description\":\"\"},\"facebook\":{\"handle\":null,\"title\":\"Home - Portfolio\",\"imageId\":\"\",\"description\":\"\"}},\"advanced\":{\"robots\":[],\"canonical\":\"\"}}', NULL, NULL, NULL, NULL, 'Hi Im Hassan,', NULL),
(128, 129, 1, 'UI/UX design', '2023-02-08 21:56:58', '2023-02-08 21:56:58', '6acf66c0-dcf4-4a74-a2fb-38f075582e99', NULL, '<p>I specialize in designing user-friendly digital experiences that satisfy both user and business needs. My expertise influences user interactions with your website.</p>', NULL, NULL, NULL, NULL, NULL, NULL, NULL, NULL, NULL, NULL),
(130, 131, 1, 'Web development', '2023-02-08 21:58:20', '2023-02-08 21:58:20', 'fc9be0a8-3425-47fb-9dbb-1598aa0e5e42', NULL, '<p>I specialize in user-friendly websites using Craft CMS, influencing user interactions with custom, high-performing sites for various industries.</p>', NULL, NULL, NULL, NULL, NULL, NULL, NULL, NULL, NULL, NULL),
(132, 133, 1, 'Commerce', '2023-02-08 21:59:47', '2023-02-08 21:59:47', '65cb5594-ce1a-41e6-9064-ccd95b4e4870', NULL, '<p>I specialize in user-friendly e-commerce using Craft Commerce, offering custom, high-performing sites and end-to-end solutions for businesses in various industries.\"</p>', NULL, NULL, NULL, NULL, NULL, NULL, NULL, NULL, NULL, NULL),
(134, 135, 1, 'Content Planning', '2023-02-08 22:00:39', '2023-02-08 22:00:39', '20718aea-5858-4d41-84dd-8edb8280dc3a', NULL, '<p>I specialize in content planning and organization for maximum impact and efficiency, influencing business success through the development of a comprehensive content plan.</p>', NULL, NULL, NULL, NULL, NULL, NULL, NULL, NULL, NULL, NULL),
(137, 138, 1, 'UI design', '2023-02-08 22:00:50', '2023-02-08 22:00:50', '650a209f-cb98-4b57-9c03-9e8659450692', NULL, '<p>I specialize in designing user-friendly digital experiences that satisfy both user and business needs. My expertise influences user interactions with your website.</p>', NULL, NULL, NULL, NULL, NULL, NULL, NULL, NULL, NULL, NULL),
(139, 140, 1, 'UI Design', '2023-02-08 22:01:06', '2023-02-08 22:01:06', '9b800d54-a601-498f-865f-d10fd8f8d336', NULL, '<p>I specialize in designing user-friendly digital experiences that satisfy both user and business needs. My expertise influences user interactions with your website.</p>', NULL, NULL, NULL, NULL, NULL, NULL, NULL, NULL, NULL, NULL),
(141, 142, 1, 'Web Development', '2023-02-08 22:01:11', '2023-02-08 22:01:11', '4421583d-64ec-4b77-8f34-a4935830344d', NULL, '<p>I specialize in user-friendly websites using Craft CMS, influencing user interactions with custom, high-performing sites for various industries.</p>', NULL, NULL, NULL, NULL, NULL, NULL, NULL, NULL, NULL, NULL),
(143, 144, 1, 'Content Strategy', '2023-02-08 22:02:00', '2023-02-08 22:02:00', 'fd997777-e7a2-4071-8319-10b6ff1cb5a6', NULL, '<p>I specialize in custom content strategy, maximizing reach and engagement for businesses through audience, goal, and challenge understanding</p>', NULL, NULL, NULL, NULL, NULL, NULL, NULL, NULL, NULL, NULL),
(145, 146, 1, 'Branding', '2023-02-08 22:02:42', '2023-02-08 22:02:42', 'c90cdfcc-1e2c-4e0b-992e-175eaf19f5cc', NULL, '<p>I specialize in creating a strong brand identity that influences user interactions and differentiates businesses from competitors.</p>', NULL, NULL, NULL, NULL, NULL, NULL, NULL, NULL, NULL, NULL),
(146, 147, 1, 'Home', '2023-02-08 22:03:31', '2023-02-08 22:03:31', '4c15a0ee-52d2-498f-bc0f-4081abe04cda', NULL, NULL, NULL, 'I create user-friendly and user-centered digital experiences.', NULL, '{\"titleRaw\":[],\"descriptionRaw\":\"\",\"keywords\":[],\"score\":\"neutral\",\"social\":{\"twitter\":{\"handle\":null,\"title\":\"Home - Portfolio\",\"imageId\":\"\",\"description\":\"\"},\"facebook\":{\"handle\":null,\"title\":\"Home - Portfolio\",\"imageId\":\"\",\"description\":\"\"}},\"advanced\":{\"robots\":[],\"canonical\":\"\"}}', NULL, NULL, NULL, NULL, 'Hi Im Hassan,', NULL),
(147, 148, 1, 'App Development', '2023-02-08 23:41:58', '2023-02-08 23:42:06', 'aba94c16-9019-45d3-b79e-f785b7d2f0a4', NULL, NULL, NULL, NULL, NULL, NULL, NULL, NULL, NULL, NULL, NULL, NULL),
(148, 149, 1, 'App Development', '2023-02-08 23:42:06', '2023-02-08 23:42:06', '2dbd9f02-5a9a-41c7-8a35-b711b74ffeaf', NULL, NULL, NULL, NULL, NULL, NULL, NULL, NULL, NULL, NULL, NULL, NULL),
(150, 151, 1, 'Zabihah', '2023-02-08 23:42:22', '2023-02-08 23:42:22', 'd812d496-a078-4acb-b488-98e48171448a', NULL, NULL, NULL, 'Helped drive users to the Zabihah app through a redesign', NULL, '{\"titleRaw\":[],\"descriptionRaw\":\"\",\"keywords\":[],\"score\":\"neutral\",\"social\":{\"twitter\":{\"handle\":null,\"title\":\"Zabihah - Portfolio\",\"imageId\":\"\",\"description\":\"\"},\"facebook\":{\"handle\":null,\"title\":\"Zabihah - Portfolio\",\"imageId\":\"\",\"description\":\"\"}},\"advanced\":{\"robots\":[],\"canonical\":\"\"}}', NULL, NULL, NULL, NULL, 'Finding Halal food', 1),
(151, 152, 1, NULL, '2023-02-08 23:42:22', '2023-02-08 23:42:22', '1f139866-846a-4cac-a65d-b9ee8754f2f9', NULL, NULL, NULL, NULL, NULL, NULL, NULL, NULL, NULL, NULL, NULL, NULL),
(152, 153, 1, NULL, '2023-02-08 23:42:22', '2023-02-08 23:42:22', '470bac66-6e60-462e-8882-4dcdc2d1bd15', 'The Problem', '<p>Aenean eu leo quam. Pellentesque ornare sem lacinia quam venenatis vestibulum. Donec ullamcorper nulla non metus auctor fringilla. Etiam porta sem malesuada magna mollis euismod. Nullam id dolor id nibh ultricies vehicula ut id elit. Aenean lacinia bibendum nulla sed consectetur.</p>', NULL, NULL, NULL, NULL, NULL, NULL, NULL, NULL, NULL, NULL),
(153, 154, 1, NULL, '2023-02-08 23:42:22', '2023-02-08 23:42:22', '00caa1d0-ad08-4702-87ae-4d0b57b62c82', NULL, '<p>Donec ullamcorper nulla non metus auctor fringilla. Cras mattis consectetur purus sit amet fermentum. Maecenas sed diam eget risus varius blandit sit amet non magna. Donec ullamcorper nulla non metus auctor fringilla. Cras justo odio, dapibus ac facilisis in, egestas eget quam. <br /><br />Nullam id dolor id nibh ultricies vehicula ut id elit. Nullam quis risus eget urna mollis ornare vel eu leo.</p>\n<p>Nullam quis risus eget urna mollis ornare vel eu leo. Cras justo odio, dapibus ac facilisis in, egestas eget quam. Sed posuere consectetur est at lobortis. Nulla vitae elit libero, a pharetra augue.<br /><br />Donec sed odio dui. Maecenas faucibus mollis interdum. Lorem ipsum dolor sit amet, consectetur adipiscing elit. Nullam quis risus eget urna mollis ornare vel eu leo. Cras justo odio, dapibus ac facilisis in, egestas eget quam. Cras justo odio, dapibus ac facilisis in, egestas eget quam. Donec ullamcorper nulla non metus auctor fringilla.</p>', NULL, NULL, NULL, NULL, NULL, NULL, NULL, NULL, NULL, NULL),
(154, 155, 1, NULL, '2023-02-08 23:42:22', '2023-02-08 23:42:22', '70778295-84c9-49ab-ad97-c71b0c097e90', NULL, NULL, NULL, NULL, NULL, NULL, NULL, NULL, NULL, NULL, NULL, NULL),
(156, 157, 1, 'Home', '2023-02-08 23:43:08', '2023-02-08 23:43:08', '59f1a5d2-2b9e-4d02-a0f4-c38e23395281', NULL, NULL, NULL, 'I create user-friendly and user-centered digital experiences.', NULL, '{\"titleRaw\":[],\"descriptionRaw\":\"\",\"keywords\":[],\"score\":\"neutral\",\"social\":{\"twitter\":{\"handle\":null,\"title\":\"Home - Portfolio\",\"imageId\":\"\",\"description\":\"\"},\"facebook\":{\"handle\":null,\"title\":\"Home - Portfolio\",\"imageId\":\"\",\"description\":\"\"}},\"advanced\":{\"robots\":[],\"canonical\":\"\"}}', NULL, NULL, NULL, NULL, 'Hi Im Hassan,', NULL);

INSERT INTO `elements` (`id`, `canonicalId`, `draftId`, `revisionId`, `fieldLayoutId`, `type`, `enabled`, `archived`, `dateCreated`, `dateUpdated`, `dateLastMerged`, `dateDeleted`, `uid`) VALUES
(1, NULL, NULL, NULL, NULL, 'craft\\elements\\User', 1, 0, '2023-02-06 14:45:52', '2023-02-06 14:45:52', NULL, NULL, 'c5d0c54d-a109-4025-a764-3c302c53d6c5'),
(3, NULL, NULL, NULL, 1, 'craft\\elements\\Asset', 1, 0, '2023-02-06 15:15:29', '2023-02-06 15:15:29', NULL, NULL, '87eb81a2-815c-401d-8750-51683e0d3bd6'),
(4, NULL, NULL, NULL, 11, 'craft\\elements\\GlobalSet', 1, 0, '2023-02-06 16:15:37', '2023-02-06 20:24:25', NULL, NULL, '8f6be66c-9368-4b7e-9f53-400fdc713896'),
(5, NULL, NULL, NULL, 10, 'craft\\elements\\GlobalSet', 1, 0, '2023-02-06 16:16:07', '2023-02-06 20:24:19', NULL, NULL, '4ad1595b-34de-4602-a12c-a31fd7b2f553'),
(6, NULL, NULL, NULL, 9, 'craft\\elements\\GlobalSet', 1, 0, '2023-02-06 16:27:26', '2023-02-06 20:24:18', NULL, NULL, '652597c5-d700-4e7d-bcc9-c6499bca66b1'),
(7, NULL, NULL, NULL, 8, 'verbb\\supertable\\elements\\SuperTableBlockElement', 1, 0, '2023-02-06 16:29:20', '2023-02-06 16:29:20', NULL, NULL, '2a0a95b0-97ce-4f82-9f48-27f3eb390bd2'),
(8, NULL, NULL, NULL, 17, 'craft\\elements\\GlobalSet', 1, 0, '2023-02-06 20:24:11', '2023-02-06 20:25:23', NULL, NULL, '890c3a89-36ab-4d56-99cd-59710425c44a'),
(9, NULL, NULL, NULL, 1, 'craft\\elements\\Asset', 1, 0, '2023-02-06 20:37:57', '2023-02-06 20:37:57', NULL, NULL, '28431251-d837-4253-8212-d792557a0078'),
(10, NULL, NULL, NULL, 1, 'craft\\elements\\Asset', 1, 0, '2023-02-06 20:37:57', '2023-02-06 20:37:57', NULL, NULL, 'f6c3279c-bc5d-4da7-ae4d-0906ac6b83ae'),
(11, NULL, NULL, NULL, 6, 'craft\\elements\\Asset', 1, 0, '2023-02-06 20:40:15', '2023-02-06 20:40:15', NULL, NULL, '8ba7cd3e-b58d-446a-aef0-d74a967fe47a'),
(12, NULL, NULL, NULL, 6, 'craft\\elements\\Asset', 1, 0, '2023-02-06 20:40:15', '2023-02-06 20:40:15', NULL, NULL, 'f64f0cdd-00f1-4507-b558-aed3852b6d02'),
(13, NULL, NULL, NULL, 6, 'craft\\elements\\Asset', 1, 0, '2023-02-06 20:40:15', '2023-02-06 20:40:15', NULL, NULL, 'c0d98e7d-062f-4121-b54b-a06cd539273f'),
(14, NULL, NULL, NULL, 6, 'craft\\elements\\Asset', 1, 0, '2023-02-06 20:40:15', '2023-02-06 20:40:15', NULL, NULL, 'afd3ad87-20a7-4db6-9a2b-157b77c1d5b5'),
(15, NULL, NULL, NULL, 6, 'craft\\elements\\Asset', 1, 0, '2023-02-06 20:40:15', '2023-02-06 20:40:15', NULL, NULL, 'cb852e12-9fb1-4a22-a187-e3a4ad3efbd4'),
(16, NULL, NULL, NULL, 6, 'craft\\elements\\Asset', 1, 0, '2023-02-06 20:40:15', '2023-02-06 20:40:15', NULL, NULL, '4a3eb098-38ae-47e6-9563-1e00782835f9'),
(17, NULL, NULL, NULL, 1, 'craft\\elements\\Asset', 1, 0, '2023-02-06 20:43:50', '2023-02-06 20:43:50', NULL, NULL, '3c44501d-9319-4f74-bc69-3d48fec1fe69'),
(18, NULL, NULL, NULL, 1, 'craft\\elements\\Asset', 1, 0, '2023-02-06 20:43:50', '2023-02-06 20:43:50', NULL, NULL, 'd1fce945-b764-44b1-bf70-4b3220bf7538'),
(19, NULL, NULL, NULL, 1, 'craft\\elements\\Asset', 1, 0, '2023-02-06 20:43:50', '2023-02-06 20:43:50', NULL, NULL, '218ebce7-0abd-4e0e-bab4-0fd37ce07627'),
(20, NULL, NULL, NULL, 1, 'craft\\elements\\Asset', 1, 0, '2023-02-06 20:43:50', '2023-02-06 20:43:50', NULL, NULL, '4d68f8b6-cf9f-4510-989e-bd281ae328d5'),
(21, NULL, NULL, NULL, 1, 'craft\\elements\\Asset', 1, 0, '2023-02-06 20:43:50', '2023-02-06 20:43:50', NULL, NULL, '03676405-c4c0-409a-84ae-1dd705da33e8'),
(22, NULL, NULL, NULL, 1, 'craft\\elements\\Asset', 1, 0, '2023-02-06 20:43:58', '2023-02-06 20:43:58', NULL, NULL, 'e2491aaf-5bb5-4a2b-be30-8a83815c0bd0'),
(23, NULL, NULL, NULL, 1, 'craft\\elements\\Asset', 1, 0, '2023-02-06 20:46:15', '2023-02-06 20:46:15', NULL, NULL, '34080348-7a53-4049-a914-352f9a209b2f'),
(24, NULL, NULL, NULL, 1, 'craft\\elements\\Asset', 1, 0, '2023-02-06 20:46:16', '2023-02-06 20:46:16', NULL, NULL, '9b07737d-fbb8-4541-89ed-ff8703081624'),
(25, NULL, NULL, NULL, 1, 'craft\\elements\\Asset', 1, 0, '2023-02-06 20:49:48', '2023-02-06 20:49:48', NULL, NULL, '11089f61-6949-4aa3-bc32-9b2ad3ba9df2'),
(26, NULL, NULL, NULL, 3, 'craft\\elements\\Entry', 1, 0, '2023-02-06 20:50:03', '2023-02-06 20:50:34', NULL, NULL, '605083d1-4a06-4b67-a1ba-6901533a0971'),
(27, 26, NULL, 1, 3, 'craft\\elements\\Entry', 1, 0, '2023-02-06 20:50:34', '2023-02-06 20:50:34', NULL, NULL, '86dad19b-11dc-43bf-8c4b-12c5b3fe270b'),
(28, NULL, NULL, NULL, 3, 'craft\\elements\\Entry', 1, 0, '2023-02-06 20:57:03', '2023-02-06 21:00:32', NULL, NULL, 'f193f448-28d7-4521-9182-543b167ff172'),
(29, 28, NULL, 2, 3, 'craft\\elements\\Entry', 1, 0, '2023-02-06 20:57:11', '2023-02-06 20:57:11', NULL, NULL, '702ccc15-d641-4066-8bd2-2e7a87cf3f1e'),
(30, NULL, NULL, NULL, 1, 'craft\\elements\\Asset', 1, 0, '2023-02-06 21:00:22', '2023-02-06 21:00:22', NULL, NULL, '7de5cf2d-01f9-4ce3-a55f-58e0cc2566b1'),
(32, 28, NULL, 3, 3, 'craft\\elements\\Entry', 1, 0, '2023-02-06 21:00:32', '2023-02-06 21:00:32', NULL, NULL, '601503e4-79fd-495e-a11a-dcd235a52002'),
(33, NULL, NULL, NULL, 5, 'craft\\elements\\Entry', 1, 0, '2023-02-06 21:00:43', '2023-02-08 22:01:11', NULL, NULL, '53dd0570-8c94-41da-a7b6-2103559098f9'),
(34, 33, NULL, 4, 5, 'craft\\elements\\Entry', 1, 0, '2023-02-06 21:01:08', '2023-02-06 21:01:08', NULL, NULL, '29beaf13-914e-46ad-a7f7-cc99b8be4f31'),
(35, NULL, NULL, NULL, 5, 'craft\\elements\\Entry', 1, 0, '2023-02-06 21:01:12', '2023-02-08 22:01:05', NULL, NULL, '75d3d0b6-08f9-4b05-b900-857db500ee84'),
(36, 35, NULL, 5, 5, 'craft\\elements\\Entry', 1, 0, '2023-02-06 21:01:33', '2023-02-06 21:01:33', NULL, NULL, '5cb39f3c-1fa7-47f3-9bac-3f447332eb5b'),
(37, NULL, NULL, NULL, 5, 'craft\\elements\\Entry', 1, 0, '2023-02-06 21:01:44', '2023-02-08 22:02:00', NULL, NULL, '392b28a7-ac90-40c4-9c06-fb6c4e802ad0'),
(38, 37, NULL, 6, 5, 'craft\\elements\\Entry', 1, 0, '2023-02-06 21:02:00', '2023-02-06 21:02:00', NULL, NULL, '9bc907c1-1cc6-488c-81cd-89a40013115c'),
(39, NULL, NULL, NULL, 5, 'craft\\elements\\Entry', 1, 0, '2023-02-06 21:02:03', '2023-02-08 21:59:47', NULL, NULL, '5d8fe0f0-79d5-475d-9347-da2729745457'),
(40, 39, NULL, 7, 5, 'craft\\elements\\Entry', 1, 0, '2023-02-06 21:02:36', '2023-02-06 21:02:36', NULL, NULL, 'cedc71c7-f521-4120-9d9b-4c041d255f63'),
(41, NULL, NULL, NULL, 5, 'craft\\elements\\Entry', 1, 0, '2023-02-06 21:02:41', '2023-02-08 22:00:39', NULL, NULL, 'da82d79a-ccff-452a-a53a-1c27dc313809'),
(42, 41, NULL, 8, 5, 'craft\\elements\\Entry', 1, 0, '2023-02-06 21:02:59', '2023-02-06 21:02:59', NULL, NULL, 'e165461a-6b4b-456d-9999-f19ac844bbba'),
(43, NULL, NULL, NULL, 5, 'craft\\elements\\Entry', 1, 0, '2023-02-06 21:03:03', '2023-02-08 22:02:42', NULL, NULL, '3d04013f-de10-4109-a644-a3200137bf23'),
(44, 43, NULL, 9, 5, 'craft\\elements\\Entry', 1, 0, '2023-02-06 21:03:15', '2023-02-06 21:03:15', NULL, NULL, '93256a71-7b23-4072-9638-616af5815c1e'),
(45, NULL, NULL, NULL, 4, 'craft\\elements\\Entry', 1, 0, '2023-02-06 21:04:19', '2023-02-08 23:42:22', NULL, NULL, 'df6ae013-9df8-446b-8663-059e39d4a15d'),
(46, 45, NULL, 10, 4, 'craft\\elements\\Entry', 1, 0, '2023-02-06 21:05:00', '2023-02-06 21:05:00', NULL, NULL, '7eca4398-cb5a-46f1-82ab-d40d25bc4c13'),
(49, NULL, NULL, NULL, 1, 'craft\\elements\\Asset', 1, 0, '2023-02-06 21:05:38', '2023-02-06 21:05:38', NULL, NULL, '682a9701-b8fa-472d-bdba-17032c078579'),
(50, NULL, NULL, NULL, 1, 'craft\\elements\\Asset', 1, 0, '2023-02-06 21:05:38', '2023-02-06 21:05:38', NULL, NULL, '1e41303c-5960-4be1-bc73-6d9197d13d39'),
(51, NULL, NULL, NULL, 1, 'craft\\elements\\Asset', 1, 0, '2023-02-06 21:05:38', '2023-02-06 21:05:38', NULL, NULL, '3b6d9cbf-0551-4b20-8baa-e1f50bf93b51'),
(52, NULL, NULL, NULL, 1, 'craft\\elements\\Asset', 1, 0, '2023-02-06 21:05:38', '2023-02-06 21:05:38', NULL, NULL, '16096cdf-a937-4351-9d60-97f2f626230b'),
(53, NULL, NULL, NULL, 1, 'craft\\elements\\Asset', 1, 0, '2023-02-06 21:05:39', '2023-02-06 21:05:39', NULL, NULL, '07275cd5-781b-4882-a6ad-9c895dbdc7ee'),
(54, NULL, NULL, NULL, 12, 'benf\\neo\\elements\\Block', 1, 0, '2023-02-06 21:06:24', '2023-02-06 21:06:24', NULL, '2023-02-06 21:06:35', '2c8ba0b0-de77-45ea-b085-cea9f8ec23d1'),
(55, NULL, NULL, NULL, 12, 'benf\\neo\\elements\\Block', 1, 0, '2023-02-06 21:06:35', '2023-02-06 21:06:35', NULL, '2023-02-06 21:06:39', 'eb1c3bf4-3af2-4bdb-be10-4eba5ab7c6ba'),
(56, NULL, NULL, NULL, 12, 'benf\\neo\\elements\\Block', 1, 0, '2023-02-06 21:06:39', '2023-02-06 21:06:39', NULL, '2023-02-06 21:06:40', 'b836e033-4314-45a8-af75-381a07345c9a'),
(57, NULL, NULL, NULL, 12, 'benf\\neo\\elements\\Block', 1, 0, '2023-02-06 21:06:40', '2023-02-06 21:06:40', NULL, '2023-02-06 21:06:46', 'd469e0cc-3f6a-48e4-bf80-1ecca261cf74'),
(58, NULL, NULL, NULL, 12, 'benf\\neo\\elements\\Block', 1, 0, '2023-02-06 21:06:40', '2023-02-06 21:06:40', NULL, '2023-02-06 21:06:46', '6001b076-4a7e-431d-a2ab-225e0bc128b7'),
(59, NULL, NULL, NULL, 12, 'benf\\neo\\elements\\Block', 1, 0, '2023-02-06 21:06:46', '2023-02-06 21:06:46', NULL, '2023-02-06 21:06:49', '1485b07d-7691-4664-b4c1-5346f471a386'),
(60, NULL, NULL, NULL, 12, 'benf\\neo\\elements\\Block', 1, 0, '2023-02-06 21:06:46', '2023-02-06 21:06:46', NULL, '2023-02-06 21:06:49', 'f9549ac5-52fc-434b-bb4c-d02e2b0a9c52'),
(61, NULL, NULL, NULL, 12, 'benf\\neo\\elements\\Block', 1, 0, '2023-02-06 21:06:48', '2023-02-06 21:06:48', NULL, '2023-02-06 21:06:50', 'da92bab0-364b-44fd-8075-1277dbed5f6d'),
(62, NULL, NULL, NULL, 12, 'benf\\neo\\elements\\Block', 1, 0, '2023-02-06 21:06:48', '2023-02-06 21:06:48', NULL, '2023-02-06 21:06:50', '4f81a637-db60-4c7e-a815-baf653bc02ec'),
(63, NULL, NULL, NULL, 12, 'benf\\neo\\elements\\Block', 1, 0, '2023-02-06 21:06:50', '2023-02-06 21:06:50', NULL, '2023-02-06 21:07:02', '8d7ee3a0-d831-4ece-970f-b0670944405a'),
(64, NULL, NULL, NULL, 12, 'benf\\neo\\elements\\Block', 1, 0, '2023-02-06 21:06:50', '2023-02-06 21:06:50', NULL, '2023-02-06 21:07:02', 'bd7264ce-784b-4053-bb61-7d198ce5e4e2'),
(65, NULL, NULL, NULL, 14, 'benf\\neo\\elements\\Block', 1, 0, '2023-02-06 21:06:50', '2023-02-06 21:06:50', NULL, '2023-02-06 21:07:02', '6c84fba4-3112-4bf9-b8cc-fe0482cf0942'),
(69, NULL, NULL, NULL, 13, 'benf\\neo\\elements\\Block', 1, 0, '2023-02-06 21:07:04', '2023-02-06 21:07:04', NULL, NULL, '298e870d-dd39-4198-a179-6cce8b9b79cd'),
(70, NULL, NULL, NULL, 12, 'benf\\neo\\elements\\Block', 1, 0, '2023-02-06 21:07:04', '2023-02-06 21:07:04', NULL, NULL, '9acdecf4-be12-45f3-a65e-4213d4731ad4'),
(71, NULL, NULL, NULL, 12, 'benf\\neo\\elements\\Block', 1, 0, '2023-02-06 21:07:04', '2023-02-06 21:07:04', NULL, NULL, '9178e116-d77f-4360-ae4e-23d944af1ec5'),
(72, NULL, NULL, NULL, 14, 'benf\\neo\\elements\\Block', 1, 0, '2023-02-06 21:07:04', '2023-02-06 21:07:04', NULL, NULL, '5a14471b-0591-430d-8681-9315cba71153'),
(73, 45, NULL, 11, 4, 'craft\\elements\\Entry', 1, 0, '2023-02-06 21:07:03', '2023-02-06 21:07:04', NULL, NULL, 'af0730c4-03e0-439a-9958-1efed124f960'),
(74, 69, NULL, 12, 13, 'benf\\neo\\elements\\Block', 1, 0, '2023-02-06 21:07:04', '2023-02-06 21:07:04', NULL, NULL, 'bdb95adf-ab78-4cd4-9f3c-5485218316e0'),
(75, 70, NULL, 13, 12, 'benf\\neo\\elements\\Block', 1, 0, '2023-02-06 21:07:04', '2023-02-06 21:07:04', NULL, NULL, '757d4838-d066-4707-912b-badc1481799d'),
(76, 71, NULL, 14, 12, 'benf\\neo\\elements\\Block', 1, 0, '2023-02-06 21:07:04', '2023-02-06 21:07:04', NULL, NULL, '44a551ab-5895-458a-bac6-24ccb2bebae5'),
(77, 72, NULL, 15, 14, 'benf\\neo\\elements\\Block', 1, 0, '2023-02-06 21:07:04', '2023-02-06 21:07:04', NULL, NULL, 'a4e056ba-b178-4db0-93d9-15e90cb165fd'),
(78, 45, NULL, 16, 4, 'craft\\elements\\Entry', 1, 0, '2023-02-06 21:07:22', '2023-02-06 21:07:22', NULL, NULL, 'a8156c88-78f0-40a5-90b8-ec15fd0363d7'),
(79, 69, NULL, 17, 13, 'benf\\neo\\elements\\Block', 1, 0, '2023-02-06 21:07:04', '2023-02-06 21:07:22', NULL, NULL, 'c503cf50-a864-49cf-9a36-8c280aaec66c'),
(80, 70, NULL, 18, 12, 'benf\\neo\\elements\\Block', 1, 0, '2023-02-06 21:07:04', '2023-02-06 21:07:22', NULL, NULL, '373b4f23-d5a3-4b84-bb75-e42907720f18'),
(81, 71, NULL, 19, 12, 'benf\\neo\\elements\\Block', 1, 0, '2023-02-06 21:07:04', '2023-02-06 21:07:22', NULL, NULL, '6f7e3c8c-8e5c-42bf-892d-596d5d608230'),
(82, 72, NULL, 20, 14, 'benf\\neo\\elements\\Block', 1, 0, '2023-02-06 21:07:04', '2023-02-06 21:07:22', NULL, NULL, '191e7c42-6e22-4960-91b0-6084fa34e829'),
(83, NULL, NULL, NULL, 1, 'craft\\elements\\Asset', 1, 0, '2023-02-06 21:35:40', '2023-02-06 21:35:40', NULL, NULL, 'bb94d0c5-a20f-463e-bd6b-f91fd038ccca'),
(85, 45, NULL, 21, 4, 'craft\\elements\\Entry', 1, 0, '2023-02-06 21:37:10', '2023-02-06 21:37:10', NULL, NULL, '822808b9-c0db-434a-a019-dad14e0955b4'),
(86, 69, NULL, 22, 13, 'benf\\neo\\elements\\Block', 1, 0, '2023-02-06 21:07:04', '2023-02-06 21:37:10', NULL, NULL, '7900e205-0c91-4dba-92e2-f42a62a5f816'),
(87, 70, NULL, 23, 12, 'benf\\neo\\elements\\Block', 1, 0, '2023-02-06 21:07:04', '2023-02-06 21:37:10', NULL, NULL, 'b7dba270-f9d3-46d0-9470-c9e82edae69e'),
(88, 71, NULL, 24, 12, 'benf\\neo\\elements\\Block', 1, 0, '2023-02-06 21:07:04', '2023-02-06 21:37:10', NULL, NULL, '10675dbb-e1b6-41e0-b074-f3c6945d0693'),
(89, 72, NULL, 25, 14, 'benf\\neo\\elements\\Block', 1, 0, '2023-02-06 21:07:04', '2023-02-06 21:37:10', NULL, NULL, '92c23d09-9b6d-4eae-8285-6e065068fe8c'),
(90, NULL, NULL, NULL, 1, 'craft\\elements\\Asset', 1, 0, '2023-02-06 21:43:36', '2023-02-06 21:43:36', NULL, NULL, 'b58cd534-d23c-4316-9fa0-07f66d9ddfad'),
(91, NULL, NULL, NULL, 1, 'craft\\elements\\Asset', 1, 0, '2023-02-06 21:43:36', '2023-02-06 21:43:36', NULL, NULL, 'ca085dda-06a3-4357-b9e1-f9a6b9bb7432'),
(92, NULL, NULL, NULL, 1, 'craft\\elements\\Asset', 1, 0, '2023-02-06 21:43:37', '2023-02-06 21:43:37', NULL, NULL, 'c02a5227-836e-494a-9432-52a5bc7845ef'),
(93, NULL, NULL, NULL, 2, 'craft\\elements\\Entry', 1, 0, '2023-02-06 22:04:19', '2023-02-08 23:43:08', NULL, NULL, '46b9d3f2-88ef-45f7-8663-69ae7aeabdda'),
(94, 93, NULL, 26, 2, 'craft\\elements\\Entry', 1, 0, '2023-02-06 22:05:40', '2023-02-06 22:05:40', NULL, NULL, '66c2587b-2585-4829-b0aa-c600f11ba19b'),
(96, 93, NULL, 27, 2, 'craft\\elements\\Entry', 1, 0, '2023-02-06 22:06:16', '2023-02-06 22:06:16', NULL, NULL, 'a9551336-d943-493e-9f4a-80b256c0a87f'),
(98, 93, NULL, 28, 2, 'craft\\elements\\Entry', 1, 0, '2023-02-06 22:07:11', '2023-02-06 22:07:11', NULL, NULL, '365f3a00-08bf-4e11-ad52-64e300d2ac5c'),
(100, 45, NULL, 29, 4, 'craft\\elements\\Entry', 1, 0, '2023-02-08 19:20:52', '2023-02-08 19:20:52', NULL, NULL, '0ea731f9-d2a3-4e92-b356-78a6a787106d'),
(101, 69, NULL, 30, 13, 'benf\\neo\\elements\\Block', 1, 0, '2023-02-06 21:07:04', '2023-02-08 19:20:52', NULL, NULL, 'be1664c1-b3e8-4358-9240-88b79f1888f7'),
(102, 70, NULL, 31, 12, 'benf\\neo\\elements\\Block', 1, 0, '2023-02-06 21:07:04', '2023-02-08 19:20:52', NULL, NULL, '98a21360-f250-4710-a3de-a34be1780e8e'),
(103, 71, NULL, 32, 12, 'benf\\neo\\elements\\Block', 1, 0, '2023-02-06 21:07:04', '2023-02-08 19:20:52', NULL, NULL, 'ad03d346-1ffb-486b-8a24-d3e693fe04b4'),
(104, 72, NULL, 33, 14, 'benf\\neo\\elements\\Block', 1, 0, '2023-02-06 21:07:04', '2023-02-08 19:20:52', NULL, NULL, '710718a9-cbb7-4074-802e-15374a5386c2'),
(105, NULL, NULL, NULL, 4, 'craft\\elements\\Entry', 1, 0, '2023-02-08 21:06:18', '2023-02-08 21:06:21', NULL, NULL, 'acef2260-8887-4cc3-a8c0-ba288e19ffbb'),
(106, NULL, NULL, NULL, 13, 'benf\\neo\\elements\\Block', 1, 0, '2023-02-08 21:06:18', '2023-02-08 21:06:18', NULL, NULL, '38cb1948-13d7-46cc-8417-699db8e56563'),
(107, NULL, NULL, NULL, 12, 'benf\\neo\\elements\\Block', 1, 0, '2023-02-08 21:06:18', '2023-02-08 21:06:18', NULL, NULL, 'd80ce83b-4418-4017-9c0d-34119bcbbee3'),
(108, NULL, NULL, NULL, 12, 'benf\\neo\\elements\\Block', 1, 0, '2023-02-08 21:06:18', '2023-02-08 21:06:18', NULL, NULL, '51ac4e2e-5d3a-450b-9945-947a73ffbbcc'),
(109, NULL, NULL, NULL, 14, 'benf\\neo\\elements\\Block', 1, 0, '2023-02-08 21:06:18', '2023-02-08 21:06:18', NULL, NULL, '85505409-5128-40ad-a6ce-a0b62c529f11'),
(110, 105, NULL, 34, 4, 'craft\\elements\\Entry', 1, 0, '2023-02-08 21:06:18', '2023-02-08 21:06:18', NULL, NULL, '9e63a3ab-6883-4bc5-99c2-d757b7d281e6'),
(111, 106, NULL, 35, 13, 'benf\\neo\\elements\\Block', 1, 0, '2023-02-08 21:06:18', '2023-02-08 21:06:18', NULL, NULL, '63e0a4b7-3777-4168-a3ca-81c4073b1bbf'),
(112, 107, NULL, 36, 12, 'benf\\neo\\elements\\Block', 1, 0, '2023-02-08 21:06:18', '2023-02-08 21:06:18', NULL, NULL, 'babdadd5-e983-4b0b-9060-55f339a04299'),
(113, 108, NULL, 37, 12, 'benf\\neo\\elements\\Block', 1, 0, '2023-02-08 21:06:18', '2023-02-08 21:06:18', NULL, NULL, '1a14f99b-f813-4881-b504-08913192b530'),
(114, 109, NULL, 38, 14, 'benf\\neo\\elements\\Block', 1, 0, '2023-02-08 21:06:18', '2023-02-08 21:06:18', NULL, NULL, '9dd63b00-ac9e-4665-9182-a521488d077e'),
(116, 105, NULL, 39, 4, 'craft\\elements\\Entry', 1, 0, '2023-02-08 21:06:21', '2023-02-08 21:06:21', NULL, NULL, '461881bc-a186-4611-a839-b2f451724742'),
(117, 106, NULL, 40, 13, 'benf\\neo\\elements\\Block', 1, 0, '2023-02-08 21:06:18', '2023-02-08 21:06:21', NULL, NULL, '044e1e6f-1f99-4110-8254-aa9873f7a414'),
(118, 107, NULL, 41, 12, 'benf\\neo\\elements\\Block', 1, 0, '2023-02-08 21:06:18', '2023-02-08 21:06:21', NULL, NULL, 'eea96a9f-4be9-4672-a09c-a2ae4b95e931'),
(119, 108, NULL, 42, 12, 'benf\\neo\\elements\\Block', 1, 0, '2023-02-08 21:06:18', '2023-02-08 21:06:21', NULL, NULL, '9e561b00-6e30-4b39-a574-91a6e40e3502'),
(120, 109, NULL, 43, 14, 'benf\\neo\\elements\\Block', 1, 0, '2023-02-08 21:06:18', '2023-02-08 21:06:21', NULL, NULL, '7cdb6eee-2ea7-4c9c-ad0e-e5c271b651ea'),
(122, 93, NULL, 44, 2, 'craft\\elements\\Entry', 1, 0, '2023-02-08 21:06:35', '2023-02-08 21:06:35', NULL, NULL, 'c67982e8-6457-4770-868f-ebea5ed735e1'),
(123, NULL, NULL, NULL, 5, 'craft\\elements\\Entry', 1, 0, '2023-02-08 21:50:44', '2023-02-08 21:54:17', NULL, NULL, 'dc9bcc36-524c-4692-9182-67faac7a409d'),
(124, NULL, NULL, NULL, 6, 'craft\\elements\\Asset', 1, 0, '2023-02-08 21:51:08', '2023-02-08 21:51:08', NULL, NULL, '37d84338-db58-4f63-bbf9-1172e304964c'),
(125, 123, NULL, 45, 5, 'craft\\elements\\Entry', 1, 0, '2023-02-08 21:54:17', '2023-02-08 21:54:17', NULL, NULL, 'd9dafe1f-cc04-49ed-a104-95b101c96c37'),
(127, 93, NULL, 46, 2, 'craft\\elements\\Entry', 1, 0, '2023-02-08 21:54:31', '2023-02-08 21:54:31', NULL, NULL, '0c4fab87-2a00-4674-8226-95831a2765cc'),
(129, 35, NULL, 47, 5, 'craft\\elements\\Entry', 1, 0, '2023-02-08 21:56:58', '2023-02-08 21:56:58', NULL, NULL, '58a94f6a-b000-4b02-8a5d-cc6bdb52255e'),
(131, 33, NULL, 48, 5, 'craft\\elements\\Entry', 1, 0, '2023-02-08 21:58:20', '2023-02-08 21:58:20', NULL, NULL, '9d72d43c-bac6-46ff-9778-e42aae7f6043'),
(133, 39, NULL, 49, 5, 'craft\\elements\\Entry', 1, 0, '2023-02-08 21:59:47', '2023-02-08 21:59:47', NULL, NULL, '61ee7834-c85f-4711-b563-b6de55724885'),
(135, 41, NULL, 50, 5, 'craft\\elements\\Entry', 1, 0, '2023-02-08 22:00:39', '2023-02-08 22:00:39', NULL, NULL, '25b749e5-6da4-469b-ab9a-977cdf799d71'),
(138, 35, NULL, 51, 5, 'craft\\elements\\Entry', 1, 0, '2023-02-08 22:00:50', '2023-02-08 22:00:50', NULL, NULL, '7d7a2d7c-0439-4476-86f0-531c9ab3fd01'),
(140, 35, NULL, 52, 5, 'craft\\elements\\Entry', 1, 0, '2023-02-08 22:01:05', '2023-02-08 22:01:06', NULL, NULL, '5272201e-534f-447b-a6a5-78c3b1860430'),
(142, 33, NULL, 53, 5, 'craft\\elements\\Entry', 1, 0, '2023-02-08 22:01:11', '2023-02-08 22:01:11', NULL, NULL, '3c600bbd-38de-437c-9acb-9b70cdfb65cc'),
(144, 37, NULL, 54, 5, 'craft\\elements\\Entry', 1, 0, '2023-02-08 22:02:00', '2023-02-08 22:02:00', NULL, NULL, 'b21b7bde-da78-43a9-aad2-2a6c5515ffd0'),
(146, 43, NULL, 55, 5, 'craft\\elements\\Entry', 1, 0, '2023-02-08 22:02:42', '2023-02-08 22:02:42', NULL, NULL, 'dcd3407d-709d-49cf-9c70-422aefdf8722'),
(147, 93, NULL, 56, 2, 'craft\\elements\\Entry', 1, 0, '2023-02-08 22:03:31', '2023-02-08 22:03:31', NULL, NULL, 'b648a270-4a19-44f2-9b0b-486c2df6edca'),
(148, NULL, NULL, NULL, 5, 'craft\\elements\\Entry', 1, 0, '2023-02-08 23:41:58', '2023-02-08 23:42:06', NULL, NULL, '72869aac-1a63-472a-92a3-46a8109e291d'),
(149, 148, NULL, 57, 5, 'craft\\elements\\Entry', 1, 0, '2023-02-08 23:42:06', '2023-02-08 23:42:06', NULL, NULL, 'ce94781d-efdd-49ab-8b62-b09b01d4aabc'),
(151, 45, NULL, 58, 4, 'craft\\elements\\Entry', 1, 0, '2023-02-08 23:42:22', '2023-02-08 23:42:22', NULL, NULL, '877a7582-a506-485d-a787-d051d06f2103'),
(152, 69, NULL, 59, 13, 'benf\\neo\\elements\\Block', 1, 0, '2023-02-06 21:07:04', '2023-02-08 23:42:22', NULL, NULL, '5acb8879-c56d-469f-ad52-97b6f8196a39'),
(153, 70, NULL, 60, 12, 'benf\\neo\\elements\\Block', 1, 0, '2023-02-06 21:07:04', '2023-02-08 23:42:22', NULL, NULL, '4f3ad483-0b1d-47dc-881c-ed585389a4d3'),
(154, 71, NULL, 61, 12, 'benf\\neo\\elements\\Block', 1, 0, '2023-02-06 21:07:04', '2023-02-08 23:42:22', NULL, NULL, '8ba9cf42-f4e1-4925-a927-693921a866f7'),
(155, 72, NULL, 62, 14, 'benf\\neo\\elements\\Block', 1, 0, '2023-02-06 21:07:04', '2023-02-08 23:42:22', NULL, NULL, 'ce1169ef-729d-4508-80d9-dd09ef288439'),
(157, 93, NULL, 63, 2, 'craft\\elements\\Entry', 1, 0, '2023-02-08 23:43:08', '2023-02-08 23:43:08', NULL, NULL, 'eccc3368-f7ec-43d0-953e-a0499558ad3f');

INSERT INTO `elements_sites` (`id`, `elementId`, `siteId`, `slug`, `uri`, `enabled`, `dateCreated`, `dateUpdated`, `uid`) VALUES
(1, 1, 1, NULL, NULL, 1, '2023-02-06 14:45:52', '2023-02-06 14:45:52', '001ddf85-9340-4e99-bded-c608921ae9d3'),
(3, 3, 1, NULL, NULL, 1, '2023-02-06 15:15:29', '2023-02-06 15:15:29', '5ee7a52b-f7ca-41c8-9094-6307da67a82b'),
(4, 4, 1, NULL, NULL, 1, '2023-02-06 16:15:37', '2023-02-06 16:15:37', '1370e8da-542f-484a-bf1b-2c6b295f410a'),
(5, 5, 1, NULL, NULL, 1, '2023-02-06 16:16:07', '2023-02-06 16:16:07', '21460160-73de-40e7-b2d7-d4d2c799e016'),
(6, 6, 1, NULL, NULL, 1, '2023-02-06 16:27:26', '2023-02-06 16:27:26', '04b115e5-19a4-4ffe-9845-b8b5c3889b1d'),
(7, 7, 1, NULL, NULL, 1, '2023-02-06 16:29:20', '2023-02-06 16:29:20', 'af1879f2-61e2-42c6-b143-6d7dae2386f1'),
(8, 8, 1, NULL, NULL, 1, '2023-02-06 20:24:11', '2023-02-06 20:24:11', '93a39a70-c8b0-4cef-9261-d399d558d254'),
(9, 9, 1, NULL, NULL, 1, '2023-02-06 20:37:57', '2023-02-06 20:37:57', 'd6838207-3c83-49ef-a3b7-9196576c1554'),
(10, 10, 1, NULL, NULL, 1, '2023-02-06 20:37:57', '2023-02-06 20:37:57', 'd456f618-2119-4578-8085-37cfe64dfae1'),
(11, 11, 1, NULL, NULL, 1, '2023-02-06 20:40:15', '2023-02-06 20:40:15', '58c5d2ec-1176-4c87-8d35-c347b2726fbd'),
(12, 12, 1, NULL, NULL, 1, '2023-02-06 20:40:15', '2023-02-06 20:40:15', 'd51a2eab-0fe8-46ac-b479-764c331a4215'),
(13, 13, 1, NULL, NULL, 1, '2023-02-06 20:40:15', '2023-02-06 20:40:15', 'af4b2885-7998-4954-b14b-54ee2dadfc8a'),
(14, 14, 1, NULL, NULL, 1, '2023-02-06 20:40:15', '2023-02-06 20:40:15', '17e4f4ce-97f3-4d41-aa55-95f15bf6292f'),
(15, 15, 1, NULL, NULL, 1, '2023-02-06 20:40:15', '2023-02-06 20:40:15', '2aa420f2-35c5-4d76-9c1e-46367476e598'),
(16, 16, 1, NULL, NULL, 1, '2023-02-06 20:40:15', '2023-02-06 20:40:15', '72ceeb8e-6d66-4deb-b802-ea96d3792cf5'),
(17, 17, 1, NULL, NULL, 1, '2023-02-06 20:43:50', '2023-02-06 20:43:50', '118d5fce-9db4-4568-8b8d-25600933eb34'),
(18, 18, 1, NULL, NULL, 1, '2023-02-06 20:43:50', '2023-02-06 20:43:50', '06019cef-10ef-4ee9-875f-0ca1d7d038f2'),
(19, 19, 1, NULL, NULL, 1, '2023-02-06 20:43:50', '2023-02-06 20:43:50', '6d1a9526-6e7b-4a0f-8166-2b2c75b0088d'),
(20, 20, 1, NULL, NULL, 1, '2023-02-06 20:43:50', '2023-02-06 20:43:50', 'b58ce6d0-9a8a-4e10-84e6-66adf5cd6902'),
(21, 21, 1, NULL, NULL, 1, '2023-02-06 20:43:50', '2023-02-06 20:43:50', 'a5f8917f-0c4f-43c2-b23e-b54a7fb0b863'),
(22, 22, 1, NULL, NULL, 1, '2023-02-06 20:43:58', '2023-02-06 20:43:58', 'f40218f1-ab10-4108-9b37-1cb84b223982'),
(23, 23, 1, NULL, NULL, 1, '2023-02-06 20:46:15', '2023-02-06 20:46:15', 'affd7ebe-2e68-4216-8747-ed3f19ccad67'),
(24, 24, 1, NULL, NULL, 1, '2023-02-06 20:46:16', '2023-02-06 20:46:16', '83b3c72f-660e-4bff-87c0-97dea6f9b527'),
(25, 25, 1, NULL, NULL, 1, '2023-02-06 20:49:48', '2023-02-06 20:49:48', 'f0a86700-eac2-4552-8e95-5a9812d94274'),
(26, 26, 1, 'zabihah', NULL, 1, '2023-02-06 20:50:03', '2023-02-06 20:50:17', '4bef5b23-f768-4494-8b34-bbf3d01204c8'),
(27, 27, 1, 'zabihah', NULL, 1, '2023-02-06 20:50:34', '2023-02-06 20:50:34', '9949f798-1bad-4b5d-b5a1-252f29767962'),
(28, 28, 1, 'krafft', NULL, 1, '2023-02-06 20:57:03', '2023-02-06 20:57:09', 'c91e8b8c-0261-411a-9c29-44e428c5aac8'),
(29, 29, 1, 'krafft', NULL, 1, '2023-02-06 20:57:11', '2023-02-06 20:57:11', '616d3292-20f0-4ac4-ba7d-fa4397017a8e'),
(30, 30, 1, NULL, NULL, 1, '2023-02-06 21:00:22', '2023-02-06 21:00:22', '108b8889-4f1d-44ad-9a72-a9fe55c4033b'),
(32, 32, 1, 'krafft', NULL, 1, '2023-02-06 21:00:32', '2023-02-06 21:00:32', '7cec22a9-f641-4a6e-b219-d87ff614b0c3'),
(33, 33, 1, 'web-development', NULL, 1, '2023-02-06 21:00:43', '2023-02-06 21:00:56', '5a4ebb8f-9e2b-4e7d-8d53-62f307a412ea'),
(34, 34, 1, 'web-development', NULL, 1, '2023-02-06 21:01:08', '2023-02-06 21:01:08', 'cebf990c-b403-4047-ad55-de9032ca180d'),
(35, 35, 1, 'ui-ux-design', NULL, 1, '2023-02-06 21:01:12', '2023-02-06 21:01:24', '590cced6-c722-4687-96c9-c12b5c49cd57'),
(36, 36, 1, 'ui-ux-design', NULL, 1, '2023-02-06 21:01:33', '2023-02-06 21:01:33', '241eba96-39a2-4121-bd6d-6231bc8d7b07'),
(37, 37, 1, 'content-strategy', NULL, 1, '2023-02-06 21:01:44', '2023-02-06 21:01:51', '4cc95637-d9c3-4c8a-b481-32f46d5cccc5'),
(38, 38, 1, 'content-strategy', NULL, 1, '2023-02-06 21:02:00', '2023-02-06 21:02:00', 'c3e8dfd8-a424-4ba7-8214-12b478693725'),
(39, 39, 1, 'commerce', NULL, 1, '2023-02-06 21:02:03', '2023-02-06 21:02:12', '48903d9c-b137-4092-a13a-106ecf8d79d5'),
(40, 40, 1, 'commerce', NULL, 1, '2023-02-06 21:02:36', '2023-02-06 21:02:36', 'd7985140-899d-409e-9595-b15d6c0c46d1'),
(41, 41, 1, 'content-planning', NULL, 1, '2023-02-06 21:02:41', '2023-02-06 21:02:51', 'fc58e314-2e51-4540-954e-c23a4ddd05a4'),
(42, 42, 1, 'content-planning', NULL, 1, '2023-02-06 21:02:59', '2023-02-06 21:02:59', 'f9f8389e-ab6d-4f58-9201-1812d8a48a03'),
(43, 43, 1, 'branding', NULL, 1, '2023-02-06 21:03:03', '2023-02-06 21:03:09', '9c889f07-974c-4850-bf30-13197c6d283b'),
(44, 44, 1, 'branding', NULL, 1, '2023-02-06 21:03:15', '2023-02-06 21:03:15', 'fee3b6ef-5716-4fbf-893f-291b8b08c9c2'),
(45, 45, 1, 'zabihah', 'work/zabihah', 1, '2023-02-06 21:04:19', '2023-02-06 21:04:25', '086cff4e-dd1a-44a0-82e4-288dde73e9c2'),
(46, 46, 1, 'zabihah', 'work/zabihah', 1, '2023-02-06 21:05:00', '2023-02-06 21:05:00', '46d4b95f-cad7-497b-839b-2ffefb24bd43'),
(49, 49, 1, NULL, NULL, 1, '2023-02-06 21:05:38', '2023-02-06 21:05:38', '64d79fda-5c0e-4211-9ec3-6d197407d3b0'),
(50, 50, 1, NULL, NULL, 1, '2023-02-06 21:05:38', '2023-02-06 21:05:38', '27ea05ab-50f6-4e3b-be27-5aea2174ca61'),
(51, 51, 1, NULL, NULL, 1, '2023-02-06 21:05:38', '2023-02-06 21:05:38', '29446beb-8c41-4455-9ba2-54f871471f46'),
(52, 52, 1, NULL, NULL, 1, '2023-02-06 21:05:38', '2023-02-06 21:05:38', 'd20db9fb-af6d-46d6-9ce0-84bb7093f45c'),
(53, 53, 1, NULL, NULL, 1, '2023-02-06 21:05:39', '2023-02-06 21:05:39', '2a90b329-3bfc-4b6b-9a77-9ad9c83fe471'),
(54, 54, 1, NULL, NULL, 1, '2023-02-06 21:06:24', '2023-02-06 21:06:24', '63cce1eb-9f97-4c7a-8c86-2801476fb040'),
(55, 55, 1, NULL, NULL, 1, '2023-02-06 21:06:35', '2023-02-06 21:06:35', '846d492a-4ae2-463f-9c33-6be543b41622'),
(56, 56, 1, NULL, NULL, 1, '2023-02-06 21:06:39', '2023-02-06 21:06:39', '94dcab2f-d5c4-4ea7-b60f-9aa429bacd8b'),
(57, 57, 1, NULL, NULL, 1, '2023-02-06 21:06:40', '2023-02-06 21:06:40', '83417e84-1792-42f8-be2d-460a65b0fdda'),
(58, 58, 1, NULL, NULL, 1, '2023-02-06 21:06:40', '2023-02-06 21:06:40', '0b0ef1fa-eac3-4e02-bab4-d7ea2cb6266d'),
(59, 59, 1, NULL, NULL, 1, '2023-02-06 21:06:46', '2023-02-06 21:06:46', '8e0ac439-7e05-4c7d-87d4-d7a4362ff6e8'),
(60, 60, 1, NULL, NULL, 1, '2023-02-06 21:06:46', '2023-02-06 21:06:46', '79687bbd-4919-4427-8987-3c43153dcff8'),
(61, 61, 1, NULL, NULL, 1, '2023-02-06 21:06:48', '2023-02-06 21:06:48', '5fb74c89-f721-4f52-812b-05841267c753'),
(62, 62, 1, NULL, NULL, 1, '2023-02-06 21:06:48', '2023-02-06 21:06:48', '247cf44d-8f58-483f-b52a-a8cc77523d15'),
(63, 63, 1, NULL, NULL, 1, '2023-02-06 21:06:50', '2023-02-06 21:06:50', 'e8bb1aaf-131b-42ea-9e49-59adc9e28792'),
(64, 64, 1, NULL, NULL, 1, '2023-02-06 21:06:50', '2023-02-06 21:06:50', '7163bceb-f61b-4da8-891f-bd2235c33fd9'),
(65, 65, 1, NULL, NULL, 1, '2023-02-06 21:06:50', '2023-02-06 21:06:50', '96671e08-863f-4d11-8408-fa98b7535718'),
(69, 69, 1, NULL, NULL, 1, '2023-02-06 21:07:04', '2023-02-06 21:07:04', 'e8c8e9a3-39f6-45f3-a48a-2046981502cd'),
(70, 70, 1, NULL, NULL, 1, '2023-02-06 21:07:04', '2023-02-06 21:07:04', '2617d61c-78cf-483a-bd56-bcbb74825b9f'),
(71, 71, 1, NULL, NULL, 1, '2023-02-06 21:07:04', '2023-02-06 21:07:04', 'f103a498-428c-46de-acc0-78f0365571f9'),
(72, 72, 1, NULL, NULL, 1, '2023-02-06 21:07:04', '2023-02-06 21:07:04', '4b5e4705-e6c4-435a-9ff4-6654ea655ab2'),
(73, 73, 1, 'zabihah', 'work/zabihah', 1, '2023-02-06 21:07:04', '2023-02-06 21:07:04', 'a73b6eeb-b686-44c7-8614-460ea15cf692'),
(74, 74, 1, NULL, NULL, 1, '2023-02-06 21:07:04', '2023-02-06 21:07:04', 'e6670fc9-90cf-48cf-9bea-aafb2584bf4d'),
(75, 75, 1, NULL, NULL, 1, '2023-02-06 21:07:04', '2023-02-06 21:07:04', '7fe5074b-1b30-41c2-a934-33fbec8988ba'),
(76, 76, 1, NULL, NULL, 1, '2023-02-06 21:07:04', '2023-02-06 21:07:04', 'dfa6baf6-1c68-47f2-861b-ec83b1dea739'),
(77, 77, 1, NULL, NULL, 1, '2023-02-06 21:07:04', '2023-02-06 21:07:04', 'b068fc2e-1578-4bd7-86c5-0dcc18be6e90'),
(78, 78, 1, 'zabihah', 'work/zabihah', 1, '2023-02-06 21:07:22', '2023-02-06 21:07:22', '16b3cf5f-4a87-4b90-9e1a-9e1d5bc6fa22'),
(79, 79, 1, NULL, NULL, 1, '2023-02-06 21:07:22', '2023-02-06 21:07:22', '0d3ed50e-1d44-4f7b-903f-1c2dfcc92cb0'),
(80, 80, 1, NULL, NULL, 1, '2023-02-06 21:07:22', '2023-02-06 21:07:22', 'ea55c494-0a83-48ee-ae78-a40b2456c488'),
(81, 81, 1, NULL, NULL, 1, '2023-02-06 21:07:22', '2023-02-06 21:07:22', '8021beef-6961-4605-bfac-9ab58f542a10'),
(82, 82, 1, NULL, NULL, 1, '2023-02-06 21:07:22', '2023-02-06 21:07:22', '2f4c1d2f-9a58-40cb-927b-5f85bd5a004c'),
(83, 83, 1, NULL, NULL, 1, '2023-02-06 21:35:40', '2023-02-06 21:35:40', 'cfe13ecf-2650-47c3-8f3f-bd3865224977'),
(85, 85, 1, 'zabihah', 'work/zabihah', 1, '2023-02-06 21:37:10', '2023-02-06 21:37:10', '767cb000-4be4-4e0d-be61-a11832b0a29b'),
(86, 86, 1, NULL, NULL, 1, '2023-02-06 21:37:10', '2023-02-06 21:37:10', 'c47cd549-c941-4bff-8bc9-cc301b702d47'),
(87, 87, 1, NULL, NULL, 1, '2023-02-06 21:37:10', '2023-02-06 21:37:10', 'f6a7d7cd-58e1-4a99-aa51-3a942ca6e956'),
(88, 88, 1, NULL, NULL, 1, '2023-02-06 21:37:10', '2023-02-06 21:37:10', 'cf33739d-a9bc-4290-9c72-3df303d731f9'),
(89, 89, 1, NULL, NULL, 1, '2023-02-06 21:37:10', '2023-02-06 21:37:10', '76f8c68b-ab1c-4a85-8e63-58a54e8726ea'),
(90, 90, 1, NULL, NULL, 1, '2023-02-06 21:43:36', '2023-02-06 21:43:36', '08fe0d25-5e64-4d86-ad8f-4699b2d264b5'),
(91, 91, 1, NULL, NULL, 1, '2023-02-06 21:43:36', '2023-02-06 21:43:36', '80aa0d0d-9d3a-4110-954e-52b67cf5d69c'),
(92, 92, 1, NULL, NULL, 1, '2023-02-06 21:43:37', '2023-02-06 21:43:37', '3f0f9658-c6ba-4791-85b4-59c1e21dd0aa'),
(93, 93, 1, '__home__', '__home__', 1, '2023-02-06 22:04:19', '2023-02-06 22:05:39', '0de96368-574e-470f-9f0f-dc1f24a4b4fa'),
(94, 94, 1, '__home__', '__home__', 1, '2023-02-06 22:05:40', '2023-02-06 22:05:40', 'b046c3ce-01af-40ca-9d03-bf97b79ae092'),
(96, 96, 1, '__home__', '__home__', 1, '2023-02-06 22:06:16', '2023-02-06 22:06:16', 'eb059d34-4a75-4327-96cd-0129eeeae5b3'),
(98, 98, 1, '__home__', '__home__', 1, '2023-02-06 22:07:11', '2023-02-06 22:07:11', 'ac99a43c-94d5-461c-9230-2418d2bd7668'),
(100, 100, 1, 'zabihah', 'work/zabihah', 1, '2023-02-08 19:20:52', '2023-02-08 19:20:52', '66e03599-212c-4ab2-8e79-70ddc3696e09'),
(101, 101, 1, NULL, NULL, 1, '2023-02-08 19:20:52', '2023-02-08 19:20:52', '1e3c4e8d-1f0a-409f-9786-d17d8b932ede'),
(102, 102, 1, NULL, NULL, 1, '2023-02-08 19:20:52', '2023-02-08 19:20:52', '59a5429f-4c11-41a8-a7d7-c9580d20af97'),
(103, 103, 1, NULL, NULL, 1, '2023-02-08 19:20:52', '2023-02-08 19:20:52', 'cfc60bc4-5c1a-4a7e-b803-7a9832011b1d'),
(104, 104, 1, NULL, NULL, 1, '2023-02-08 19:20:52', '2023-02-08 19:20:52', '2a3a5f4b-2abb-44be-b024-54f5b0cac734'),
(105, 105, 1, 'zabihah-2', 'work/zabihah-2', 1, '2023-02-08 21:06:18', '2023-02-08 21:06:18', '9d17850e-025f-49a3-8728-24d820c40d67'),
(106, 106, 1, NULL, NULL, 1, '2023-02-08 21:06:18', '2023-02-08 21:06:18', 'ce2e28f9-db17-4e0e-b6e6-b4170a97db15'),
(107, 107, 1, NULL, NULL, 1, '2023-02-08 21:06:18', '2023-02-08 21:06:18', '965dbac8-ca5e-496d-bb6b-f7a6d7a911fc'),
(108, 108, 1, NULL, NULL, 1, '2023-02-08 21:06:18', '2023-02-08 21:06:18', 'ea2bc0f3-b3eb-42a3-bc6b-85fd292125af'),
(109, 109, 1, NULL, NULL, 1, '2023-02-08 21:06:18', '2023-02-08 21:06:18', '1a1e4f4e-df4b-4ce4-9318-668ce9116849'),
(110, 110, 1, 'zabihah-2', 'work/zabihah-2', 1, '2023-02-08 21:06:18', '2023-02-08 21:06:18', 'f3ec2ede-6d4d-4880-9b5e-b529def22cb8'),
(111, 111, 1, NULL, NULL, 1, '2023-02-08 21:06:18', '2023-02-08 21:06:18', '278c15d9-5672-44f3-b6d1-7dddd9ffcac5'),
(112, 112, 1, NULL, NULL, 1, '2023-02-08 21:06:18', '2023-02-08 21:06:18', '65d94355-5125-4443-b48b-634896a9a831'),
(113, 113, 1, NULL, NULL, 1, '2023-02-08 21:06:18', '2023-02-08 21:06:18', '2992f7c0-2b89-4865-97c1-d5e88652d988'),
(114, 114, 1, NULL, NULL, 1, '2023-02-08 21:06:18', '2023-02-08 21:06:18', '1ca85eb8-a2d0-4988-b332-429896801b3d'),
(116, 116, 1, 'zabihah-2', 'work/zabihah-2', 1, '2023-02-08 21:06:21', '2023-02-08 21:06:21', '0171fb3e-95c0-4d48-bbb4-0b7e35a2e4f6'),
(117, 117, 1, NULL, NULL, 1, '2023-02-08 21:06:21', '2023-02-08 21:06:21', '0f16bb1f-14d7-49b3-a78e-4e98fe5c3909'),
(118, 118, 1, NULL, NULL, 1, '2023-02-08 21:06:21', '2023-02-08 21:06:21', '488fb16e-94c7-4cd5-900a-6b1a7425e50c'),
(119, 119, 1, NULL, NULL, 1, '2023-02-08 21:06:21', '2023-02-08 21:06:21', '14d01f5a-8c0d-4ab7-be5d-3e610a9b0996'),
(120, 120, 1, NULL, NULL, 1, '2023-02-08 21:06:21', '2023-02-08 21:06:21', '537cb8c9-0ad0-431d-97b8-0c59bece9258'),
(122, 122, 1, '__home__', '__home__', 1, '2023-02-08 21:06:35', '2023-02-08 21:06:35', '2307c19f-9f5f-4a0b-835e-e4697769c434'),
(123, 123, 1, 'user-experience', NULL, 1, '2023-02-08 21:50:44', '2023-02-08 21:50:54', 'de270fc3-c5a9-4983-a6d3-1cc0f5a7d2b8'),
(124, 124, 1, NULL, NULL, 1, '2023-02-08 21:51:08', '2023-02-08 21:51:08', '977bbbe0-0f3b-47cf-a0ca-8929cf292bc7'),
(125, 125, 1, 'user-experience', NULL, 1, '2023-02-08 21:54:17', '2023-02-08 21:54:17', '6789bbcb-5af0-450f-8d66-ca5635a9f5fb'),
(127, 127, 1, '__home__', '__home__', 1, '2023-02-08 21:54:31', '2023-02-08 21:54:31', 'abf4a512-0cf9-4309-97b6-90721e654e1c'),
(129, 129, 1, 'ui-ux-design', NULL, 1, '2023-02-08 21:56:58', '2023-02-08 21:56:58', 'c7e34aa4-bc5d-423d-832c-900801da94b1'),
(131, 131, 1, 'web-development', NULL, 1, '2023-02-08 21:58:20', '2023-02-08 21:58:20', '92183efa-137d-43f8-8814-ff035df529fb'),
(133, 133, 1, 'commerce', NULL, 1, '2023-02-08 21:59:47', '2023-02-08 21:59:47', '42647e36-d396-48cb-90e0-182d2211633f'),
(135, 135, 1, 'content-planning', NULL, 1, '2023-02-08 22:00:39', '2023-02-08 22:00:39', '92be8159-ac18-421f-853c-f6ab7779d3d8'),
(138, 138, 1, 'ui-ux-design', NULL, 1, '2023-02-08 22:00:50', '2023-02-08 22:00:50', '7efd2a56-7da4-46a7-b223-ea95f9a7239c'),
(140, 140, 1, 'ui-ux-design', NULL, 1, '2023-02-08 22:01:06', '2023-02-08 22:01:06', 'b42c294f-4232-40ee-a8e5-4fee579842b2'),
(142, 142, 1, 'web-development', NULL, 1, '2023-02-08 22:01:11', '2023-02-08 22:01:11', '2b3dc12c-bcd8-4b1a-90b1-77c712ed398a'),
(144, 144, 1, 'content-strategy', NULL, 1, '2023-02-08 22:02:00', '2023-02-08 22:02:00', 'a3f97fb5-6ba7-45c9-9e4d-a770277bf846'),
(146, 146, 1, 'branding', NULL, 1, '2023-02-08 22:02:42', '2023-02-08 22:02:42', '2560c7e0-f27a-4082-a207-9bd2c1c6a36a'),
(147, 147, 1, '__home__', '__home__', 1, '2023-02-08 22:03:31', '2023-02-08 22:03:31', 'e8177a70-97a2-4990-891f-0d1b90c9592a'),
(148, 148, 1, 'app-development', NULL, 1, '2023-02-08 23:41:58', '2023-02-08 23:42:05', 'bf47e5a5-9e30-4561-a533-38d755072d56'),
(149, 149, 1, 'app-development', NULL, 1, '2023-02-08 23:42:06', '2023-02-08 23:42:06', '7070d5a7-4ec1-4105-bd01-05f75473594b'),
(151, 151, 1, 'zabihah', 'work/zabihah', 1, '2023-02-08 23:42:22', '2023-02-08 23:42:22', '3b41bfa7-5f57-434f-be44-b1758eae89be'),
(152, 152, 1, NULL, NULL, 1, '2023-02-08 23:42:22', '2023-02-08 23:42:22', 'd25c8e45-3898-4c31-a8e5-86a08ecccef5'),
(153, 153, 1, NULL, NULL, 1, '2023-02-08 23:42:22', '2023-02-08 23:42:22', 'ce70048f-6b3d-41b3-bf63-6b3ea9ccb793'),
(154, 154, 1, NULL, NULL, 1, '2023-02-08 23:42:22', '2023-02-08 23:42:22', 'adfe3c25-30e5-46ae-8c93-a6fe7e961af5'),
(155, 155, 1, NULL, NULL, 1, '2023-02-08 23:42:22', '2023-02-08 23:42:22', '817b6441-e093-49d6-8e02-33fcafc66b79'),
(157, 157, 1, '__home__', '__home__', 1, '2023-02-08 23:43:08', '2023-02-08 23:43:08', '009efd94-2efa-46ae-8e2e-7c1bde9949ec');

INSERT INTO `entries` (`id`, `sectionId`, `parentId`, `typeId`, `authorId`, `postDate`, `expiryDate`, `deletedWithEntryType`, `dateCreated`, `dateUpdated`) VALUES
(26, 2, NULL, 2, 1, '2023-02-06 20:50:00', NULL, NULL, '2023-02-06 20:50:03', '2023-02-06 20:50:34'),
(27, 2, NULL, 2, 1, '2023-02-06 20:50:00', NULL, NULL, '2023-02-06 20:50:34', '2023-02-06 20:50:34'),
(28, 2, NULL, 2, 1, '2023-02-06 20:57:00', NULL, NULL, '2023-02-06 20:57:03', '2023-02-06 20:57:11'),
(29, 2, NULL, 2, 1, '2023-02-06 20:57:00', NULL, NULL, '2023-02-06 20:57:11', '2023-02-06 20:57:11'),
(32, 2, NULL, 2, 1, '2023-02-06 20:57:00', NULL, NULL, '2023-02-06 21:00:32', '2023-02-06 21:00:32'),
(33, 4, NULL, 4, 1, '2023-02-06 21:01:00', NULL, NULL, '2023-02-06 21:00:43', '2023-02-06 21:01:08'),
(34, 4, NULL, 4, 1, '2023-02-06 21:01:00', NULL, NULL, '2023-02-06 21:01:08', '2023-02-06 21:01:08'),
(35, 4, NULL, 4, 1, '2023-02-06 21:01:00', NULL, NULL, '2023-02-06 21:01:12', '2023-02-06 21:01:33'),
(36, 4, NULL, 4, 1, '2023-02-06 21:01:00', NULL, NULL, '2023-02-06 21:01:33', '2023-02-06 21:01:33'),
(37, 4, NULL, 4, 1, '2023-02-06 21:02:00', NULL, NULL, '2023-02-06 21:01:44', '2023-02-06 21:02:00'),
(38, 4, NULL, 4, 1, '2023-02-06 21:02:00', NULL, NULL, '2023-02-06 21:02:00', '2023-02-06 21:02:00'),
(39, 4, NULL, 4, 1, '2023-02-06 21:02:00', NULL, NULL, '2023-02-06 21:02:03', '2023-02-06 21:02:36'),
(40, 4, NULL, 4, 1, '2023-02-06 21:02:00', NULL, NULL, '2023-02-06 21:02:36', '2023-02-06 21:02:36'),
(41, 4, NULL, 4, 1, '2023-02-06 21:02:00', NULL, NULL, '2023-02-06 21:02:41', '2023-02-06 21:02:59'),
(42, 4, NULL, 4, 1, '2023-02-06 21:02:00', NULL, NULL, '2023-02-06 21:02:59', '2023-02-06 21:02:59'),
(43, 4, NULL, 4, 1, '2023-02-06 21:03:00', NULL, NULL, '2023-02-06 21:03:03', '2023-02-06 21:03:15'),
(44, 4, NULL, 4, 1, '2023-02-06 21:03:00', NULL, NULL, '2023-02-06 21:03:15', '2023-02-06 21:03:15'),
(45, 3, NULL, 3, 1, '2023-02-06 21:05:00', NULL, NULL, '2023-02-06 21:04:19', '2023-02-06 21:05:00'),
(46, 3, NULL, 3, 1, '2023-02-06 21:05:00', NULL, NULL, '2023-02-06 21:05:00', '2023-02-06 21:05:00'),
(73, 3, NULL, 3, 1, '2023-02-06 21:05:00', NULL, NULL, '2023-02-06 21:07:04', '2023-02-06 21:07:04'),
(78, 3, NULL, 3, 1, '2023-02-06 21:05:00', NULL, NULL, '2023-02-06 21:07:22', '2023-02-06 21:07:22'),
(85, 3, NULL, 3, 1, '2023-02-06 21:05:00', NULL, NULL, '2023-02-06 21:37:10', '2023-02-06 21:37:10'),
(93, 1, NULL, 1, 1, '2023-02-06 22:05:00', NULL, NULL, '2023-02-06 22:04:19', '2023-02-06 22:05:40'),
(94, 1, NULL, 1, 1, '2023-02-06 22:05:00', NULL, NULL, '2023-02-06 22:05:40', '2023-02-06 22:05:40'),
(96, 1, NULL, 1, 1, '2023-02-06 22:05:00', NULL, NULL, '2023-02-06 22:06:16', '2023-02-06 22:06:16'),
(98, 1, NULL, 1, 1, '2023-02-06 22:05:00', NULL, NULL, '2023-02-06 22:07:11', '2023-02-06 22:07:11'),
(100, 3, NULL, 3, 1, '2023-02-06 21:05:00', NULL, NULL, '2023-02-08 19:20:52', '2023-02-08 19:20:52'),
(105, 3, NULL, 3, 1, '2023-02-06 21:05:00', NULL, NULL, '2023-02-08 21:06:18', '2023-02-08 21:06:18'),
(110, 3, NULL, 3, 1, '2023-02-06 21:05:00', NULL, NULL, '2023-02-08 21:06:18', '2023-02-08 21:06:18'),
(116, 3, NULL, 3, 1, '2023-02-06 21:05:00', NULL, NULL, '2023-02-08 21:06:21', '2023-02-08 21:06:21'),
(122, 1, NULL, 1, 1, '2023-02-06 22:05:00', NULL, NULL, '2023-02-08 21:06:35', '2023-02-08 21:06:35'),
(123, 4, NULL, 4, 1, '2023-02-08 21:54:00', NULL, NULL, '2023-02-08 21:50:44', '2023-02-08 21:54:17'),
(125, 4, NULL, 4, 1, '2023-02-08 21:54:00', NULL, NULL, '2023-02-08 21:54:17', '2023-02-08 21:54:17'),
(127, 1, NULL, 1, 1, '2023-02-06 22:05:00', NULL, NULL, '2023-02-08 21:54:31', '2023-02-08 21:54:31'),
(129, 4, NULL, 4, 1, '2023-02-06 21:01:00', NULL, NULL, '2023-02-08 21:56:58', '2023-02-08 21:56:58'),
(131, 4, NULL, 4, 1, '2023-02-06 21:01:00', NULL, NULL, '2023-02-08 21:58:20', '2023-02-08 21:58:20'),
(133, 4, NULL, 4, 1, '2023-02-06 21:02:00', NULL, NULL, '2023-02-08 21:59:47', '2023-02-08 21:59:47'),
(135, 4, NULL, 4, 1, '2023-02-06 21:02:00', NULL, NULL, '2023-02-08 22:00:39', '2023-02-08 22:00:39'),
(138, 4, NULL, 4, 1, '2023-02-06 21:01:00', NULL, NULL, '2023-02-08 22:00:50', '2023-02-08 22:00:50'),
(140, 4, NULL, 4, 1, '2023-02-06 21:01:00', NULL, NULL, '2023-02-08 22:01:06', '2023-02-08 22:01:06'),
(142, 4, NULL, 4, 1, '2023-02-06 21:01:00', NULL, NULL, '2023-02-08 22:01:11', '2023-02-08 22:01:11'),
(144, 4, NULL, 4, 1, '2023-02-06 21:02:00', NULL, NULL, '2023-02-08 22:02:00', '2023-02-08 22:02:00'),
(146, 4, NULL, 4, 1, '2023-02-06 21:03:00', NULL, NULL, '2023-02-08 22:02:42', '2023-02-08 22:02:42'),
(147, 1, NULL, 1, 1, '2023-02-06 22:05:00', NULL, NULL, '2023-02-08 22:03:31', '2023-02-08 22:03:31'),
(148, 4, NULL, 4, 1, '2023-02-08 23:42:00', NULL, NULL, '2023-02-08 23:41:58', '2023-02-08 23:42:06'),
(149, 4, NULL, 4, 1, '2023-02-08 23:42:00', NULL, NULL, '2023-02-08 23:42:06', '2023-02-08 23:42:06'),
(151, 3, NULL, 3, 1, '2023-02-06 21:05:00', NULL, NULL, '2023-02-08 23:42:22', '2023-02-08 23:42:22'),
(157, 1, NULL, 1, 1, '2023-02-06 22:05:00', NULL, NULL, '2023-02-08 23:43:08', '2023-02-08 23:43:08');

INSERT INTO `entrytypes` (`id`, `sectionId`, `fieldLayoutId`, `name`, `handle`, `hasTitleField`, `titleTranslationMethod`, `titleTranslationKeyFormat`, `titleFormat`, `sortOrder`, `dateCreated`, `dateUpdated`, `dateDeleted`, `uid`) VALUES
(1, 1, 2, 'Home', 'home', 1, 'site', NULL, NULL, 1, '2023-02-06 16:13:16', '2023-02-06 20:17:38', NULL, '28c7f5ca-4920-4e23-8fd1-369583af47ab'),
(2, 2, 3, 'Default', 'default', 1, 'site', NULL, NULL, 1, '2023-02-06 16:13:33', '2023-02-06 16:13:33', NULL, 'cf5f5e72-28df-4127-a227-73ba21d1716b'),
(3, 3, 4, 'Default', 'default', 1, 'site', NULL, NULL, 1, '2023-02-06 16:14:11', '2023-02-06 16:14:11', NULL, '1484d35d-6b08-4143-bec7-e3548c730586'),
(4, 4, 5, 'Default', 'default', 1, 'site', NULL, NULL, 1, '2023-02-06 16:14:45', '2023-02-06 16:14:45', NULL, '64df5511-450c-476f-bad5-c8bdb50a32d8'),
(5, 3, 18, 'Page', 'page', 1, 'site', NULL, NULL, 2, '2023-02-06 20:30:59', '2023-02-06 20:30:59', '2023-02-06 20:31:38', '836dbd88-0d56-4d51-9937-1818abdf6f94'),
(6, 1, 19, 'Page', 'page', 1, 'site', NULL, NULL, 2, '2023-02-06 20:33:07', '2023-02-06 20:33:07', NULL, '60672f45-b489-43b1-b11c-dab8706a43b7');

INSERT INTO `fieldgroups` (`id`, `name`, `dateCreated`, `dateUpdated`, `dateDeleted`, `uid`) VALUES
(1, 'Common', '2023-02-06 14:45:52', '2023-02-06 14:45:52', NULL, 'ed4f4722-db0d-4f33-ac6c-827e244388d7'),
(2, 'Entries', '2023-02-06 16:20:03', '2023-02-06 16:20:03', NULL, '5d2ba0b1-fb49-4ddd-9890-cd397a5e9f88'),
(3, 'About', '2023-02-06 20:13:54', '2023-02-06 20:13:54', NULL, '1732d711-cc92-4fbd-adc5-0089e90fad79');

INSERT INTO `fieldlayoutfields` (`id`, `layoutId`, `tabId`, `fieldId`, `required`, `sortOrder`, `dateCreated`, `dateUpdated`, `uid`) VALUES
(1, 1, 10, 5, 0, 2, '2023-02-06 16:19:42', '2023-02-06 16:19:42', '6387b199-e0a7-4f4d-9ada-7a74b9adb7bc'),
(2, 7, 11, 5, 0, 2, '2023-02-06 16:19:54', '2023-02-06 16:19:54', 'cf1d4d34-d67b-40e6-9d53-e2a514e8f097'),
(7, 8, 16, 16, 0, 0, '2023-02-06 16:28:40', '2023-02-06 16:28:40', 'f0804f2e-8ca8-4521-a211-c2038d2d6d3d'),
(22, 12, 22, 24, 0, 0, '2023-02-06 20:23:30', '2023-02-06 20:23:30', '80acdd81-6118-4b41-941f-95c0a578d69f'),
(23, 12, 22, 1, 0, 1, '2023-02-06 20:23:30', '2023-02-06 20:23:30', 'a54c730b-88a4-4fee-b806-99f449d86258'),
(24, 12, 22, 2, 0, 2, '2023-02-06 20:23:30', '2023-02-06 20:23:30', '5e3bc360-a15d-4979-8091-4f2b64a6e834'),
(25, 13, 23, 24, 0, 0, '2023-02-06 20:23:30', '2023-02-06 20:23:30', 'afe55a46-cd75-4c38-a575-9737321ed656'),
(26, 13, 23, 3, 0, 1, '2023-02-06 20:23:30', '2023-02-06 20:23:30', 'ebd14821-fe8d-4678-a13f-41cfa6fff191'),
(27, 14, 24, 24, 0, 0, '2023-02-06 20:23:30', '2023-02-06 20:23:30', '9fc5f221-d65b-4315-b795-988ee78627e8'),
(28, 14, 24, 4, 0, 1, '2023-02-06 20:23:30', '2023-02-06 20:23:30', '645c2832-f19b-4600-964a-98775e8a4adc'),
(29, 15, 25, 24, 0, 0, '2023-02-06 20:23:30', '2023-02-06 20:23:30', '983fd82e-d29a-4d30-a156-bdaaa9f33338'),
(30, 15, 25, 1, 0, 1, '2023-02-06 20:23:30', '2023-02-06 20:23:30', '73bf6350-d16a-4f3c-943c-c8083ca62778'),
(31, 15, 25, 23, 0, 2, '2023-02-06 20:23:30', '2023-02-06 20:23:30', '4ecfb173-3571-4efa-be97-33c1042929a2'),
(32, 16, 26, 24, 0, 0, '2023-02-06 20:23:30', '2023-02-06 20:23:30', '03d2990c-2f22-41de-b946-40b2ff63be38'),
(33, 16, 26, 1, 0, 1, '2023-02-06 20:23:30', '2023-02-06 20:23:30', 'b616d1ba-21fc-4252-b6e0-dcb3ab585843'),
(34, 16, 26, 2, 0, 2, '2023-02-06 20:23:30', '2023-02-06 20:23:30', 'cb2132fd-6ec9-41f3-89c6-4896dfb0d442'),
(35, 16, 26, 13, 0, 3, '2023-02-06 20:23:30', '2023-02-06 20:23:30', '44bba471-64b2-4318-8040-701a73bc245c'),
(39, 9, 28, 15, 0, 0, '2023-02-06 20:24:18', '2023-02-06 20:24:18', '27fdec0b-e0e4-457b-841a-5c246b23ddd6'),
(45, 10, 31, 22, 0, 0, '2023-02-06 20:24:19', '2023-02-06 20:24:19', '0ebd4618-2256-4e13-bd80-06f54fe4a208'),
(46, 10, 31, 17, 0, 1, '2023-02-06 20:24:19', '2023-02-06 20:24:19', '8d9e530b-6eaa-4d50-bbff-9ebf5b584bda'),
(47, 10, 31, 20, 0, 2, '2023-02-06 20:24:19', '2023-02-06 20:24:19', 'cadf0560-d3b6-4283-8426-ee6e5303765c'),
(48, 10, 31, 21, 0, 3, '2023-02-06 20:24:19', '2023-02-06 20:24:19', 'f84f2ed2-8fa6-464f-aab6-e5e182282167'),
(50, 17, 33, 1, 0, 0, '2023-02-06 20:24:25', '2023-02-06 20:24:25', 'bb952e50-6d8e-41dd-b52b-13f2cddade55'),
(51, 17, 33, 2, 0, 1, '2023-02-06 20:24:25', '2023-02-06 20:24:25', 'ffe8b03e-84d7-4e52-845c-b77b3d3daab3'),
(52, 17, 33, 13, 0, 2, '2023-02-06 20:24:25', '2023-02-06 20:24:25', '34af74f1-5a2d-4dd2-83c3-ae1c9c74d366'),
(53, 11, 34, 15, 0, 0, '2023-02-06 20:24:25', '2023-02-06 20:24:25', 'c6f3621b-b7d6-46ac-a025-4c967e282fd8'),
(54, 3, 35, 20, 0, 1, '2023-02-06 20:26:49', '2023-02-06 20:26:49', '48dbcd7c-2f0c-4aa0-94dc-4518c4c872b6'),
(55, 3, 35, 25, 0, 2, '2023-02-06 20:26:49', '2023-02-06 20:26:49', 'ba2415f3-4d24-48ed-9eb3-6c8aead1d506'),
(79, 18, 47, 26, 0, 1, '2023-02-06 20:30:59', '2023-02-06 20:30:59', '3e539381-58c6-4b0b-8ca2-18593c964a20'),
(80, 18, 47, 12, 0, 2, '2023-02-06 20:30:59', '2023-02-06 20:30:59', 'c9010ceb-a837-4abb-a951-bdb6f37e7dd2'),
(81, 18, 48, 19, 0, 0, '2023-02-06 20:30:59', '2023-02-06 20:30:59', '40856669-c1b6-49bd-8758-9c60810a0c5c'),
(82, 18, 48, 14, 0, 1, '2023-02-06 20:30:59', '2023-02-06 20:30:59', '82589536-a1ad-4695-93e1-27465c425c99'),
(83, 18, 49, 15, 0, 0, '2023-02-06 20:30:59', '2023-02-06 20:30:59', 'bb8e2ea5-5c81-46bf-b26f-2df8f786fae4'),
(84, 18, 50, 18, 0, 0, '2023-02-06 20:30:59', '2023-02-06 20:30:59', '383cb688-533b-49bf-8da0-76386a949146'),
(93, 19, 55, 26, 0, 1, '2023-02-06 20:33:07', '2023-02-06 20:33:07', 'bce2006b-b82f-4afb-a072-ee499488734b'),
(94, 19, 55, 12, 0, 2, '2023-02-06 20:33:07', '2023-02-06 20:33:07', '9a630f30-91b9-4a6f-9eb7-0d348574b868'),
(95, 19, 56, 19, 0, 0, '2023-02-06 20:33:07', '2023-02-06 20:33:07', '84e88ad9-b0d1-4806-b283-0f70415266a6'),
(96, 19, 56, 14, 0, 1, '2023-02-06 20:33:07', '2023-02-06 20:33:07', '74c8e9dd-a680-41e1-a63e-6f2ed1bf0a11'),
(97, 19, 57, 15, 0, 0, '2023-02-06 20:33:07', '2023-02-06 20:33:07', 'aa5f5c5b-5a4d-482f-b564-befce9406283'),
(98, 19, 58, 18, 0, 0, '2023-02-06 20:33:07', '2023-02-06 20:33:07', 'bcc63dbd-4518-4b48-a80e-cf01b48c9381'),
(99, 5, 59, 26, 0, 1, '2023-02-06 20:34:43', '2023-02-06 20:34:43', '976f8064-f7f1-4470-a8c5-ba1b9ae47a48'),
(100, 5, 59, 11, 0, 2, '2023-02-06 20:34:43', '2023-02-06 20:34:43', '4af391ca-d03d-48c8-b6c2-c1bcb5d690e3'),
(101, 5, 59, 2, 0, 3, '2023-02-06 20:34:43', '2023-02-06 20:34:43', '103ce1f6-ba2f-4405-a830-c4d2e0c103f9'),
(112, 2, 64, 26, 0, 1, '2023-02-06 22:05:28', '2023-02-06 22:05:28', '0c3bfc0c-8b8f-406b-8c0d-de668947a78a'),
(113, 2, 64, 14, 0, 2, '2023-02-06 22:05:28', '2023-02-06 22:05:28', '251609c8-6fc6-4856-b5f2-38e6b89e62c2'),
(114, 2, 64, 6, 0, 3, '2023-02-06 22:05:28', '2023-02-06 22:05:28', '8ea02ab4-921f-4058-9b2e-8f2868267217'),
(115, 2, 64, 7, 0, 4, '2023-02-06 22:05:28', '2023-02-06 22:05:28', '195b116c-ea30-4063-bc70-91ca04aa4a13'),
(116, 2, 64, 12, 0, 5, '2023-02-06 22:05:28', '2023-02-06 22:05:28', '84006f3f-f88e-4e18-a26b-950a2f164f3f'),
(117, 2, 65, 19, 0, 0, '2023-02-06 22:05:28', '2023-02-06 22:05:28', 'c7522338-3ed7-4581-90a5-406844e72403'),
(118, 2, 65, 8, 0, 1, '2023-02-06 22:05:28', '2023-02-06 22:05:28', '8999b3ef-5122-40c3-b176-008aada391a5'),
(119, 2, 66, 15, 0, 0, '2023-02-06 22:05:28', '2023-02-06 22:05:28', '1d24dc11-c427-4409-b3c7-48d7c561abd2'),
(120, 2, 67, 18, 0, 0, '2023-02-06 22:05:28', '2023-02-06 22:05:28', '9fef606f-fa9b-49f7-80ad-7a827e389401'),
(121, 4, 68, 26, 0, 1, '2023-02-08 19:20:32', '2023-02-08 19:20:32', '67e3b584-e794-4f07-b6f3-0820243d633f'),
(122, 4, 68, 27, 0, 2, '2023-02-08 19:20:32', '2023-02-08 19:20:32', 'c01623ae-156a-4e53-a7b9-fd244107004a'),
(123, 4, 68, 28, 0, 3, '2023-02-08 19:20:32', '2023-02-08 19:20:32', '67cf67d8-e5aa-49f0-b198-391252268991'),
(124, 4, 68, 8, 0, 4, '2023-02-08 19:20:32', '2023-02-08 19:20:32', '5a8870b6-b46e-47a2-9a79-a000101b5ef8'),
(125, 4, 68, 6, 0, 5, '2023-02-08 19:20:32', '2023-02-08 19:20:32', '8a772236-e2aa-477a-a613-8ec58ed16c3d'),
(126, 4, 68, 9, 0, 6, '2023-02-08 19:20:32', '2023-02-08 19:20:32', '22e53897-cb5a-4c79-beeb-b235dea5b20c'),
(127, 4, 68, 12, 0, 7, '2023-02-08 19:20:32', '2023-02-08 19:20:32', '532aa2dd-7394-4324-a070-bc2deba35a59'),
(128, 4, 69, 19, 0, 0, '2023-02-08 19:20:32', '2023-02-08 19:20:32', '169315f2-e240-4660-a78a-6d0da7515201'),
(129, 4, 69, 14, 0, 1, '2023-02-08 19:20:32', '2023-02-08 19:20:32', 'c21417dd-ec57-4314-85ea-eb8912a35d0d'),
(130, 4, 70, 15, 0, 0, '2023-02-08 19:20:32', '2023-02-08 19:20:32', '1780b654-f48b-4189-b7d5-e27c42bd0187'),
(131, 4, 71, 18, 0, 0, '2023-02-08 19:20:32', '2023-02-08 19:20:32', '97acfb3d-7db3-434a-a205-fa915b914240');

INSERT INTO `fieldlayouts` (`id`, `type`, `dateCreated`, `dateUpdated`, `dateDeleted`, `uid`) VALUES
(1, 'craft\\elements\\Asset', '2023-02-06 15:12:53', '2023-02-06 15:12:53', NULL, '59a24a17-961a-45aa-b914-a7c1df84e7b7'),
(2, 'craft\\elements\\Entry', '2023-02-06 16:13:16', '2023-02-06 16:13:16', NULL, '6dde28d1-9252-4cd7-85c4-a2cde249afe9'),
(3, 'craft\\elements\\Entry', '2023-02-06 16:13:33', '2023-02-06 16:13:33', NULL, '1cb37dc9-26a0-4bd4-9e1f-df8e6bc628fd'),
(4, 'craft\\elements\\Entry', '2023-02-06 16:14:11', '2023-02-06 16:14:11', NULL, '3e7274b5-2289-40d5-94a6-35c353a48b6d'),
(5, 'craft\\elements\\Entry', '2023-02-06 16:14:45', '2023-02-06 16:14:45', NULL, '12adbcee-9deb-4977-905f-880b27bbca43'),
(6, 'craft\\elements\\Asset', '2023-02-06 16:18:26', '2023-02-06 16:18:26', NULL, '2d33dd3f-da0c-4991-ba0a-1daa2bed8bae'),
(7, 'craft\\elements\\Asset', '2023-02-06 16:18:29', '2023-02-06 16:18:29', NULL, '960511a0-c9e2-4a98-a17a-423e25679c35'),
(8, 'verbb\\supertable\\elements\\SuperTableBlockElement', '2023-02-06 16:26:39', '2023-02-06 16:26:39', NULL, '851cdf8e-9a2f-4215-993b-d25e369b5f0f'),
(9, 'craft\\elements\\GlobalSet', '2023-02-06 16:27:26', '2023-02-06 16:27:26', NULL, '5b005744-09ce-49b1-a1bf-5af778704d3c'),
(10, 'craft\\elements\\GlobalSet', '2023-02-06 16:28:05', '2023-02-06 16:28:05', NULL, '88248128-2327-47c1-af92-df0a20514a73'),
(11, 'craft\\elements\\GlobalSet', '2023-02-06 16:28:27', '2023-02-06 16:28:27', NULL, 'fa8c8ceb-27dd-4b90-a55f-72a230488c5b'),
(12, 'benf\\neo\\elements\\Block', '2023-02-06 20:23:30', '2023-02-06 20:23:30', NULL, 'bd893402-85a8-4bc6-912f-bac523ccec4d'),
(13, 'benf\\neo\\elements\\Block', '2023-02-06 20:23:30', '2023-02-06 20:23:30', NULL, '133a595f-3917-4485-a0d7-5e6aceeaffb5'),
(14, 'benf\\neo\\elements\\Block', '2023-02-06 20:23:30', '2023-02-06 20:23:30', NULL, '851b7c3e-6001-4133-85dd-2d255746e3f1'),
(15, 'benf\\neo\\elements\\Block', '2023-02-06 20:23:30', '2023-02-06 20:23:30', NULL, '5ede7087-645c-40f0-af74-46dd558ab3f8'),
(16, 'benf\\neo\\elements\\Block', '2023-02-06 20:23:30', '2023-02-06 20:23:30', NULL, '694515d2-1c97-4dbc-8193-72d104f4db26'),
(17, 'craft\\elements\\GlobalSet', '2023-02-06 20:24:11', '2023-02-06 20:24:11', NULL, 'db34fafc-88bc-4cb0-909c-a0d010b8532e'),
(18, 'craft\\elements\\Entry', '2023-02-06 20:30:59', '2023-02-06 20:30:59', '2023-02-06 20:31:38', 'af681c1b-902e-4e05-9360-e88f015c4821'),
(19, 'craft\\elements\\Entry', '2023-02-06 20:33:07', '2023-02-06 20:33:07', NULL, '9642a87c-37f7-4d90-9aae-2f90a6bd682e');

INSERT INTO `fieldlayouttabs` (`id`, `layoutId`, `name`, `settings`, `elements`, `sortOrder`, `dateCreated`, `dateUpdated`, `uid`) VALUES
(9, 6, 'Content', '{\"userCondition\":null,\"elementCondition\":null}', '[{\"type\":\"craft\\\\fieldlayoutelements\\\\assets\\\\AssetTitleField\",\"autocomplete\":false,\"class\":null,\"size\":null,\"name\":null,\"autocorrect\":true,\"autocapitalize\":true,\"disabled\":false,\"readonly\":false,\"title\":null,\"placeholder\":null,\"step\":null,\"min\":null,\"max\":null,\"requirable\":false,\"id\":null,\"containerAttributes\":[],\"inputContainerAttributes\":[],\"labelAttributes\":[],\"orientation\":null,\"label\":null,\"instructions\":null,\"tip\":null,\"warning\":null,\"width\":100,\"uid\":\"12166c82-7ef8-4ad8-b016-600b91573e17\",\"userCondition\":null,\"elementCondition\":null},{\"type\":\"craft\\\\fieldlayoutelements\\\\assets\\\\AltField\",\"attribute\":\"alt\",\"requirable\":true,\"class\":null,\"rows\":null,\"cols\":null,\"name\":null,\"disabled\":false,\"readonly\":false,\"title\":null,\"placeholder\":null,\"id\":null,\"containerAttributes\":[],\"inputContainerAttributes\":[],\"labelAttributes\":[],\"orientation\":null,\"label\":null,\"instructions\":null,\"tip\":null,\"warning\":null,\"required\":false,\"width\":100,\"uid\":\"37b6a168-94ca-4c18-987f-d785a00045c2\",\"userCondition\":null,\"elementCondition\":null}]', 1, '2023-02-06 16:19:08', '2023-02-06 16:19:08', '1cb2fba1-a8bb-4aa9-92e5-5126fc485976'),
(10, 1, 'Content', '{\"userCondition\":null,\"elementCondition\":null}', '[{\"type\":\"craft\\\\fieldlayoutelements\\\\assets\\\\AssetTitleField\",\"autocomplete\":false,\"class\":null,\"size\":null,\"name\":null,\"autocorrect\":true,\"autocapitalize\":true,\"disabled\":false,\"readonly\":false,\"title\":null,\"placeholder\":null,\"step\":null,\"min\":null,\"max\":null,\"requirable\":false,\"id\":null,\"containerAttributes\":[],\"inputContainerAttributes\":[],\"labelAttributes\":[],\"orientation\":null,\"label\":null,\"instructions\":null,\"tip\":null,\"warning\":null,\"width\":100,\"uid\":\"12166c82-7ef8-4ad8-b016-600b91573e17\",\"userCondition\":null,\"elementCondition\":null},{\"type\":\"craft\\\\fieldlayoutelements\\\\assets\\\\AltField\",\"attribute\":\"alt\",\"requirable\":true,\"class\":null,\"rows\":null,\"cols\":null,\"name\":null,\"disabled\":false,\"readonly\":false,\"title\":null,\"placeholder\":null,\"id\":null,\"containerAttributes\":[],\"inputContainerAttributes\":[],\"labelAttributes\":[],\"orientation\":null,\"label\":null,\"instructions\":null,\"tip\":null,\"warning\":null,\"required\":false,\"width\":100,\"uid\":\"37b6a168-94ca-4c18-987f-d785a00045c2\",\"userCondition\":null,\"elementCondition\":null},{\"type\":\"craft\\\\fieldlayoutelements\\\\CustomField\",\"label\":null,\"instructions\":null,\"tip\":null,\"warning\":null,\"required\":false,\"width\":100,\"uid\":\"36a1bab8-86c4-4fc5-9f44-c9029f4f06c0\",\"userCondition\":null,\"elementCondition\":null,\"fieldUid\":\"34ddd9c0-0028-4716-b50c-73aa40ea6920\"}]', 1, '2023-02-06 16:19:42', '2023-02-06 16:19:42', '1cb2fba1-a8bb-4aa9-92e5-5126fc485976'),
(11, 7, 'Content', '{\"userCondition\":null,\"elementCondition\":null}', '[{\"type\":\"craft\\\\fieldlayoutelements\\\\assets\\\\AssetTitleField\",\"autocomplete\":false,\"class\":null,\"size\":null,\"name\":null,\"autocorrect\":true,\"autocapitalize\":true,\"disabled\":false,\"readonly\":false,\"title\":null,\"placeholder\":null,\"step\":null,\"min\":null,\"max\":null,\"requirable\":false,\"id\":null,\"containerAttributes\":[],\"inputContainerAttributes\":[],\"labelAttributes\":[],\"orientation\":null,\"label\":null,\"instructions\":null,\"tip\":null,\"warning\":null,\"width\":100,\"uid\":\"8272b159-4720-4be0-b6de-1ecddd26db07\",\"userCondition\":null,\"elementCondition\":null},{\"type\":\"craft\\\\fieldlayoutelements\\\\assets\\\\AltField\",\"attribute\":\"alt\",\"requirable\":true,\"class\":null,\"rows\":null,\"cols\":null,\"name\":null,\"disabled\":false,\"readonly\":false,\"title\":null,\"placeholder\":null,\"id\":null,\"containerAttributes\":[],\"inputContainerAttributes\":[],\"labelAttributes\":[],\"orientation\":null,\"label\":null,\"instructions\":null,\"tip\":null,\"warning\":null,\"required\":false,\"width\":100,\"uid\":\"e66e95d7-fb3a-442d-accf-7eaafae2e5d5\",\"userCondition\":null,\"elementCondition\":null},{\"type\":\"craft\\\\fieldlayoutelements\\\\CustomField\",\"label\":null,\"instructions\":null,\"tip\":null,\"warning\":null,\"required\":false,\"width\":100,\"uid\":\"dcd30b5a-0946-4cd0-99a9-337a971890e4\",\"userCondition\":null,\"elementCondition\":null,\"fieldUid\":\"34ddd9c0-0028-4716-b50c-73aa40ea6920\"}]', 1, '2023-02-06 16:19:54', '2023-02-06 16:19:54', 'e45302fa-6e13-4fd9-84d4-f715c187677a'),
(16, 8, 'Content', '{\"userCondition\":null,\"elementCondition\":null}', '[{\"type\":\"craft\\\\fieldlayoutelements\\\\CustomField\",\"label\":null,\"instructions\":null,\"tip\":null,\"warning\":null,\"required\":false,\"width\":100,\"uid\":\"6783c357-18ce-4401-818c-222f4e0d3eff\",\"userCondition\":null,\"elementCondition\":null,\"fieldUid\":\"9af558ff-8f1f-4d0f-ae70-4f0a5c2c5add\"}]', 1, '2023-02-06 16:28:40', '2023-02-06 16:28:40', '1eeb9a32-baf7-4a50-8d78-2d758444140a'),
(22, 12, 'Content', '{\"userCondition\":null,\"elementCondition\":null}', '[{\"type\":\"craft\\\\fieldlayoutelements\\\\CustomField\",\"label\":null,\"instructions\":null,\"tip\":null,\"warning\":null,\"required\":false,\"width\":100,\"uid\":\"5806ebc0-614f-4c4a-be64-14c1cc73c309\",\"userCondition\":null,\"elementCondition\":null,\"fieldUid\":\"d64dba0e-b3dd-4726-a5f3-d77f911363a9\"},{\"type\":\"craft\\\\fieldlayoutelements\\\\CustomField\",\"label\":null,\"instructions\":null,\"tip\":null,\"warning\":null,\"required\":false,\"width\":100,\"uid\":\"8fe80afb-6e40-4b1c-81c6-ecff76d666da\",\"userCondition\":null,\"elementCondition\":null,\"fieldUid\":\"9b85cb2e-64d9-43b5-8693-68097a618895\"},{\"type\":\"craft\\\\fieldlayoutelements\\\\CustomField\",\"label\":null,\"instructions\":null,\"tip\":null,\"warning\":null,\"required\":false,\"width\":100,\"uid\":\"f8f5ddcf-9370-4a75-950e-59c73ab20f6b\",\"userCondition\":null,\"elementCondition\":null,\"fieldUid\":\"ad2057fb-7a69-4edc-add1-60ca888e8e08\"}]', 1, '2023-02-06 20:23:30', '2023-02-06 20:23:30', '0c266d91-65b0-4f15-9240-f99b8fab3428'),
(23, 13, 'Content', '{\"userCondition\":null,\"elementCondition\":null}', '[{\"type\":\"craft\\\\fieldlayoutelements\\\\CustomField\",\"label\":null,\"instructions\":null,\"tip\":null,\"warning\":null,\"required\":false,\"width\":100,\"uid\":\"89c3a0f6-b7f2-4e8e-bb28-878705d08e98\",\"userCondition\":null,\"elementCondition\":null,\"fieldUid\":\"d64dba0e-b3dd-4726-a5f3-d77f911363a9\"},{\"type\":\"craft\\\\fieldlayoutelements\\\\CustomField\",\"label\":null,\"instructions\":null,\"tip\":null,\"warning\":null,\"required\":false,\"width\":100,\"uid\":\"d2ef8b9f-6dee-45c8-bfa5-dda9c08b6b50\",\"userCondition\":null,\"elementCondition\":null,\"fieldUid\":\"51dc1ca6-1aae-44ed-89dd-a7b0b687c681\"}]', 1, '2023-02-06 20:23:30', '2023-02-06 20:23:30', '2011d008-82c8-4144-ae32-61dc54f83f4d'),
(24, 14, 'Content', '{\"userCondition\":null,\"elementCondition\":null}', '[{\"type\":\"craft\\\\fieldlayoutelements\\\\CustomField\",\"label\":null,\"instructions\":null,\"tip\":null,\"warning\":null,\"required\":false,\"width\":100,\"uid\":\"82770b87-69a2-4706-a630-562b75f7117e\",\"userCondition\":null,\"elementCondition\":null,\"fieldUid\":\"d64dba0e-b3dd-4726-a5f3-d77f911363a9\"},{\"type\":\"craft\\\\fieldlayoutelements\\\\CustomField\",\"label\":null,\"instructions\":null,\"tip\":null,\"warning\":null,\"required\":false,\"width\":100,\"uid\":\"3d6bfca4-25f8-41e7-8200-33fbf833ba64\",\"userCondition\":null,\"elementCondition\":null,\"fieldUid\":\"1bd2ee21-62b1-4ccb-88de-f68075a4423a\"}]', 1, '2023-02-06 20:23:30', '2023-02-06 20:23:30', '81e8ad91-16ea-42b6-abfe-1c187a85d5a2'),
(25, 15, 'Content', '{\"userCondition\":null,\"elementCondition\":null}', '[{\"type\":\"craft\\\\fieldlayoutelements\\\\CustomField\",\"label\":null,\"instructions\":null,\"tip\":null,\"warning\":null,\"required\":false,\"width\":100,\"uid\":\"1d3df06b-758a-408f-9c55-00e11778fdf6\",\"userCondition\":null,\"elementCondition\":null,\"fieldUid\":\"d64dba0e-b3dd-4726-a5f3-d77f911363a9\"},{\"type\":\"craft\\\\fieldlayoutelements\\\\CustomField\",\"label\":null,\"instructions\":null,\"tip\":null,\"warning\":null,\"required\":false,\"width\":100,\"uid\":\"42bd7d75-55a5-4568-aa44-09a9bfdc7164\",\"userCondition\":null,\"elementCondition\":null,\"fieldUid\":\"9b85cb2e-64d9-43b5-8693-68097a618895\"},{\"type\":\"craft\\\\fieldlayoutelements\\\\CustomField\",\"label\":null,\"instructions\":null,\"tip\":null,\"warning\":null,\"required\":false,\"width\":100,\"uid\":\"8ecbf008-2aaa-4064-a4b2-ee34c88b0887\",\"userCondition\":null,\"elementCondition\":null,\"fieldUid\":\"a0e4f2eb-7480-4c82-a5e0-1675bebe0a16\"}]', 1, '2023-02-06 20:23:30', '2023-02-06 20:23:30', 'a81c28a2-a6a2-4933-832c-995839b388d3'),
(26, 16, 'Content', '{\"userCondition\":null,\"elementCondition\":null}', '[{\"type\":\"craft\\\\fieldlayoutelements\\\\CustomField\",\"label\":null,\"instructions\":null,\"tip\":null,\"warning\":null,\"required\":false,\"width\":100,\"uid\":\"f761e1b1-4a2d-4cb4-a10a-9beff8ddcfe7\",\"userCondition\":null,\"elementCondition\":null,\"fieldUid\":\"d64dba0e-b3dd-4726-a5f3-d77f911363a9\"},{\"type\":\"craft\\\\fieldlayoutelements\\\\CustomField\",\"label\":null,\"instructions\":null,\"tip\":null,\"warning\":null,\"required\":false,\"width\":100,\"uid\":\"9857a15c-cbe3-4a45-a6ae-9d9f032cd2c5\",\"userCondition\":null,\"elementCondition\":null,\"fieldUid\":\"9b85cb2e-64d9-43b5-8693-68097a618895\"},{\"type\":\"craft\\\\fieldlayoutelements\\\\CustomField\",\"label\":null,\"instructions\":null,\"tip\":null,\"warning\":null,\"required\":false,\"width\":100,\"uid\":\"87032fbd-b65c-4247-8758-70fd9b8180ac\",\"userCondition\":null,\"elementCondition\":null,\"fieldUid\":\"ad2057fb-7a69-4edc-add1-60ca888e8e08\"},{\"type\":\"craft\\\\fieldlayoutelements\\\\CustomField\",\"label\":null,\"instructions\":null,\"tip\":null,\"warning\":null,\"required\":false,\"width\":100,\"uid\":\"dcaba240-3236-4b08-a58d-c22ec23b71be\",\"userCondition\":null,\"elementCondition\":null,\"fieldUid\":\"13c96ebc-56f6-4f07-bfc2-066ef6497efe\"}]', 1, '2023-02-06 20:23:30', '2023-02-06 20:23:30', 'c7875983-0fde-47b0-84b7-723df4eeca39'),
(28, 9, 'Navigation', '{\"userCondition\":null,\"elementCondition\":null}', '[{\"type\":\"craft\\\\fieldlayoutelements\\\\CustomField\",\"label\":null,\"instructions\":null,\"tip\":null,\"warning\":null,\"required\":false,\"width\":100,\"uid\":\"3eba6756-26ce-4c29-820f-0efd0c79167a\",\"userCondition\":null,\"elementCondition\":null,\"fieldUid\":\"c454d863-60f4-46a6-a8f3-51bc5e3e2db8\"}]', 1, '2023-02-06 20:24:18', '2023-02-06 20:24:18', '129e582a-2a61-4f1e-a0be-f68080f5ef6c'),
(31, 10, 'Content', '{\"userCondition\":null,\"elementCondition\":null}', '[{\"type\":\"craft\\\\fieldlayoutelements\\\\CustomField\",\"label\":null,\"instructions\":null,\"tip\":null,\"warning\":null,\"required\":false,\"width\":100,\"uid\":\"717a5761-07a9-4dd4-b5de-f492b33df6b0\",\"userCondition\":null,\"elementCondition\":null,\"fieldUid\":\"bbb252a6-5a9a-42ac-b9c1-d77c07a0582b\"},{\"type\":\"craft\\\\fieldlayoutelements\\\\CustomField\",\"label\":null,\"instructions\":null,\"tip\":null,\"warning\":null,\"required\":false,\"width\":100,\"uid\":\"c6c2bad2-46ee-4ed6-b89d-c5157d76d992\",\"userCondition\":null,\"elementCondition\":null,\"fieldUid\":\"993b0220-7fbc-4c8f-94e6-10a6bffad528\"},{\"type\":\"craft\\\\fieldlayoutelements\\\\CustomField\",\"label\":null,\"instructions\":null,\"tip\":null,\"warning\":null,\"required\":false,\"width\":100,\"uid\":\"b6e8aa3b-37d8-46a5-b04d-d6e86cbf5bfc\",\"userCondition\":null,\"elementCondition\":null,\"fieldUid\":\"e5fb7200-8192-4c3a-b270-625e56a1197d\"},{\"type\":\"craft\\\\fieldlayoutelements\\\\CustomField\",\"label\":null,\"instructions\":null,\"tip\":null,\"warning\":null,\"required\":false,\"width\":100,\"uid\":\"b3cc9d91-17f0-4620-be8d-7430d9d55ef2\",\"userCondition\":null,\"elementCondition\":null,\"fieldUid\":\"05d35468-8a78-4c4e-9c05-3e5635b35456\"}]', 1, '2023-02-06 20:24:19', '2023-02-06 20:24:19', '976bf6d2-921b-4885-ae50-7f7f83a90b24'),
(33, 17, 'Content', '{\"userCondition\":null,\"elementCondition\":null}', '[{\"type\":\"craft\\\\fieldlayoutelements\\\\CustomField\",\"label\":null,\"instructions\":null,\"tip\":null,\"warning\":null,\"required\":false,\"width\":100,\"uid\":\"cfe7bb3b-566d-4e30-80c9-c3d090b0fa64\",\"userCondition\":null,\"elementCondition\":null,\"fieldUid\":\"9b85cb2e-64d9-43b5-8693-68097a618895\"},{\"type\":\"craft\\\\fieldlayoutelements\\\\CustomField\",\"label\":null,\"instructions\":null,\"tip\":null,\"warning\":null,\"required\":false,\"width\":100,\"uid\":\"ff7e531a-5fd8-4f5d-a326-85d4e48d0984\",\"userCondition\":null,\"elementCondition\":null,\"fieldUid\":\"ad2057fb-7a69-4edc-add1-60ca888e8e08\"},{\"type\":\"craft\\\\fieldlayoutelements\\\\CustomField\",\"label\":null,\"instructions\":null,\"tip\":null,\"warning\":null,\"required\":false,\"width\":100,\"uid\":\"2057afe1-e682-4b51-a00b-3468ceec1868\",\"userCondition\":null,\"elementCondition\":null,\"fieldUid\":\"13c96ebc-56f6-4f07-bfc2-066ef6497efe\"}]', 1, '2023-02-06 20:24:25', '2023-02-06 20:24:25', '363a580e-8fa3-4489-ac36-19c299db717f'),
(34, 11, 'Links', '{\"userCondition\":null,\"elementCondition\":null}', '[{\"type\":\"craft\\\\fieldlayoutelements\\\\CustomField\",\"label\":null,\"instructions\":null,\"tip\":null,\"warning\":null,\"required\":false,\"width\":100,\"uid\":\"30aca451-734f-4502-915b-5990b1a766b1\",\"userCondition\":null,\"elementCondition\":null,\"fieldUid\":\"c454d863-60f4-46a6-a8f3-51bc5e3e2db8\"}]', 1, '2023-02-06 20:24:25', '2023-02-06 20:24:25', 'deae571e-3a5c-4f8f-883e-e37cf6e914a4'),
(35, 3, 'Content', '{\"userCondition\":null,\"elementCondition\":null}', '[{\"type\":\"craft\\\\fieldlayoutelements\\\\entries\\\\EntryTitleField\",\"autocomplete\":false,\"class\":null,\"size\":null,\"name\":null,\"autocorrect\":true,\"autocapitalize\":true,\"disabled\":false,\"readonly\":false,\"title\":null,\"placeholder\":null,\"step\":null,\"min\":null,\"max\":null,\"requirable\":false,\"id\":null,\"containerAttributes\":[],\"inputContainerAttributes\":[],\"labelAttributes\":[],\"orientation\":null,\"label\":null,\"instructions\":null,\"tip\":null,\"warning\":null,\"width\":100,\"uid\":\"2e99207f-4f2f-4767-8b78-858b08852796\",\"userCondition\":null,\"elementCondition\":null},{\"type\":\"craft\\\\fieldlayoutelements\\\\CustomField\",\"label\":null,\"instructions\":null,\"tip\":null,\"warning\":null,\"required\":false,\"width\":100,\"uid\":\"bcf0b3ac-2c69-46c9-822e-eba74ec851ed\",\"userCondition\":null,\"elementCondition\":null,\"fieldUid\":\"e5fb7200-8192-4c3a-b270-625e56a1197d\"},{\"type\":\"craft\\\\fieldlayoutelements\\\\CustomField\",\"label\":null,\"instructions\":null,\"tip\":null,\"warning\":null,\"required\":false,\"width\":100,\"uid\":\"aeb96f92-85e7-48a5-b61d-47d29959dc48\",\"userCondition\":null,\"elementCondition\":null,\"fieldUid\":\"62200b20-36fe-447f-aaec-97df6bb416a1\"}]', 1, '2023-02-06 20:26:49', '2023-02-06 20:26:49', '72af97a4-c296-4a18-9d4d-b44995e542e3'),
(47, 18, 'Content', '{\"userCondition\":null,\"elementCondition\":null}', '[{\"type\":\"craft\\\\fieldlayoutelements\\\\entries\\\\EntryTitleField\",\"autocomplete\":false,\"class\":null,\"size\":null,\"name\":null,\"autocorrect\":true,\"autocapitalize\":true,\"disabled\":false,\"readonly\":false,\"title\":null,\"placeholder\":null,\"step\":null,\"min\":null,\"max\":null,\"requirable\":false,\"id\":null,\"containerAttributes\":[],\"inputContainerAttributes\":[],\"labelAttributes\":[],\"orientation\":null,\"label\":null,\"instructions\":null,\"tip\":null,\"warning\":null,\"width\":100,\"uid\":\"5b84c77b-b96a-4f35-9940-16542cf57d0a\",\"userCondition\":null,\"elementCondition\":null},{\"type\":\"craft\\\\fieldlayoutelements\\\\CustomField\",\"label\":null,\"instructions\":null,\"tip\":null,\"warning\":null,\"required\":false,\"width\":100,\"uid\":\"ab150e72-6c51-4cdd-8eb8-dfdee68806d8\",\"userCondition\":null,\"elementCondition\":null,\"fieldUid\":\"76140e88-ea52-4bcd-9518-7dab11324050\"},{\"type\":\"craft\\\\fieldlayoutelements\\\\CustomField\",\"label\":null,\"instructions\":null,\"tip\":null,\"warning\":null,\"required\":false,\"width\":100,\"uid\":\"9bb4fdcf-5cb7-4b6e-be26-ef5c8ac1a161\",\"userCondition\":null,\"elementCondition\":null,\"fieldUid\":\"937f08fb-c57a-4702-a099-98dd7db74e7f\"}]', 1, '2023-02-06 20:30:59', '2023-02-06 20:30:59', 'dd64195d-4093-4b13-a94e-8b686a1e91d4'),
(48, 18, 'Header', '{\"userCondition\":null,\"elementCondition\":null}', '[{\"type\":\"craft\\\\fieldlayoutelements\\\\CustomField\",\"label\":null,\"instructions\":null,\"tip\":null,\"warning\":null,\"required\":false,\"width\":100,\"uid\":\"c1f307c6-96fa-4459-be17-5de45e723427\",\"userCondition\":null,\"elementCondition\":null,\"fieldUid\":\"6b186c3a-d3e2-4d9b-b349-b37fb2fd2227\"},{\"type\":\"craft\\\\fieldlayoutelements\\\\CustomField\",\"label\":null,\"instructions\":null,\"tip\":null,\"warning\":null,\"required\":false,\"width\":100,\"uid\":\"bfd292cd-540d-4cfd-8fa9-edfdcfcf2ff3\",\"userCondition\":null,\"elementCondition\":null,\"fieldUid\":\"1047f1b3-790b-447f-87d5-7726dcba5c67\"}]', 2, '2023-02-06 20:30:59', '2023-02-06 20:30:59', 'd2aacb2c-f230-4116-8885-78580c8ad5e9'),
(49, 18, 'Navigation', '{\"userCondition\":null,\"elementCondition\":null}', '[{\"type\":\"craft\\\\fieldlayoutelements\\\\CustomField\",\"label\":null,\"instructions\":null,\"tip\":null,\"warning\":null,\"required\":false,\"width\":100,\"uid\":\"9556c33e-767f-4d5b-84b5-e7b2d564b253\",\"userCondition\":null,\"elementCondition\":null,\"fieldUid\":\"c454d863-60f4-46a6-a8f3-51bc5e3e2db8\"}]', 3, '2023-02-06 20:30:59', '2023-02-06 20:30:59', 'b25d4e8e-8b25-4a4a-9043-dff32ff74ee8'),
(50, 18, 'SEO', '{\"userCondition\":null,\"elementCondition\":null}', '[{\"type\":\"craft\\\\fieldlayoutelements\\\\CustomField\",\"label\":null,\"instructions\":null,\"tip\":null,\"warning\":null,\"required\":false,\"width\":100,\"uid\":\"8e3cf0f0-591e-4395-a046-2b5b6cce8c03\",\"userCondition\":null,\"elementCondition\":null,\"fieldUid\":\"95efe7fb-840a-4c0c-818b-f44d3458d1b4\"}]', 4, '2023-02-06 20:30:59', '2023-02-06 20:30:59', '2a1e5313-52ac-40a3-abc7-003e6794ed40'),
(55, 19, 'Content', '{\"userCondition\":null,\"elementCondition\":null}', '[{\"type\":\"craft\\\\fieldlayoutelements\\\\entries\\\\EntryTitleField\",\"autocomplete\":false,\"class\":null,\"size\":null,\"name\":null,\"autocorrect\":true,\"autocapitalize\":true,\"disabled\":false,\"readonly\":false,\"title\":null,\"placeholder\":null,\"step\":null,\"min\":null,\"max\":null,\"requirable\":false,\"id\":null,\"containerAttributes\":[],\"inputContainerAttributes\":[],\"labelAttributes\":[],\"orientation\":null,\"label\":null,\"instructions\":null,\"tip\":null,\"warning\":null,\"width\":100,\"uid\":\"0c913aed-48a0-4add-8e8b-73a7d5fd0513\",\"userCondition\":null,\"elementCondition\":null},{\"type\":\"craft\\\\fieldlayoutelements\\\\CustomField\",\"label\":null,\"instructions\":null,\"tip\":null,\"warning\":null,\"required\":false,\"width\":100,\"uid\":\"43fb2f77-cb16-484f-8632-fa13c316dd2a\",\"userCondition\":null,\"elementCondition\":null,\"fieldUid\":\"76140e88-ea52-4bcd-9518-7dab11324050\"},{\"type\":\"craft\\\\fieldlayoutelements\\\\CustomField\",\"label\":null,\"instructions\":null,\"tip\":null,\"warning\":null,\"required\":false,\"width\":100,\"uid\":\"0eb9fb26-65da-45e3-ba2c-0ac1f91491e5\",\"userCondition\":null,\"elementCondition\":null,\"fieldUid\":\"937f08fb-c57a-4702-a099-98dd7db74e7f\"}]', 1, '2023-02-06 20:33:07', '2023-02-06 20:33:07', '8d576c52-0b6a-4dde-8e78-06dda897920d'),
(56, 19, 'Header', '{\"userCondition\":null,\"elementCondition\":null}', '[{\"type\":\"craft\\\\fieldlayoutelements\\\\CustomField\",\"label\":null,\"instructions\":null,\"tip\":null,\"warning\":null,\"required\":false,\"width\":100,\"uid\":\"a60e2a48-006c-4a51-8fb4-f86501b0dc13\",\"userCondition\":null,\"elementCondition\":null,\"fieldUid\":\"6b186c3a-d3e2-4d9b-b349-b37fb2fd2227\"},{\"type\":\"craft\\\\fieldlayoutelements\\\\CustomField\",\"label\":null,\"instructions\":null,\"tip\":null,\"warning\":null,\"required\":false,\"width\":100,\"uid\":\"b7c1dabd-ddec-4b25-9cfa-1a466a827d04\",\"userCondition\":null,\"elementCondition\":null,\"fieldUid\":\"1047f1b3-790b-447f-87d5-7726dcba5c67\"}]', 2, '2023-02-06 20:33:07', '2023-02-06 20:33:07', 'a94f9e87-f8c1-49c1-a66e-1feaf8b6678d'),
(57, 19, 'Navigation', '{\"userCondition\":null,\"elementCondition\":null}', '[{\"type\":\"craft\\\\fieldlayoutelements\\\\CustomField\",\"label\":null,\"instructions\":null,\"tip\":null,\"warning\":null,\"required\":false,\"width\":100,\"uid\":\"8fc578cf-2558-49eb-9ee5-53e694de0f66\",\"userCondition\":null,\"elementCondition\":null,\"fieldUid\":\"c454d863-60f4-46a6-a8f3-51bc5e3e2db8\"}]', 3, '2023-02-06 20:33:07', '2023-02-06 20:33:07', '214b18dd-76fb-489a-af8f-4eaa105c11dd'),
(58, 19, 'SEO', '{\"userCondition\":null,\"elementCondition\":null}', '[{\"type\":\"craft\\\\fieldlayoutelements\\\\CustomField\",\"label\":null,\"instructions\":null,\"tip\":null,\"warning\":null,\"required\":false,\"width\":100,\"uid\":\"e1618829-d1d2-4da8-85d3-7e989b880a4d\",\"userCondition\":null,\"elementCondition\":null,\"fieldUid\":\"95efe7fb-840a-4c0c-818b-f44d3458d1b4\"}]', 4, '2023-02-06 20:33:07', '2023-02-06 20:33:07', '8eaa6ec0-a65d-4859-a486-b6571720e73e'),
(59, 5, 'Content', '{\"userCondition\":null,\"elementCondition\":null}', '[{\"type\":\"craft\\\\fieldlayoutelements\\\\entries\\\\EntryTitleField\",\"autocomplete\":false,\"class\":null,\"size\":null,\"name\":null,\"autocorrect\":true,\"autocapitalize\":true,\"disabled\":false,\"readonly\":false,\"title\":null,\"placeholder\":null,\"step\":null,\"min\":null,\"max\":null,\"requirable\":false,\"id\":null,\"containerAttributes\":[],\"inputContainerAttributes\":[],\"labelAttributes\":[],\"orientation\":null,\"label\":null,\"instructions\":null,\"tip\":null,\"warning\":null,\"width\":100,\"uid\":\"84532b36-92d3-42dc-9321-8f98d8c84d85\",\"userCondition\":null,\"elementCondition\":null},{\"type\":\"craft\\\\fieldlayoutelements\\\\CustomField\",\"label\":null,\"instructions\":null,\"tip\":null,\"warning\":null,\"required\":false,\"width\":100,\"uid\":\"6221a403-a939-4de0-9505-e3c7665b0e99\",\"userCondition\":null,\"elementCondition\":null,\"fieldUid\":\"76140e88-ea52-4bcd-9518-7dab11324050\"},{\"type\":\"craft\\\\fieldlayoutelements\\\\CustomField\",\"label\":null,\"instructions\":null,\"tip\":null,\"warning\":null,\"required\":false,\"width\":100,\"uid\":\"4031f384-5a8b-4e7d-a5fd-775274369b95\",\"userCondition\":null,\"elementCondition\":null,\"fieldUid\":\"a6b876e1-27af-4290-b76e-235413141039\"},{\"type\":\"craft\\\\fieldlayoutelements\\\\CustomField\",\"label\":null,\"instructions\":null,\"tip\":null,\"warning\":null,\"required\":false,\"width\":100,\"uid\":\"d8828ffb-f932-4a39-9864-eeb14662483a\",\"userCondition\":null,\"elementCondition\":null,\"fieldUid\":\"ad2057fb-7a69-4edc-add1-60ca888e8e08\"}]', 1, '2023-02-06 20:34:43', '2023-02-06 20:34:43', '85d0fcd3-e603-43e8-959e-5358b7e304b6'),
(64, 2, 'Content', '{\"userCondition\":null,\"elementCondition\":null}', '[{\"type\":\"craft\\\\fieldlayoutelements\\\\entries\\\\EntryTitleField\",\"autocomplete\":false,\"class\":null,\"size\":null,\"name\":null,\"autocorrect\":true,\"autocapitalize\":true,\"disabled\":false,\"readonly\":false,\"title\":null,\"placeholder\":null,\"step\":null,\"min\":null,\"max\":null,\"requirable\":false,\"id\":null,\"containerAttributes\":[],\"inputContainerAttributes\":[],\"labelAttributes\":[],\"orientation\":null,\"label\":null,\"instructions\":null,\"tip\":null,\"warning\":null,\"width\":100,\"uid\":\"568e1142-8d55-4266-97e1-f60660253b25\",\"userCondition\":null,\"elementCondition\":null},{\"type\":\"craft\\\\fieldlayoutelements\\\\CustomField\",\"label\":null,\"instructions\":null,\"tip\":null,\"warning\":null,\"required\":false,\"width\":100,\"uid\":\"0ab56b7d-4a62-43fb-9352-79dad7ac85f0\",\"userCondition\":null,\"elementCondition\":null,\"fieldUid\":\"76140e88-ea52-4bcd-9518-7dab11324050\"},{\"type\":\"craft\\\\fieldlayoutelements\\\\CustomField\",\"label\":null,\"instructions\":null,\"tip\":null,\"warning\":null,\"required\":false,\"width\":100,\"uid\":\"2d9fb66e-2ef6-4fd9-8902-68a096ea473a\",\"userCondition\":null,\"elementCondition\":null,\"fieldUid\":\"1047f1b3-790b-447f-87d5-7726dcba5c67\"},{\"type\":\"craft\\\\fieldlayoutelements\\\\CustomField\",\"label\":null,\"instructions\":null,\"tip\":null,\"warning\":null,\"required\":false,\"width\":100,\"uid\":\"95e5a1ce-cc33-481a-96b3-1629ff52b5f8\",\"userCondition\":null,\"elementCondition\":null,\"fieldUid\":\"deaa8b20-e3e8-49a2-9555-3f6a7839613e\"},{\"type\":\"craft\\\\fieldlayoutelements\\\\CustomField\",\"label\":null,\"instructions\":null,\"tip\":null,\"warning\":null,\"required\":false,\"width\":100,\"uid\":\"82761a46-ce0b-41d1-96e8-2a4c42dc943e\",\"userCondition\":null,\"elementCondition\":null,\"fieldUid\":\"932d3d9e-80c2-4456-9702-a476fbd8d6be\"},{\"type\":\"craft\\\\fieldlayoutelements\\\\CustomField\",\"label\":null,\"instructions\":null,\"tip\":null,\"warning\":null,\"required\":false,\"width\":100,\"uid\":\"473e9e60-15a5-4dbc-a024-ead8257a0914\",\"userCondition\":null,\"elementCondition\":null,\"fieldUid\":\"937f08fb-c57a-4702-a099-98dd7db74e7f\"}]', 1, '2023-02-06 22:05:28', '2023-02-06 22:05:28', 'd285672c-ce88-4ff1-a5ce-8dfc2b8feaae'),
(65, 2, 'Header', '{\"userCondition\":null,\"elementCondition\":null}', '[{\"type\":\"craft\\\\fieldlayoutelements\\\\CustomField\",\"label\":null,\"instructions\":null,\"tip\":null,\"warning\":null,\"required\":false,\"width\":100,\"uid\":\"c255939a-82a4-4b64-9f53-3bebe3ece8da\",\"userCondition\":null,\"elementCondition\":null,\"fieldUid\":\"6b186c3a-d3e2-4d9b-b349-b37fb2fd2227\"},{\"type\":\"craft\\\\fieldlayoutelements\\\\CustomField\",\"label\":null,\"instructions\":null,\"tip\":null,\"warning\":null,\"required\":false,\"width\":100,\"uid\":\"3ad51683-9fdb-4742-959f-1431660ccda4\",\"userCondition\":null,\"elementCondition\":null,\"fieldUid\":\"a9064f86-9264-425f-9101-7268b79f4974\"}]', 2, '2023-02-06 22:05:28', '2023-02-06 22:05:28', 'f4538eb4-35a1-492e-a1f5-4411fa208746'),
(66, 2, 'Navigation', '{\"userCondition\":null,\"elementCondition\":null}', '[{\"type\":\"craft\\\\fieldlayoutelements\\\\CustomField\",\"label\":null,\"instructions\":null,\"tip\":null,\"warning\":null,\"required\":false,\"width\":100,\"uid\":\"50aaac87-bbdc-4614-a614-c1c53614a497\",\"userCondition\":null,\"elementCondition\":null,\"fieldUid\":\"c454d863-60f4-46a6-a8f3-51bc5e3e2db8\"}]', 3, '2023-02-06 22:05:28', '2023-02-06 22:05:28', '65061cd9-cfb5-4ca9-999c-ec21d4472ca9'),
(67, 2, 'SEO', '{\"userCondition\":null,\"elementCondition\":null}', '[{\"type\":\"craft\\\\fieldlayoutelements\\\\CustomField\",\"label\":null,\"instructions\":null,\"tip\":null,\"warning\":null,\"required\":false,\"width\":100,\"uid\":\"b6a86ffe-2e06-4f7c-a668-386502415e85\",\"userCondition\":null,\"elementCondition\":null,\"fieldUid\":\"95efe7fb-840a-4c0c-818b-f44d3458d1b4\"}]', 4, '2023-02-06 22:05:28', '2023-02-06 22:05:28', 'aa5dad13-cdfb-4ff2-9e06-f137c66b8b60'),
(68, 4, 'Content', '{\"userCondition\":null,\"elementCondition\":null}', '[{\"type\":\"craft\\\\fieldlayoutelements\\\\entries\\\\EntryTitleField\",\"autocomplete\":false,\"class\":null,\"size\":null,\"name\":null,\"autocorrect\":true,\"autocapitalize\":true,\"disabled\":false,\"readonly\":false,\"title\":null,\"placeholder\":null,\"step\":null,\"min\":null,\"max\":null,\"requirable\":false,\"id\":null,\"containerAttributes\":[],\"inputContainerAttributes\":[],\"labelAttributes\":[],\"orientation\":null,\"label\":null,\"instructions\":null,\"tip\":null,\"warning\":null,\"width\":100,\"uid\":\"f1b21222-b894-4bf1-b4c5-720fee243c1e\",\"userCondition\":null,\"elementCondition\":null},{\"type\":\"craft\\\\fieldlayoutelements\\\\CustomField\",\"label\":null,\"instructions\":null,\"tip\":null,\"warning\":null,\"required\":false,\"width\":100,\"uid\":\"f73b81c0-281c-4729-8b3d-7a7268b4a3cd\",\"userCondition\":null,\"elementCondition\":null,\"fieldUid\":\"76140e88-ea52-4bcd-9518-7dab11324050\"},{\"type\":\"craft\\\\fieldlayoutelements\\\\CustomField\",\"label\":null,\"instructions\":null,\"tip\":null,\"warning\":null,\"required\":false,\"width\":50,\"uid\":\"f08d6f8d-8c36-481f-a876-5b152886c2f5\",\"userCondition\":null,\"elementCondition\":null,\"fieldUid\":\"08623209-825c-4569-a171-0a31c07cf041\"},{\"type\":\"craft\\\\fieldlayoutelements\\\\CustomField\",\"label\":null,\"instructions\":null,\"tip\":null,\"warning\":null,\"required\":false,\"width\":50,\"uid\":\"7f4fa54e-8be1-4782-b650-e338a02d0cb1\",\"userCondition\":null,\"elementCondition\":null,\"fieldUid\":\"198e01cf-fe33-4de7-9fe1-95b9cb70802e\"},{\"type\":\"craft\\\\fieldlayoutelements\\\\CustomField\",\"label\":\"Client\",\"instructions\":null,\"tip\":null,\"warning\":null,\"required\":false,\"width\":50,\"uid\":\"1e3cf165-04b9-4862-af6b-786d759afffe\",\"userCondition\":null,\"elementCondition\":null,\"fieldUid\":\"a9064f86-9264-425f-9101-7268b79f4974\"},{\"type\":\"craft\\\\fieldlayoutelements\\\\CustomField\",\"label\":null,\"instructions\":null,\"tip\":null,\"warning\":null,\"required\":false,\"width\":50,\"uid\":\"52ca7b18-dbe1-4235-94cd-fb0849b1a52e\",\"userCondition\":null,\"elementCondition\":null,\"fieldUid\":\"deaa8b20-e3e8-49a2-9555-3f6a7839613e\"},{\"type\":\"craft\\\\fieldlayoutelements\\\\CustomField\",\"label\":null,\"instructions\":null,\"tip\":null,\"warning\":null,\"required\":false,\"width\":50,\"uid\":\"a17421fa-1597-477a-8700-f6f9bfea2ef7\",\"userCondition\":null,\"elementCondition\":null,\"fieldUid\":\"4c74dba2-6366-46e7-b4ae-a02582b4677c\"},{\"type\":\"craft\\\\fieldlayoutelements\\\\CustomField\",\"label\":null,\"instructions\":null,\"tip\":null,\"warning\":null,\"required\":false,\"width\":100,\"uid\":\"93b30fb1-7822-41e8-a454-cf23e5dc7d01\",\"userCondition\":null,\"elementCondition\":null,\"fieldUid\":\"937f08fb-c57a-4702-a099-98dd7db74e7f\"}]', 1, '2023-02-08 19:20:32', '2023-02-08 19:20:32', '5a95cf58-672a-428c-94db-029a5ecebefc'),
(69, 4, 'Header', '{\"userCondition\":null,\"elementCondition\":null}', '[{\"type\":\"craft\\\\fieldlayoutelements\\\\CustomField\",\"label\":null,\"instructions\":null,\"tip\":null,\"warning\":null,\"required\":false,\"width\":100,\"uid\":\"5b82e277-9ab4-420b-8279-28b00a95acda\",\"userCondition\":null,\"elementCondition\":null,\"fieldUid\":\"6b186c3a-d3e2-4d9b-b349-b37fb2fd2227\"},{\"type\":\"craft\\\\fieldlayoutelements\\\\CustomField\",\"label\":null,\"instructions\":null,\"tip\":null,\"warning\":null,\"required\":false,\"width\":100,\"uid\":\"b25a9e19-42d0-41cc-8ea7-87f5185ecce8\",\"userCondition\":null,\"elementCondition\":null,\"fieldUid\":\"1047f1b3-790b-447f-87d5-7726dcba5c67\"}]', 2, '2023-02-08 19:20:32', '2023-02-08 19:20:32', '70c49cfd-636d-4a97-abf6-be48f223ff76'),
(70, 4, 'Navigation', '{\"userCondition\":null,\"elementCondition\":null}', '[{\"type\":\"craft\\\\fieldlayoutelements\\\\CustomField\",\"label\":null,\"instructions\":null,\"tip\":null,\"warning\":null,\"required\":false,\"width\":100,\"uid\":\"512489c0-3b38-44a4-bc81-69f5d1b052c3\",\"userCondition\":null,\"elementCondition\":null,\"fieldUid\":\"c454d863-60f4-46a6-a8f3-51bc5e3e2db8\"}]', 3, '2023-02-08 19:20:32', '2023-02-08 19:20:32', 'c064d93c-c824-40c1-af5e-f3bc6c26a3ab'),
(71, 4, 'SEO', '{\"userCondition\":null,\"elementCondition\":null}', '[{\"type\":\"craft\\\\fieldlayoutelements\\\\CustomField\",\"label\":null,\"instructions\":null,\"tip\":null,\"warning\":null,\"required\":false,\"width\":100,\"uid\":\"a2732557-1691-4831-b547-a599439c527d\",\"userCondition\":null,\"elementCondition\":null,\"fieldUid\":\"95efe7fb-840a-4c0c-818b-f44d3458d1b4\"}]', 4, '2023-02-08 19:20:32', '2023-02-08 19:20:32', 'd1d9d568-0871-4e2f-9bad-4656dae9a6fd');

INSERT INTO `fields` (`id`, `groupId`, `name`, `handle`, `context`, `columnSuffix`, `instructions`, `searchable`, `translationMethod`, `translationKeyFormat`, `type`, `settings`, `dateCreated`, `dateUpdated`, `uid`) VALUES
(1, 1, 'Heading', 'heading', 'global', 'ksiduvla', NULL, 0, 'none', NULL, 'craft\\fields\\PlainText', '{\"byteLimit\":null,\"charLimit\":null,\"code\":false,\"columnType\":null,\"initialRows\":4,\"multiline\":false,\"placeholder\":null,\"uiMode\":\"normal\"}', '2023-02-06 16:16:18', '2023-02-06 16:16:18', '9b85cb2e-64d9-43b5-8693-68097a618895'),
(2, 1, 'Body', 'body', 'global', 'wclszjar', NULL, 0, 'none', NULL, 'craft\\redactor\\Field', '{\"availableTransforms\":\"\",\"availableVolumes\":\"*\",\"columnType\":\"text\",\"configSelectionMode\":\"choose\",\"defaultTransform\":\"\",\"manualConfig\":\"\",\"purifierConfig\":null,\"purifyHtml\":true,\"redactorConfig\":null,\"removeEmptyTags\":false,\"removeInlineStyles\":false,\"removeNbsp\":false,\"showHtmlButtonForNonAdmins\":false,\"showUnpermittedFiles\":false,\"showUnpermittedVolumes\":false,\"uiMode\":\"enlarged\"}', '2023-02-06 16:16:35', '2023-02-06 16:16:35', 'ad2057fb-7a69-4edc-add1-60ca888e8e08'),
(3, 1, 'Image', 'image', 'global', NULL, NULL, 0, 'site', NULL, 'craft\\fields\\Assets', '{\"allowSelfRelations\":false,\"allowSubfolders\":false,\"allowUploads\":true,\"allowedKinds\":[\"image\",\"video\"],\"defaultUploadLocationSource\":\"volume:f3d4e367-d7dd-459c-a9de-11dd87a70cdc\",\"defaultUploadLocationSubpath\":null,\"localizeRelations\":false,\"maxRelations\":1,\"minRelations\":null,\"previewMode\":\"full\",\"restrictFiles\":true,\"restrictLocation\":false,\"restrictedDefaultUploadSubpath\":null,\"restrictedLocationSource\":\"volume:f3d4e367-d7dd-459c-a9de-11dd87a70cdc\",\"restrictedLocationSubpath\":null,\"selectionCondition\":{\"elementType\":\"craft\\\\elements\\\\Asset\",\"fieldContext\":\"global\",\"class\":\"craft\\\\elements\\\\conditions\\\\assets\\\\AssetCondition\"},\"selectionLabel\":null,\"showSiteMenu\":true,\"showUnpermittedFiles\":false,\"showUnpermittedVolumes\":false,\"source\":null,\"sources\":[\"volume:f3d4e367-d7dd-459c-a9de-11dd87a70cdc\",\"volume:a0d82af4-339f-430f-9bb8-f2f455642252\"],\"targetSiteId\":null,\"validateRelatedElements\":false,\"viewMode\":\"list\"}', '2023-02-06 16:16:53', '2023-02-06 20:34:12', '51dc1ca6-1aae-44ed-89dd-a7b0b687c681'),
(4, 1, 'Images', 'images', 'global', NULL, NULL, 0, 'site', NULL, 'craft\\fields\\Assets', '{\"allowSelfRelations\":false,\"allowSubfolders\":false,\"allowUploads\":true,\"allowedKinds\":[\"image\",\"video\"],\"defaultUploadLocationSource\":\"volume:f3d4e367-d7dd-459c-a9de-11dd87a70cdc\",\"defaultUploadLocationSubpath\":null,\"localizeRelations\":false,\"maxRelations\":4,\"minRelations\":null,\"previewMode\":\"full\",\"restrictFiles\":true,\"restrictLocation\":false,\"restrictedDefaultUploadSubpath\":null,\"restrictedLocationSource\":\"volume:f3d4e367-d7dd-459c-a9de-11dd87a70cdc\",\"restrictedLocationSubpath\":null,\"selectionCondition\":{\"elementType\":\"craft\\\\elements\\\\Asset\",\"fieldContext\":\"global\",\"class\":\"craft\\\\elements\\\\conditions\\\\assets\\\\AssetCondition\"},\"selectionLabel\":null,\"showSiteMenu\":true,\"showUnpermittedFiles\":false,\"showUnpermittedVolumes\":false,\"source\":null,\"sources\":[\"volume:f3d4e367-d7dd-459c-a9de-11dd87a70cdc\",\"volume:a0d82af4-339f-430f-9bb8-f2f455642252\"],\"targetSiteId\":null,\"validateRelatedElements\":false,\"viewMode\":\"list\"}', '2023-02-06 16:17:14', '2023-02-06 20:33:47', '1bd2ee21-62b1-4ccb-88de-f68075a4423a'),
(5, 1, 'Caption', 'caption', 'global', 'pokritmg', NULL, 0, 'none', NULL, 'craft\\fields\\PlainText', '{\"byteLimit\":null,\"charLimit\":null,\"code\":false,\"columnType\":null,\"initialRows\":4,\"multiline\":false,\"placeholder\":null,\"uiMode\":\"normal\"}', '2023-02-06 16:19:23', '2023-02-06 16:19:23', '34ddd9c0-0028-4716-b50c-73aa40ea6920'),
(6, 2, 'Services', 'services', 'global', NULL, NULL, 0, 'site', NULL, 'craft\\fields\\Entries', '{\"allowSelfRelations\":false,\"localizeRelations\":false,\"maxRelations\":null,\"minRelations\":null,\"selectionCondition\":{\"elementType\":\"craft\\\\elements\\\\Entry\",\"fieldContext\":\"global\",\"class\":\"craft\\\\elements\\\\conditions\\\\entries\\\\EntryCondition\"},\"selectionLabel\":null,\"showSiteMenu\":false,\"source\":null,\"sources\":[\"section:339c5328-db0a-4a11-91fb-567215e5cbca\"],\"targetSiteId\":null,\"validateRelatedElements\":false,\"viewMode\":null}', '2023-02-06 16:20:22', '2023-02-06 16:20:22', 'deaa8b20-e3e8-49a2-9555-3f6a7839613e'),
(7, 2, 'Work', 'work', 'global', NULL, NULL, 0, 'site', NULL, 'craft\\fields\\Entries', '{\"allowSelfRelations\":false,\"localizeRelations\":false,\"maxRelations\":null,\"minRelations\":null,\"selectionCondition\":{\"elementType\":\"craft\\\\elements\\\\Entry\",\"fieldContext\":\"global\",\"class\":\"craft\\\\elements\\\\conditions\\\\entries\\\\EntryCondition\"},\"selectionLabel\":null,\"showSiteMenu\":false,\"source\":null,\"sources\":[\"section:24bb6f49-5a05-4f93-8dea-a874654c6cbd\"],\"targetSiteId\":null,\"validateRelatedElements\":false,\"viewMode\":null}', '2023-02-06 16:20:46', '2023-02-06 16:20:46', '932d3d9e-80c2-4456-9702-a476fbd8d6be'),
(8, 2, 'Clients', 'clients', 'global', NULL, NULL, 0, 'site', NULL, 'craft\\fields\\Entries', '{\"allowSelfRelations\":false,\"localizeRelations\":false,\"maxRelations\":null,\"minRelations\":null,\"selectionCondition\":{\"elementType\":\"craft\\\\elements\\\\Entry\",\"fieldContext\":\"global\",\"class\":\"craft\\\\elements\\\\conditions\\\\entries\\\\EntryCondition\"},\"selectionLabel\":null,\"showSiteMenu\":false,\"source\":null,\"sources\":[\"section:249aace2-bd89-4989-b2b3-504ad6214021\"],\"targetSiteId\":null,\"validateRelatedElements\":false,\"viewMode\":null}', '2023-02-06 16:21:02', '2023-02-06 16:21:02', 'a9064f86-9264-425f-9101-7268b79f4974'),
(9, 1, 'Related work', 'relatedWork', 'global', NULL, NULL, 0, 'site', NULL, 'craft\\fields\\Entries', '{\"allowSelfRelations\":false,\"localizeRelations\":false,\"maxRelations\":1,\"minRelations\":null,\"selectionCondition\":{\"elementType\":\"craft\\\\elements\\\\Entry\",\"fieldContext\":\"global\",\"class\":\"craft\\\\elements\\\\conditions\\\\entries\\\\EntryCondition\"},\"selectionLabel\":null,\"showSiteMenu\":false,\"source\":null,\"sources\":[\"section:24bb6f49-5a05-4f93-8dea-a874654c6cbd\"],\"targetSiteId\":null,\"validateRelatedElements\":false,\"viewMode\":null}', '2023-02-06 16:21:48', '2023-02-06 16:21:48', '4c74dba2-6366-46e7-b4ae-a02582b4677c'),
(10, 1, 'Video', 'video', 'global', NULL, NULL, 0, 'site', NULL, 'craft\\fields\\Assets', '{\"allowSelfRelations\":false,\"allowSubfolders\":false,\"allowUploads\":true,\"allowedKinds\":[\"video\"],\"defaultUploadLocationSource\":\"volume:a0d82af4-339f-430f-9bb8-f2f455642252\",\"defaultUploadLocationSubpath\":null,\"localizeRelations\":false,\"maxRelations\":1,\"minRelations\":null,\"previewMode\":\"full\",\"restrictFiles\":true,\"restrictLocation\":false,\"restrictedDefaultUploadSubpath\":null,\"restrictedLocationSource\":\"volume:f3d4e367-d7dd-459c-a9de-11dd87a70cdc\",\"restrictedLocationSubpath\":null,\"selectionCondition\":{\"elementType\":\"craft\\\\elements\\\\Asset\",\"fieldContext\":\"global\",\"class\":\"craft\\\\elements\\\\conditions\\\\assets\\\\AssetCondition\"},\"selectionLabel\":null,\"showSiteMenu\":false,\"showUnpermittedFiles\":false,\"showUnpermittedVolumes\":false,\"source\":null,\"sources\":[\"volume:a0d82af4-339f-430f-9bb8-f2f455642252\"],\"targetSiteId\":null,\"validateRelatedElements\":false,\"viewMode\":\"list\"}', '2023-02-06 16:22:07', '2023-02-06 16:22:07', '4541f1d9-e14f-4091-82c8-95b7e8c3ae0d'),
(11, 1, 'Icon', 'icon', 'global', NULL, NULL, 0, 'site', NULL, 'craft\\fields\\Assets', '{\"allowSelfRelations\":false,\"allowSubfolders\":false,\"allowUploads\":true,\"allowedKinds\":[\"image\"],\"defaultUploadLocationSource\":\"volume:6c870524-7160-4e88-b357-1b6747f3c7ea\",\"defaultUploadLocationSubpath\":null,\"localizeRelations\":false,\"maxRelations\":1,\"minRelations\":null,\"previewMode\":\"full\",\"restrictFiles\":true,\"restrictLocation\":false,\"restrictedDefaultUploadSubpath\":null,\"restrictedLocationSource\":\"volume:f3d4e367-d7dd-459c-a9de-11dd87a70cdc\",\"restrictedLocationSubpath\":null,\"selectionCondition\":{\"elementType\":\"craft\\\\elements\\\\Asset\",\"fieldContext\":\"global\",\"class\":\"craft\\\\elements\\\\conditions\\\\assets\\\\AssetCondition\"},\"selectionLabel\":null,\"showSiteMenu\":false,\"showUnpermittedFiles\":false,\"showUnpermittedVolumes\":false,\"source\":null,\"sources\":[\"volume:6c870524-7160-4e88-b357-1b6747f3c7ea\"],\"targetSiteId\":null,\"validateRelatedElements\":false,\"viewMode\":\"list\"}', '2023-02-06 16:22:29', '2023-02-06 16:22:29', 'a6b876e1-27af-4290-b76e-235413141039'),
(12, 1, 'Blocks', 'blocks', 'global', NULL, NULL, 0, 'site', NULL, 'benf\\neo\\Field', '{\"minBlocks\":null,\"maxBlocks\":null,\"minTopBlocks\":null,\"maxTopBlocks\":null,\"minLevels\":null,\"maxLevels\":null,\"propagationMethod\":\"all\",\"propagationKeyFormat\":null}', '2023-02-06 16:23:12', '2023-02-06 20:23:30', '937f08fb-c57a-4702-a099-98dd7db74e7f'),
(13, 1, 'Link', 'aLink', 'global', NULL, NULL, 0, 'none', NULL, 'lenz\\linkfield\\fields\\LinkField', '{\"allowCustomText\":true,\"allowTarget\":true,\"autoNoReferrer\":false,\"customTextMaxLength\":0,\"customTextRequired\":false,\"defaultLinkName\":\"entry\",\"defaultText\":\"\",\"enableAllLinkTypes\":false,\"enableAriaLabel\":false,\"enableElementCache\":false,\"enableTitle\":false,\"typeSettings\":{\"asset\":{\"allowCrossSiteLink\":true,\"allowCustomQuery\":false,\"enabled\":true,\"sources\":\"*\"},\"category\":{\"allowCrossSiteLink\":false,\"allowCustomQuery\":false,\"enabled\":false,\"sources\":\"*\"},\"custom\":{\"allowAliases\":false,\"disableValidation\":false,\"enabled\":false},\"email\":{\"allowAliases\":false,\"disableValidation\":false,\"enabled\":false},\"entry\":{\"allowCrossSiteLink\":true,\"allowCustomQuery\":false,\"enabled\":true,\"sources\":[\"section:24bb6f49-5a05-4f93-8dea-a874654c6cbd\",\"section:0cb8f772-dc44-4b7e-9676-63945bf54cb7\"]},\"site\":{\"enabled\":false,\"sites\":\"*\"},\"tel\":{\"allowAliases\":false,\"disableValidation\":false,\"enabled\":false},\"url\":{\"allowAliases\":false,\"disableValidation\":true,\"enabled\":true},\"user\":{\"allowCrossSiteLink\":false,\"allowCustomQuery\":false,\"enabled\":false,\"sources\":\"*\"}}}', '2023-02-06 16:24:31', '2023-02-06 16:27:00', '13c96ebc-56f6-4f07-bfc2-066ef6497efe'),
(14, 1, 'Subheading', 'subheading', 'global', 'mfajdqrs', NULL, 0, 'none', NULL, 'craft\\fields\\PlainText', '{\"byteLimit\":null,\"charLimit\":null,\"code\":false,\"columnType\":null,\"initialRows\":4,\"multiline\":true,\"placeholder\":null,\"uiMode\":\"normal\"}', '2023-02-06 16:24:53', '2023-02-06 16:24:53', '1047f1b3-790b-447f-87d5-7726dcba5c67'),
(15, 1, 'Links', 'links', 'global', NULL, NULL, 0, 'none', NULL, 'verbb\\supertable\\fields\\SuperTableField', '{\"blockTypeFields\":0,\"changedFieldIndicator\":784300651,\"columns\":{\"9af558ff-8f1f-4d0f-ae70-4f0a5c2c5add\":{\"width\":\"\"}},\"contentTable\":\"{{%stc_links}}\",\"fieldLayout\":\"table\",\"maxRows\":null,\"minRows\":null,\"propagationKeyFormat\":null,\"propagationMethod\":\"all\",\"selectionLabel\":null,\"staticField\":null}', '2023-02-06 16:26:39', '2023-02-06 16:28:40', 'c454d863-60f4-46a6-a8f3-51bc5e3e2db8'),
(16, NULL, 'Item', 'item', 'superTableBlockType:323427b1-e1ce-44a0-bccc-2b7c44a00ffd', NULL, NULL, 0, 'none', NULL, 'lenz\\linkfield\\fields\\LinkField', '{\"allowCustomText\":true,\"allowTarget\":true,\"autoNoReferrer\":true,\"customTextMaxLength\":0,\"customTextRequired\":false,\"defaultLinkName\":\"asset\",\"defaultText\":\"\",\"enableAllLinkTypes\":false,\"enableAriaLabel\":false,\"enableElementCache\":false,\"enableTitle\":false,\"typeSettings\":{\"asset\":{\"allowCrossSiteLink\":false,\"allowCustomQuery\":false,\"enabled\":false,\"sources\":\"*\"},\"category\":{\"allowCrossSiteLink\":false,\"allowCustomQuery\":false,\"enabled\":false,\"sources\":\"*\"},\"custom\":{\"allowAliases\":false,\"disableValidation\":false,\"enabled\":false},\"email\":{\"allowAliases\":false,\"disableValidation\":false,\"enabled\":false},\"entry\":{\"allowCrossSiteLink\":false,\"allowCustomQuery\":false,\"enabled\":true,\"sources\":[\"section:24bb6f49-5a05-4f93-8dea-a874654c6cbd\",\"section:0cb8f772-dc44-4b7e-9676-63945bf54cb7\"]},\"site\":{\"enabled\":false,\"sites\":\"*\"},\"tel\":{\"allowAliases\":false,\"disableValidation\":false,\"enabled\":false},\"url\":{\"allowAliases\":false,\"disableValidation\":true,\"enabled\":true},\"user\":{\"allowCrossSiteLink\":false,\"allowCustomQuery\":false,\"enabled\":false,\"sources\":\"*\"}}}', '2023-02-06 16:26:39', '2023-02-06 16:26:39', '9af558ff-8f1f-4d0f-ae70-4f0a5c2c5add'),
(17, 1, 'Email address', 'emailAddress', 'global', 'lblohqph', NULL, 0, 'none', NULL, 'craft\\fields\\PlainText', '{\"byteLimit\":null,\"charLimit\":null,\"code\":false,\"columnType\":null,\"initialRows\":4,\"multiline\":false,\"placeholder\":null,\"uiMode\":\"normal\"}', '2023-02-06 16:27:42', '2023-02-06 16:27:42', '993b0220-7fbc-4c8f-94e6-10a6bffad528'),
(18, 1, 'SEO', 'seo', 'global', 'zuydrfip', NULL, 0, 'none', NULL, 'ether\\seo\\fields\\SeoField', '{\"description\":\"\",\"hideSocial\":\"\",\"robots\":[\"\",\"\",\"\",\"\",\"\",\"\"],\"socialImage\":\"\",\"suffixAsPrefix\":null,\"title\":[{\"key\":\"1\",\"locked\":\"0\",\"template\":\"{title}\"},{\"key\":\"2\",\"locked\":\"1\",\"template\":\" - {{ siteName }}\"}],\"titleSuffix\":null}', '2023-02-06 16:30:11', '2023-02-06 16:30:11', '95efe7fb-840a-4c0c-818b-f44d3458d1b4'),
(19, 1, 'Background image', 'backgroundImage', 'global', NULL, NULL, 0, 'site', NULL, 'craft\\fields\\Assets', '{\"allowSelfRelations\":false,\"allowSubfolders\":false,\"allowUploads\":true,\"allowedKinds\":[\"image\"],\"defaultUploadLocationSource\":\"volume:f3d4e367-d7dd-459c-a9de-11dd87a70cdc\",\"defaultUploadLocationSubpath\":null,\"localizeRelations\":false,\"maxRelations\":1,\"minRelations\":null,\"previewMode\":\"full\",\"restrictFiles\":true,\"restrictLocation\":false,\"restrictedDefaultUploadSubpath\":null,\"restrictedLocationSource\":\"volume:f3d4e367-d7dd-459c-a9de-11dd87a70cdc\",\"restrictedLocationSubpath\":null,\"selectionCondition\":{\"elementType\":\"craft\\\\elements\\\\Asset\",\"fieldContext\":\"global\",\"class\":\"craft\\\\elements\\\\conditions\\\\assets\\\\AssetCondition\"},\"selectionLabel\":null,\"showSiteMenu\":false,\"showUnpermittedFiles\":false,\"showUnpermittedVolumes\":false,\"source\":null,\"sources\":[\"volume:f3d4e367-d7dd-459c-a9de-11dd87a70cdc\"],\"targetSiteId\":null,\"validateRelatedElements\":false,\"viewMode\":\"list\"}', '2023-02-06 16:37:15', '2023-02-06 16:37:15', '6b186c3a-d3e2-4d9b-b349-b37fb2fd2227'),
(20, 3, 'Logo', 'logo', 'global', NULL, NULL, 0, 'site', NULL, 'craft\\fields\\Assets', '{\"allowSelfRelations\":false,\"allowSubfolders\":false,\"allowUploads\":true,\"allowedKinds\":[\"image\"],\"defaultUploadLocationSource\":\"volume:f3d4e367-d7dd-459c-a9de-11dd87a70cdc\",\"defaultUploadLocationSubpath\":null,\"localizeRelations\":false,\"maxRelations\":1,\"minRelations\":null,\"previewMode\":\"full\",\"restrictFiles\":true,\"restrictLocation\":false,\"restrictedDefaultUploadSubpath\":null,\"restrictedLocationSource\":\"volume:f3d4e367-d7dd-459c-a9de-11dd87a70cdc\",\"restrictedLocationSubpath\":null,\"selectionCondition\":{\"elementType\":\"craft\\\\elements\\\\Asset\",\"fieldContext\":\"global\",\"class\":\"craft\\\\elements\\\\conditions\\\\assets\\\\AssetCondition\"},\"selectionLabel\":null,\"showSiteMenu\":false,\"showUnpermittedFiles\":false,\"showUnpermittedVolumes\":false,\"source\":null,\"sources\":[\"volume:f3d4e367-d7dd-459c-a9de-11dd87a70cdc\"],\"targetSiteId\":null,\"validateRelatedElements\":false,\"viewMode\":\"list\"}', '2023-02-06 20:14:14', '2023-02-06 20:14:14', 'e5fb7200-8192-4c3a-b270-625e56a1197d'),
(21, 3, 'Logo (footer)', 'logoFooter', 'global', NULL, NULL, 0, 'site', NULL, 'craft\\fields\\Assets', '{\"allowSelfRelations\":false,\"allowSubfolders\":false,\"allowUploads\":true,\"allowedKinds\":[\"image\"],\"defaultUploadLocationSource\":\"volume:f3d4e367-d7dd-459c-a9de-11dd87a70cdc\",\"defaultUploadLocationSubpath\":null,\"localizeRelations\":false,\"maxRelations\":1,\"minRelations\":null,\"previewMode\":\"full\",\"restrictFiles\":true,\"restrictLocation\":false,\"restrictedDefaultUploadSubpath\":null,\"restrictedLocationSource\":\"volume:f3d4e367-d7dd-459c-a9de-11dd87a70cdc\",\"restrictedLocationSubpath\":null,\"selectionCondition\":{\"elementType\":\"craft\\\\elements\\\\Asset\",\"fieldContext\":\"global\",\"class\":\"craft\\\\elements\\\\conditions\\\\assets\\\\AssetCondition\"},\"selectionLabel\":null,\"showSiteMenu\":false,\"showUnpermittedFiles\":false,\"showUnpermittedVolumes\":false,\"source\":null,\"sources\":[\"volume:f3d4e367-d7dd-459c-a9de-11dd87a70cdc\"],\"targetSiteId\":null,\"validateRelatedElements\":false,\"viewMode\":\"list\"}', '2023-02-06 20:14:34', '2023-02-06 20:14:34', '05d35468-8a78-4c4e-9c05-3e5635b35456'),
(22, 3, 'Available for work?', 'availableForWork', 'global', 'ltfkysnr', NULL, 0, 'none', NULL, 'craft\\fields\\Lightswitch', '{\"default\":false,\"offLabel\":null,\"onLabel\":null}', '2023-02-06 20:15:24', '2023-02-06 20:15:24', 'bbb252a6-5a9a-42ac-b9c1-d77c07a0582b'),
(23, 3, 'Form', 'form', 'global', 'xkrzeiog', NULL, 0, 'none', NULL, 'craft\\fields\\PlainText', '{\"byteLimit\":null,\"charLimit\":null,\"code\":false,\"columnType\":null,\"initialRows\":4,\"multiline\":false,\"placeholder\":null,\"uiMode\":\"normal\"}', '2023-02-06 20:19:11', '2023-02-06 20:19:11', 'a0e4f2eb-7480-4c82-a5e0-1675bebe0a16'),
(24, 3, 'Block ID', 'blockId', 'global', 'ohkiiplr', NULL, 0, 'none', NULL, 'craft\\fields\\PlainText', '{\"byteLimit\":null,\"charLimit\":null,\"code\":false,\"columnType\":null,\"initialRows\":4,\"multiline\":false,\"placeholder\":null,\"uiMode\":\"normal\"}', '2023-02-06 20:19:30', '2023-02-06 20:19:30', 'd64dba0e-b3dd-4726-a5f3-d77f911363a9'),
(25, 3, 'Website', 'website', 'global', 'bgrczghi', NULL, 0, 'none', NULL, 'craft\\fields\\PlainText', '{\"byteLimit\":null,\"charLimit\":null,\"code\":false,\"columnType\":null,\"initialRows\":4,\"multiline\":false,\"placeholder\":null,\"uiMode\":\"normal\"}', '2023-02-06 20:26:02', '2023-02-06 20:26:02', '62200b20-36fe-447f-aaec-97df6bb416a1'),
(26, 3, 'Alt title', 'altTitle', 'global', 'ynsuuido', NULL, 0, 'none', NULL, 'craft\\fields\\PlainText', '{\"byteLimit\":null,\"charLimit\":null,\"code\":false,\"columnType\":null,\"initialRows\":4,\"multiline\":false,\"placeholder\":null,\"uiMode\":\"normal\"}', '2023-02-06 20:28:44', '2023-02-06 20:28:44', '76140e88-ea52-4bcd-9518-7dab11324050'),
(27, 3, 'Listing image', 'listingImage', 'global', NULL, NULL, 0, 'site', NULL, 'craft\\fields\\Assets', '{\"allowSelfRelations\":false,\"allowSubfolders\":false,\"allowUploads\":true,\"allowedKinds\":[\"image\",\"video\"],\"defaultUploadLocationSource\":\"volume:f3d4e367-d7dd-459c-a9de-11dd87a70cdc\",\"defaultUploadLocationSubpath\":null,\"localizeRelations\":false,\"maxRelations\":1,\"minRelations\":null,\"previewMode\":\"full\",\"restrictFiles\":true,\"restrictLocation\":false,\"restrictedDefaultUploadSubpath\":null,\"restrictedLocationSource\":\"volume:f3d4e367-d7dd-459c-a9de-11dd87a70cdc\",\"restrictedLocationSubpath\":null,\"selectionCondition\":{\"elementType\":\"craft\\\\elements\\\\Asset\",\"fieldContext\":\"global\",\"class\":\"craft\\\\elements\\\\conditions\\\\assets\\\\AssetCondition\"},\"selectionLabel\":null,\"showSiteMenu\":false,\"showUnpermittedFiles\":false,\"showUnpermittedVolumes\":false,\"source\":null,\"sources\":[\"volume:f3d4e367-d7dd-459c-a9de-11dd87a70cdc\",\"volume:a0d82af4-339f-430f-9bb8-f2f455642252\"],\"targetSiteId\":null,\"validateRelatedElements\":false,\"viewMode\":\"list\"}', '2023-02-06 21:34:45', '2023-02-06 21:34:45', '08623209-825c-4569-a171-0a31c07cf041'),
(28, 3, 'Listing image overlay', 'listingImageOverlay', 'global', 'hjpsxtce', NULL, 0, 'none', NULL, 'craft\\fields\\Lightswitch', '{\"default\":true,\"offLabel\":null,\"onLabel\":null}', '2023-02-06 21:36:11', '2023-02-06 21:36:11', '198e01cf-fe33-4de7-9fe1-95b9cb70802e');

INSERT INTO `globalsets` (`id`, `name`, `handle`, `fieldLayoutId`, `sortOrder`, `dateCreated`, `dateUpdated`, `uid`) VALUES
(4, 'Social links', 'socialLinks', 11, 4, '2023-02-06 16:15:37', '2023-02-06 20:24:25', '8f6be66c-9368-4b7e-9f53-400fdc713896'),
(5, 'About', 'about', 10, 2, '2023-02-06 16:16:07', '2023-02-06 20:24:20', '4ad1595b-34de-4602-a12c-a31fd7b2f553'),
(6, 'Main navigation', 'mainNavigation', 9, 1, '2023-02-06 16:27:26', '2023-02-06 20:24:18', '652597c5-d700-4e7d-bcc9-c6499bca66b1'),
(8, 'CTA', 'cta', 17, 3, '2023-02-06 20:24:11', '2023-02-06 20:24:25', '890c3a89-36ab-4d56-99cd-59710425c44a');

INSERT INTO `imagetransformindex` (`id`, `assetId`, `transformer`, `filename`, `format`, `transformString`, `fileExists`, `inProgress`, `error`, `dateIndexed`, `dateCreated`, `dateUpdated`, `uid`) VALUES
(1, 3, 'craft\\imagetransforms\\ImageTransformer', 'quater.jpg', NULL, '_34x17_crop_center-center_none', 0, 0, 1, '2023-02-06 15:15:29', '2023-02-06 15:15:29', '2023-02-06 16:37:18', '8e766307-1f33-48f2-86cf-a960b5ff442d'),
(2, 3, 'craft\\imagetransforms\\ImageTransformer', 'quater.jpg', NULL, '_68x34_crop_center-center_none', 0, 0, 1, '2023-02-06 15:15:29', '2023-02-06 15:15:29', '2023-02-06 22:06:30', 'afd3fa1f-4b65-4802-8adb-e6448258b375'),
(3, 9, 'craft\\imagetransforms\\ImageTransformer', 'logo-footer.svg', NULL, '_34x34_crop_center-center_none', 1, 0, 0, '2023-02-06 20:37:57', '2023-02-06 20:37:57', '2023-02-06 20:37:57', '55711952-b58d-4340-bdca-7fdff5e44e96'),
(4, 9, 'craft\\imagetransforms\\ImageTransformer', 'logo-footer.svg', NULL, '_68x68_crop_center-center_none', 1, 0, 0, '2023-02-06 20:37:57', '2023-02-06 20:37:57', '2023-02-06 20:37:57', '82ce5a26-5c93-46ea-99c7-8ee103133b10'),
(5, 10, 'craft\\imagetransforms\\ImageTransformer', 'logo.svg', NULL, '_34x34_crop_center-center_none', 1, 0, 0, '2023-02-06 20:37:57', '2023-02-06 20:37:57', '2023-02-06 20:37:57', 'a30da297-27f6-49db-a502-45143c2991be'),
(6, 10, 'craft\\imagetransforms\\ImageTransformer', 'logo.svg', NULL, '_68x68_crop_center-center_none', 1, 0, 0, '2023-02-06 20:37:57', '2023-02-06 20:37:57', '2023-02-06 20:37:57', 'b9d4b121-8bfe-463a-9d13-8735b8506dc6'),
(7, 11, 'craft\\imagetransforms\\ImageTransformer', 'icon-branding.svg', NULL, '_34x34_crop_center-center_none', 1, 0, 0, '2023-02-06 20:40:15', '2023-02-06 20:40:15', '2023-02-06 20:40:15', 'f9a8b495-2f5f-4465-a2a8-1feec2979a26'),
(8, 11, 'craft\\imagetransforms\\ImageTransformer', 'icon-branding.svg', NULL, '_68x68_crop_center-center_none', 1, 0, 0, '2023-02-06 20:40:15', '2023-02-06 20:40:15', '2023-02-06 20:40:15', 'e042bb01-78d2-4b83-b96e-89b75a59c96b'),
(9, 12, 'craft\\imagetransforms\\ImageTransformer', 'icon-commerce.svg', NULL, '_34x34_crop_center-center_none', 1, 0, 0, '2023-02-06 20:40:15', '2023-02-06 20:40:15', '2023-02-06 20:40:15', 'c2a3f802-8b88-4313-9f0a-a720146cce5c'),
(10, 12, 'craft\\imagetransforms\\ImageTransformer', 'icon-commerce.svg', NULL, '_68x68_crop_center-center_none', 1, 0, 0, '2023-02-06 20:40:15', '2023-02-06 20:40:15', '2023-02-06 20:40:15', '319bedb7-ee0c-4795-bebf-7f1090008a97'),
(11, 13, 'craft\\imagetransforms\\ImageTransformer', 'icon-content-planning.svg', NULL, '_34x34_crop_center-center_none', 1, 0, 0, '2023-02-06 20:40:15', '2023-02-06 20:40:15', '2023-02-06 20:40:15', '8a33cbe5-26eb-4cee-8d0a-533074377dd2'),
(12, 13, 'craft\\imagetransforms\\ImageTransformer', 'icon-content-planning.svg', NULL, '_68x68_crop_center-center_none', 1, 0, 0, '2023-02-06 20:40:15', '2023-02-06 20:40:15', '2023-02-06 20:40:15', '895ae127-42f1-4d04-ad60-6d66b7a5c88e'),
(13, 14, 'craft\\imagetransforms\\ImageTransformer', 'icon-content-strategy.svg', NULL, '_34x34_crop_center-center_none', 1, 0, 0, '2023-02-06 20:40:15', '2023-02-06 20:40:15', '2023-02-06 20:40:15', 'dd095b0a-9283-4d57-ab83-fb8bc09861f2'),
(14, 14, 'craft\\imagetransforms\\ImageTransformer', 'icon-content-strategy.svg', NULL, '_68x68_crop_center-center_none', 1, 0, 0, '2023-02-06 20:40:15', '2023-02-06 20:40:15', '2023-02-06 20:40:15', '4ae7964e-4c2b-4fcf-bf9e-e7d1af4e5736'),
(15, 15, 'craft\\imagetransforms\\ImageTransformer', 'icon-design.svg', NULL, '_34x34_crop_center-center_none', 1, 0, 0, '2023-02-06 20:40:15', '2023-02-06 20:40:15', '2023-02-06 20:40:15', '5bb046b4-7662-4f2e-ab42-3a72a1b6d151'),
(16, 15, 'craft\\imagetransforms\\ImageTransformer', 'icon-design.svg', NULL, '_68x68_crop_center-center_none', 1, 0, 0, '2023-02-06 20:40:15', '2023-02-06 20:40:15', '2023-02-06 20:40:15', '7f5f81a2-493a-433a-8034-3010fd3a7187'),
(17, 16, 'craft\\imagetransforms\\ImageTransformer', 'icon-dev.svg', NULL, '_34x34_crop_center-center_none', 1, 0, 0, '2023-02-06 20:40:15', '2023-02-06 20:40:15', '2023-02-06 20:40:15', '063cf4c1-1859-4b6c-ac4d-8dff0b678cd9'),
(18, 16, 'craft\\imagetransforms\\ImageTransformer', 'icon-dev.svg', NULL, '_68x68_crop_center-center_none', 1, 0, 0, '2023-02-06 20:40:15', '2023-02-06 20:40:15', '2023-02-06 20:40:15', 'ab5aa1f0-1a8e-4d35-bbc6-0193c6eca29a'),
(19, 17, 'craft\\imagetransforms\\ImageTransformer', 'zabihah-1.jpg', NULL, '_34x17_crop_center-center_none', 1, 0, 0, '2023-02-06 20:43:51', '2023-02-06 20:43:51', '2023-02-06 20:43:51', '6c637770-225c-44aa-8709-d1804e24d14d'),
(20, 17, 'craft\\imagetransforms\\ImageTransformer', 'zabihah-1.jpg', NULL, '_68x34_crop_center-center_none', 1, 0, 0, '2023-02-06 20:43:51', '2023-02-06 20:43:51', '2023-02-06 20:43:51', 'd0df48e4-4757-427b-a234-1b11431cf41d'),
(21, 18, 'craft\\imagetransforms\\ImageTransformer', 'zabihah-2.jpg', NULL, '_34x34_crop_center-center_none', 1, 0, 0, '2023-02-06 20:43:51', '2023-02-06 20:43:51', '2023-02-06 20:43:51', '1ccf438a-d8b8-423d-805b-b4cf55601020'),
(22, 18, 'craft\\imagetransforms\\ImageTransformer', 'zabihah-2.jpg', NULL, '_68x68_crop_center-center_none', 1, 0, 0, '2023-02-06 20:43:51', '2023-02-06 20:43:51', '2023-02-06 20:43:51', '00f66afd-9674-4f92-a392-3259ad89d072'),
(23, 19, 'craft\\imagetransforms\\ImageTransformer', 'zabihah-4.jpg', NULL, '_34x34_crop_center-center_none', 1, 0, 0, '2023-02-06 20:43:51', '2023-02-06 20:43:51', '2023-02-06 20:43:51', '48f37034-aa00-49d1-8f42-ffc1ef7f87bd'),
(24, 19, 'craft\\imagetransforms\\ImageTransformer', 'zabihah-4.jpg', NULL, '_68x68_crop_center-center_none', 1, 0, 0, '2023-02-06 20:43:51', '2023-02-06 20:43:51', '2023-02-06 20:43:51', 'c669eb44-5271-41e5-871d-cf3fa0322b62'),
(25, 20, 'craft\\imagetransforms\\ImageTransformer', 'zabihah-main-logo.jpg', NULL, '_34x34_crop_center-center_none', 1, 0, 0, '2023-02-06 20:43:51', '2023-02-06 20:43:51', '2023-02-06 20:43:51', 'f6824cf4-c7b6-4c02-b671-83d3f904ffc1'),
(26, 20, 'craft\\imagetransforms\\ImageTransformer', 'zabihah-main-logo.jpg', NULL, '_68x68_crop_center-center_none', 1, 0, 0, '2023-02-06 20:43:51', '2023-02-06 20:43:51', '2023-02-06 20:43:51', '8bd14b2c-c6f1-4cc0-b063-d639d43bc269'),
(27, 21, 'craft\\imagetransforms\\ImageTransformer', 'zabihah-main.jpg', NULL, '_34x17_crop_center-center_none', 1, 0, 0, '2023-02-06 20:43:51', '2023-02-06 20:43:51', '2023-02-06 20:43:51', '4f20cf3d-1aa3-4515-ae08-15cdf959d2ec'),
(28, 21, 'craft\\imagetransforms\\ImageTransformer', 'zabihah-main.jpg', NULL, '_68x34_crop_center-center_none', 1, 0, 0, '2023-02-06 20:43:51', '2023-02-06 20:43:51', '2023-02-06 20:43:51', '302c71d6-66a2-418c-9afc-3c98040be4c5'),
(29, 22, 'craft\\imagetransforms\\ImageTransformer', 'zabihah.svg', NULL, '_34x34_crop_center-center_none', 1, 0, 0, '2023-02-06 20:43:58', '2023-02-06 20:43:58', '2023-02-06 20:46:16', '9e3cf74a-fa7d-49ba-9599-5c5c4071e0e8'),
(30, 22, 'craft\\imagetransforms\\ImageTransformer', 'zabihah.svg', NULL, '_68x68_crop_center-center_none', 1, 0, 0, '2023-02-06 20:43:58', '2023-02-06 20:43:58', '2023-02-06 20:43:58', '2fccd560-c853-488a-82fe-574a2b4526db'),
(31, 24, 'craft\\imagetransforms\\ImageTransformer', 'sample-2.jpg', NULL, '_34x34_crop_center-center_none', 1, 0, 0, '2023-02-06 20:46:16', '2023-02-06 20:46:16', '2023-02-06 20:46:16', '587bda66-2ca2-45cf-8a0a-7ce7271a0f37'),
(32, 24, 'craft\\imagetransforms\\ImageTransformer', 'sample-2.jpg', NULL, '_68x68_crop_center-center_none', 1, 0, 0, '2023-02-06 20:46:16', '2023-02-06 20:46:16', '2023-02-06 20:46:16', '010934a9-d14e-4762-bace-3429bd4f61de'),
(33, 23, 'craft\\imagetransforms\\ImageTransformer', 'sample-1.jpg', NULL, '_34x34_crop_center-center_none', 1, 0, 0, '2023-02-06 20:46:16', '2023-02-06 20:46:16', '2023-02-06 20:46:16', '271b8870-de02-4323-a995-081dcd8678b9'),
(34, 23, 'craft\\imagetransforms\\ImageTransformer', 'sample-1.jpg', NULL, '_68x68_crop_center-center_none', 1, 0, 0, '2023-02-06 20:46:16', '2023-02-06 20:46:16', '2023-02-06 20:46:16', '52d7897b-0a3c-43e9-bd09-4eb387ba4da3'),
(35, 25, 'craft\\imagetransforms\\ImageTransformer', 'krafft.jpg', NULL, '_34x34_crop_center-center_none', 1, 0, 0, '2023-02-06 20:49:48', '2023-02-06 20:49:48', '2023-02-06 20:49:57', '41526ea1-4508-4ebc-afa4-4ea06f4be10f'),
(36, 25, 'craft\\imagetransforms\\ImageTransformer', 'krafft.jpg', NULL, '_68x68_crop_center-center_none', 1, 0, 0, '2023-02-06 20:49:48', '2023-02-06 20:49:48', '2023-02-06 20:49:48', 'f991c5a2-d276-4bcd-a7d8-b2b8c432fb76'),
(37, 30, 'craft\\imagetransforms\\ImageTransformer', 'krafft.svg', NULL, '_34x9_crop_center-center_none', 1, 0, 0, '2023-02-06 21:00:22', '2023-02-06 21:00:22', '2023-02-06 21:00:33', '118f36db-415e-4f6a-bc65-c4aa8f41fc02'),
(38, 30, 'craft\\imagetransforms\\ImageTransformer', 'krafft.svg', NULL, '_68x18_crop_center-center_none', 1, 0, 0, '2023-02-06 21:00:22', '2023-02-06 21:00:22', '2023-02-06 21:00:23', 'cbae976c-474d-46b1-b559-f039ee629e30'),
(39, 53, 'craft\\imagetransforms\\ImageTransformer', 'zabihah-main.jpg', NULL, '_34x17_crop_center-center_none', 1, 0, 0, '2023-02-06 21:05:39', '2023-02-06 21:05:39', '2023-02-06 21:05:39', '61fd7d4c-6fa2-48e7-b7d5-ca2d7e25fd58'),
(40, 53, 'craft\\imagetransforms\\ImageTransformer', 'zabihah-main.jpg', NULL, '_68x34_crop_center-center_none', 1, 0, 0, '2023-02-06 21:05:39', '2023-02-06 21:05:39', '2023-02-06 21:05:39', '985bbdc9-4993-4323-b27d-2b46bec88ae4'),
(41, 49, 'craft\\imagetransforms\\ImageTransformer', 'zabihah-1.jpg', NULL, '_34x17_crop_center-center_none', 1, 0, 0, '2023-02-06 21:05:39', '2023-02-06 21:05:39', '2023-02-06 21:05:39', '8b3b1a1a-619e-4491-bd1b-3185161196e8'),
(42, 49, 'craft\\imagetransforms\\ImageTransformer', 'zabihah-1.jpg', NULL, '_68x34_crop_center-center_none', 1, 0, 0, '2023-02-06 21:05:39', '2023-02-06 21:05:39', '2023-02-06 21:05:39', 'ae321017-2ccf-41b1-b867-18229eaa3f18'),
(43, 50, 'craft\\imagetransforms\\ImageTransformer', 'zabihah-2.jpg', NULL, '_34x34_crop_center-center_none', 1, 0, 0, '2023-02-06 21:05:39', '2023-02-06 21:05:39', '2023-02-06 21:05:39', 'b6246461-6866-46e6-b266-a5801274e9e1'),
(44, 50, 'craft\\imagetransforms\\ImageTransformer', 'zabihah-2.jpg', NULL, '_68x68_crop_center-center_none', 1, 0, 0, '2023-02-06 21:05:39', '2023-02-06 21:05:39', '2023-02-06 21:05:39', '2b5042cc-9a5d-4b8f-b3cc-626b4789e8a7'),
(45, 51, 'craft\\imagetransforms\\ImageTransformer', 'zabihah-4.jpg', NULL, '_34x34_crop_center-center_none', 1, 0, 0, '2023-02-06 21:05:39', '2023-02-06 21:05:39', '2023-02-06 21:05:39', 'd72d44c8-39bb-489c-97b1-022c55105084'),
(46, 51, 'craft\\imagetransforms\\ImageTransformer', 'zabihah-4.jpg', NULL, '_68x68_crop_center-center_none', 1, 0, 0, '2023-02-06 21:05:39', '2023-02-06 21:05:39', '2023-02-06 21:05:39', '8bdfc721-0938-41ec-b3cc-849b6079a7ea'),
(47, 52, 'craft\\imagetransforms\\ImageTransformer', 'zabihah-main-logo.jpg', NULL, '_34x34_crop_center-center_none', 1, 0, 0, '2023-02-06 21:05:39', '2023-02-06 21:05:39', '2023-02-06 21:05:39', '6a206b18-4404-488b-b469-f0b32fa2a72c'),
(48, 52, 'craft\\imagetransforms\\ImageTransformer', 'zabihah-main-logo.jpg', NULL, '_68x68_crop_center-center_none', 1, 0, 0, '2023-02-06 21:05:39', '2023-02-06 21:05:39', '2023-02-06 21:05:39', 'b3536abf-2886-46a8-8c2a-98641290af81'),
(49, 83, 'craft\\imagetransforms\\ImageTransformer', 'zabihah-listing.jpg', NULL, '_34x34_crop_center-center_none', 1, 0, 0, '2023-02-06 21:35:40', '2023-02-06 21:35:40', '2023-02-06 21:35:46', '32fc4aba-a248-452d-9532-bfc1e88a5606'),
(50, 83, 'craft\\imagetransforms\\ImageTransformer', 'zabihah-listing.jpg', NULL, '_68x68_crop_center-center_none', 1, 0, 0, '2023-02-06 21:35:40', '2023-02-06 21:35:40', '2023-02-06 21:35:40', 'b26975b4-152a-4888-9167-7b0425545e9d'),
(51, 92, 'craft\\imagetransforms\\ImageTransformer', 'bg-grid-small.png', NULL, '_34x8_crop_center-center_none', 1, 0, 0, '2023-02-06 21:43:37', '2023-02-06 21:43:37', '2023-02-06 21:43:38', 'f4aef4a5-c42b-4b46-b496-e6365274bf6c'),
(52, 92, 'craft\\imagetransforms\\ImageTransformer', 'bg-grid-small.png', NULL, '_68x17_crop_center-center_none', 1, 0, 0, '2023-02-06 21:43:37', '2023-02-06 21:43:37', '2023-02-06 21:43:38', '24fbc717-3bf9-46da-b6b5-3b7735f89c1f'),
(53, 90, 'craft\\imagetransforms\\ImageTransformer', 'bg-dot.jpg', NULL, '_34x14_crop_center-center_none', 1, 0, 0, '2023-02-06 21:43:37', '2023-02-06 21:43:37', '2023-02-06 21:43:38', '38ba22b7-3bd0-42e4-8d94-3b8967e0852d'),
(54, 90, 'craft\\imagetransforms\\ImageTransformer', 'bg-dot.jpg', NULL, '_68x29_crop_center-center_none', 1, 0, 0, '2023-02-06 21:43:37', '2023-02-06 21:43:37', '2023-02-06 21:43:38', '0f9139af-bb7e-47ad-9daa-8a5755a50181'),
(55, 91, 'craft\\imagetransforms\\ImageTransformer', 'bg-grid-large.png', NULL, '_34x9_crop_center-center_none', 1, 0, 0, '2023-02-06 21:43:37', '2023-02-06 21:43:37', '2023-02-06 21:43:38', '0f999f25-afe3-4b06-9856-957727e12d3c'),
(56, 91, 'craft\\imagetransforms\\ImageTransformer', 'bg-grid-large.png', NULL, '_68x19_crop_center-center_none', 1, 0, 0, '2023-02-06 21:43:37', '2023-02-06 21:43:37', '2023-02-06 21:43:38', '8198091d-cb91-4a72-97e6-28a68180f01d'),
(57, 124, 'craft\\imagetransforms\\ImageTransformer', 'icon-ux.svg', NULL, '_34x34_crop_center-center_none', 1, 0, 0, '2023-02-08 21:51:08', '2023-02-08 21:51:08', '2023-02-08 21:51:08', '730bf530-af59-435f-ab54-e649f5cb95b6'),
(58, 124, 'craft\\imagetransforms\\ImageTransformer', 'icon-ux.svg', NULL, '_68x68_crop_center-center_none', 1, 0, 0, '2023-02-08 21:51:08', '2023-02-08 21:51:08', '2023-02-08 21:51:08', '0a640426-028a-44f6-a3d7-f320051ddbb5');

INSERT INTO `info` (`id`, `version`, `schemaVersion`, `maintenance`, `configVersion`, `fieldVersion`, `dateCreated`, `dateUpdated`, `uid`) VALUES
(1, '4.3.7.1', '4.0.0.9', 0, 'uqsdtfapejlx', '3@kegosfvbdd', '2023-02-06 14:45:52', '2023-02-08 19:20:33', 'ecea2ac6-a8a3-4b31-b253-bfee755cc696');

INSERT INTO `lenz_linkfield` (`id`, `elementId`, `fieldId`, `siteId`, `type`, `linkedUrl`, `linkedId`, `linkedSiteId`, `linkedTitle`, `payload`, `dateCreated`, `dateUpdated`, `uid`) VALUES
(1, 7, 16, 1, 'url', '#here', NULL, NULL, NULL, '{\"customText\":\"Home\"}', '2023-02-06 16:29:20', '2023-02-06 16:29:20', 'f8405fc7-9bf5-4ea6-bbc1-d7df8e29f50a'),
(2, 8, 13, 1, 'url', '/', NULL, NULL, NULL, '{\"customText\":\"Let\'s talk\"}', '2023-02-06 20:24:11', '2023-02-06 20:25:23', 'a8ab43f0-53b7-4a59-99bf-925d4e5e992e');

INSERT INTO `migrations` (`id`, `track`, `name`, `applyTime`, `dateCreated`, `dateUpdated`, `uid`) VALUES
(1, 'craft', 'Install', '2023-02-06 14:45:53', '2023-02-06 14:45:53', '2023-02-06 14:45:53', '9968ea0b-f4f1-4577-83a7-600cc53b5116'),
(2, 'craft', 'm210121_145800_asset_indexing_changes', '2023-02-06 14:45:53', '2023-02-06 14:45:53', '2023-02-06 14:45:53', 'c0f549f3-c362-4e1b-b8f4-904232537c7a'),
(3, 'craft', 'm210624_222934_drop_deprecated_tables', '2023-02-06 14:45:53', '2023-02-06 14:45:53', '2023-02-06 14:45:53', '0e933f46-b124-453e-8096-dda1b3e860d7'),
(4, 'craft', 'm210724_180756_rename_source_cols', '2023-02-06 14:45:53', '2023-02-06 14:45:53', '2023-02-06 14:45:53', '11090a47-d4e1-4b61-a691-7e34a121dafe'),
(5, 'craft', 'm210809_124211_remove_superfluous_uids', '2023-02-06 14:45:53', '2023-02-06 14:45:53', '2023-02-06 14:45:53', '00a6d691-bced-4e4a-b81f-5f9b32040ad9'),
(6, 'craft', 'm210817_014201_universal_users', '2023-02-06 14:45:53', '2023-02-06 14:45:53', '2023-02-06 14:45:53', 'de0587cd-5274-42ee-8970-5a096ddec851'),
(7, 'craft', 'm210904_132612_store_element_source_settings_in_project_config', '2023-02-06 14:45:53', '2023-02-06 14:45:53', '2023-02-06 14:45:53', 'eec8d088-e785-4aa8-8dd4-e32f6fce8d9d'),
(8, 'craft', 'm211115_135500_image_transformers', '2023-02-06 14:45:53', '2023-02-06 14:45:53', '2023-02-06 14:45:53', '465bc8e0-304f-4188-8bc4-70c963ca7bc4'),
(9, 'craft', 'm211201_131000_filesystems', '2023-02-06 14:45:53', '2023-02-06 14:45:53', '2023-02-06 14:45:53', 'a94fbdca-d1af-42d1-bfb5-80fe99b1e815'),
(10, 'craft', 'm220103_043103_tab_conditions', '2023-02-06 14:45:53', '2023-02-06 14:45:53', '2023-02-06 14:45:53', '801fa048-a14c-4d7e-8421-61795991e636'),
(11, 'craft', 'm220104_003433_asset_alt_text', '2023-02-06 14:45:53', '2023-02-06 14:45:53', '2023-02-06 14:45:53', 'af94a6d1-0c59-4071-b568-c80f3b390940'),
(12, 'craft', 'm220123_213619_update_permissions', '2023-02-06 14:45:53', '2023-02-06 14:45:53', '2023-02-06 14:45:53', '83baee95-1f90-4932-ae1e-4349f7b8e607'),
(13, 'craft', 'm220126_003432_addresses', '2023-02-06 14:45:53', '2023-02-06 14:45:53', '2023-02-06 14:45:53', 'a5d0d67f-e41a-4f00-a1aa-e68ccb5ffde1'),
(14, 'craft', 'm220209_095604_add_indexes', '2023-02-06 14:45:53', '2023-02-06 14:45:53', '2023-02-06 14:45:53', '06ae8823-e4a7-46f2-bd6b-5a2ad7707c14'),
(15, 'craft', 'm220213_015220_matrixblocks_owners_table', '2023-02-06 14:45:53', '2023-02-06 14:45:53', '2023-02-06 14:45:53', '0c71129d-164f-49d5-bd65-15aabcd62f69'),
(16, 'craft', 'm220214_000000_truncate_sessions', '2023-02-06 14:45:53', '2023-02-06 14:45:53', '2023-02-06 14:45:53', '6f00dd8d-5c00-4397-b83a-29d1f66e762c'),
(17, 'craft', 'm220222_122159_full_names', '2023-02-06 14:45:53', '2023-02-06 14:45:53', '2023-02-06 14:45:53', '50f7fa46-219f-4469-b86c-f81d2cffff69'),
(18, 'craft', 'm220223_180559_nullable_address_owner', '2023-02-06 14:45:53', '2023-02-06 14:45:53', '2023-02-06 14:45:53', 'bc85e23b-e3ac-4dd5-8460-a2cc8a017abc'),
(19, 'craft', 'm220225_165000_transform_filesystems', '2023-02-06 14:45:53', '2023-02-06 14:45:53', '2023-02-06 14:45:53', '7bb7e3b9-b021-4f09-b9da-80e6fab11340'),
(20, 'craft', 'm220309_152006_rename_field_layout_elements', '2023-02-06 14:45:53', '2023-02-06 14:45:53', '2023-02-06 14:45:53', '46e27047-a6fd-4fc1-b31d-450f6c7b300b'),
(21, 'craft', 'm220314_211928_field_layout_element_uids', '2023-02-06 14:45:53', '2023-02-06 14:45:53', '2023-02-06 14:45:53', 'abced9c6-82fa-4eb4-8329-4f2d49ef15d7'),
(22, 'craft', 'm220316_123800_transform_fs_subpath', '2023-02-06 14:45:53', '2023-02-06 14:45:53', '2023-02-06 14:45:53', 'b4d552af-fe74-43fe-8f5e-72ed8a6e7d43'),
(23, 'craft', 'm220317_174250_release_all_jobs', '2023-02-06 14:45:53', '2023-02-06 14:45:53', '2023-02-06 14:45:53', 'bf8e0311-ce06-4236-af56-94cdd34a3977'),
(24, 'craft', 'm220330_150000_add_site_gql_schema_components', '2023-02-06 14:45:53', '2023-02-06 14:45:53', '2023-02-06 14:45:53', '46ae0671-aea6-47ba-93e0-c1b01c67c9bb'),
(25, 'craft', 'm220413_024536_site_enabled_string', '2023-02-06 14:45:53', '2023-02-06 14:45:53', '2023-02-06 14:45:53', 'ee040428-bbb9-4a50-badd-5ca3df39df19'),
(26, 'plugin:redactor', 'm180430_204710_remove_old_plugins', '2023-02-06 14:53:11', '2023-02-06 14:53:11', '2023-02-06 14:53:11', 'a993ff2f-1004-4833-8d40-6d4be864b53b'),
(27, 'plugin:redactor', 'Install', '2023-02-06 14:53:11', '2023-02-06 14:53:11', '2023-02-06 14:53:11', '41ee754d-2479-4a6c-9ae8-a52875523c34'),
(28, 'plugin:redactor', 'm190225_003922_split_cleanup_html_settings', '2023-02-06 14:53:11', '2023-02-06 14:53:11', '2023-02-06 14:53:11', '96afb1d8-b1ee-473e-ae20-219558c1f524'),
(29, 'plugin:super-table', 'Install', '2023-02-06 15:00:27', '2023-02-06 15:00:27', '2023-02-06 15:00:27', 'ec98c8e4-14ca-4061-962c-0b6aff0b11d6'),
(30, 'plugin:super-table', 'm220308_000000_remove_superfluous_uids', '2023-02-06 15:00:27', '2023-02-06 15:00:27', '2023-02-06 15:00:27', '8af2a9bf-1381-44c0-adab-5121acef675c'),
(31, 'plugin:super-table', 'm220308_100000_owners_table', '2023-02-06 15:00:27', '2023-02-06 15:00:27', '2023-02-06 15:00:27', 'a7f56a7c-47a6-4457-b9bb-20a490bcd89e'),
(32, 'plugin:typedlinkfield', 'Install', '2023-02-06 15:00:55', '2023-02-06 15:00:55', '2023-02-06 15:00:55', '39bab922-b8c9-4e91-be61-f354892b94a7'),
(33, 'plugin:typedlinkfield', 'm190417_202153_migrateDataToTable', '2023-02-06 15:00:55', '2023-02-06 15:00:55', '2023-02-06 15:00:55', '268afa1d-4148-4041-b8fe-484319eca116'),
(34, 'plugin:contact-form-extensions', 'Install', '2023-02-06 15:02:18', '2023-02-06 15:02:18', '2023-02-06 15:02:18', '22a83e11-4f21-47d2-9f6c-386f2419536f'),
(35, 'plugin:neo', 'Install', '2023-02-06 15:03:32', '2023-02-06 15:03:32', '2023-02-06 15:03:32', '5c4b4685-0651-41a9-a4e4-179591bf5607'),
(36, 'plugin:neo', 'm220409_142203_neoblocks_owners_table', '2023-02-06 15:03:32', '2023-02-06 15:03:32', '2023-02-06 15:03:32', '5f6871d6-2be2-4e53-8a54-c94de226532e'),
(37, 'plugin:neo', 'm220411_111523_remove_ownersiteid_and_uid_neoblocks_columns', '2023-02-06 15:03:32', '2023-02-06 15:03:32', '2023-02-06 15:03:32', '5606bcce-eee2-43b5-9c59-7b53d288bb38'),
(38, 'plugin:neo', 'm220412_135950_neoblockstructures_rename_ownersiteid_to_siteid', '2023-02-06 15:03:32', '2023-02-06 15:03:32', '2023-02-06 15:03:32', '2464c57e-083d-4c2b-b6aa-4d9ff6a2a1f9'),
(39, 'plugin:neo', 'm220421_105948_resave_shared_field_layouts', '2023-02-06 15:03:32', '2023-02-06 15:03:32', '2023-02-06 15:03:32', '322d54b9-f5fa-4bb2-a12d-10174182d5dc'),
(40, 'plugin:neo', 'm220428_060316_add_group_dropdown_setting', '2023-02-06 15:03:32', '2023-02-06 15:03:32', '2023-02-06 15:03:32', '0ba7117d-cbf8-42ac-b218-079dc913ef91'),
(41, 'plugin:neo', 'm220511_054742_delete_converted_field_block_types_and_groups', '2023-02-06 15:03:32', '2023-02-06 15:03:32', '2023-02-06 15:03:32', '8af45eef-791b-44ce-ae7a-9adba9a8cbc4'),
(42, 'plugin:neo', 'm220516_124013_add_blocktype_description', '2023-02-06 15:03:32', '2023-02-06 15:03:32', '2023-02-06 15:03:32', '9ddb4e3a-81c9-4100-a1aa-714e24cbd80f'),
(43, 'plugin:neo', 'm220723_153601_add_conditions_column_to_block_types', '2023-02-06 15:03:32', '2023-02-06 15:03:32', '2023-02-06 15:03:32', '93ea3c0b-a812-4948-bd9c-364e4215cf45'),
(44, 'plugin:neo', 'm220731_130608_add_min_child_blocks_column_to_block_types', '2023-02-06 15:03:32', '2023-02-06 15:03:32', '2023-02-06 15:03:32', '5bee90e0-f205-46ca-a18f-2d842f573839'),
(45, 'plugin:neo', 'm220805_072702_add_min_blocks_column_to_block_types', '2023-02-06 15:03:32', '2023-02-06 15:03:32', '2023-02-06 15:03:32', '1042c0f4-968d-4eb8-889f-06846506742c'),
(46, 'plugin:neo', 'm220805_112335_add_min_sibling_blocks_column_to_block_types', '2023-02-06 15:03:32', '2023-02-06 15:03:32', '2023-02-06 15:03:32', 'e4bd66c6-3a80-4afd-baf4-9976d70392a6'),
(47, 'plugin:neo', 'm220812_115137_add_enabled_column_to_block_types', '2023-02-06 15:03:32', '2023-02-06 15:03:32', '2023-02-06 15:03:32', '66c2f8c5-8744-44d5-8b74-a56bfcaa2c54'),
(48, 'plugin:neo', 'm221006_052456_add_group_child_block_types_column_to_block_types', '2023-02-06 15:03:32', '2023-02-06 15:03:32', '2023-02-06 15:03:32', '05631249-f190-47ee-95f1-6b9497af04fb'),
(49, 'plugin:neo', 'm221110_132322_add_ignore_permissions_to_block_types', '2023-02-06 15:03:32', '2023-02-06 15:03:32', '2023-02-06 15:03:32', '4e78706b-fdb3-4769-b8e0-5b2ae9d69b0b'),
(50, 'plugin:neo', 'm221231_110307_add_block_type_icon_property', '2023-02-06 15:03:32', '2023-02-06 15:03:32', '2023-02-06 15:03:32', 'd8a6815a-7310-4b22-8f59-31c76845c0f1'),
(51, 'plugin:neo', 'm230202_000653_convert_project_config_icon_data', '2023-02-06 15:03:32', '2023-02-06 15:03:32', '2023-02-06 15:03:32', '75cdc25d-6d9e-4db7-a470-22a9c14c6121'),
(52, 'plugin:seo', 'Install', '2023-02-06 15:03:56', '2023-02-06 15:03:56', '2023-02-06 15:03:56', 'e094386a-0ed2-46af-b435-73f2b1089e54'),
(53, 'plugin:seo', 'm180906_152947_add_site_id_to_redirects', '2023-02-06 15:03:56', '2023-02-06 15:03:56', '2023-02-06 15:03:56', '6b2c27cd-93dc-4046-b037-05851f5ea781'),
(54, 'plugin:seo', 'm190114_152300_upgrade_to_new_data_format', '2023-02-06 15:03:56', '2023-02-06 15:03:56', '2023-02-06 15:03:56', 'bd024c97-a630-4468-be4b-fdc408a9bbc1'),
(55, 'plugin:seo', 'm200518_110721_add_order_to_redirects', '2023-02-06 15:03:56', '2023-02-06 15:03:56', '2023-02-06 15:03:56', 'dca18ba3-03a3-44d1-ad4f-a8074403b66e'),
(56, 'plugin:seo', 'm201207_124200_add_product_types_to_sitemap', '2023-02-06 15:03:56', '2023-02-06 15:03:56', '2023-02-06 15:03:56', '6fb5de08-c7f5-4832-a7e0-3bb819f27727');

INSERT INTO `neoblocks` (`id`, `primaryOwnerId`, `fieldId`, `typeId`, `deletedWithOwner`, `dateCreated`, `dateUpdated`) VALUES
(69, 45, 12, 2, NULL, '2023-02-06 21:07:04', '2023-02-06 21:07:04'),
(70, 45, 12, 1, NULL, '2023-02-06 21:07:04', '2023-02-06 21:07:04'),
(71, 45, 12, 1, NULL, '2023-02-06 21:07:04', '2023-02-06 21:07:04'),
(72, 45, 12, 3, NULL, '2023-02-06 21:07:04', '2023-02-06 21:07:04'),
(74, 73, 12, 2, NULL, '2023-02-06 21:07:04', '2023-02-06 21:07:04'),
(75, 73, 12, 1, NULL, '2023-02-06 21:07:04', '2023-02-06 21:07:04'),
(76, 73, 12, 1, NULL, '2023-02-06 21:07:04', '2023-02-06 21:07:04'),
(77, 73, 12, 3, NULL, '2023-02-06 21:07:04', '2023-02-06 21:07:04'),
(79, 78, 12, 2, NULL, '2023-02-06 21:07:22', '2023-02-06 21:07:22'),
(80, 78, 12, 1, NULL, '2023-02-06 21:07:22', '2023-02-06 21:07:22'),
(81, 78, 12, 1, NULL, '2023-02-06 21:07:22', '2023-02-06 21:07:22'),
(82, 78, 12, 3, NULL, '2023-02-06 21:07:22', '2023-02-06 21:07:22'),
(86, 85, 12, 2, NULL, '2023-02-06 21:37:10', '2023-02-06 21:37:10'),
(87, 85, 12, 1, NULL, '2023-02-06 21:37:10', '2023-02-06 21:37:10'),
(88, 85, 12, 1, NULL, '2023-02-06 21:37:10', '2023-02-06 21:37:10'),
(89, 85, 12, 3, NULL, '2023-02-06 21:37:10', '2023-02-06 21:37:10'),
(101, 100, 12, 2, NULL, '2023-02-08 19:20:52', '2023-02-08 19:20:52'),
(102, 100, 12, 1, NULL, '2023-02-08 19:20:52', '2023-02-08 19:20:52'),
(103, 100, 12, 1, NULL, '2023-02-08 19:20:52', '2023-02-08 19:20:52'),
(104, 100, 12, 3, NULL, '2023-02-08 19:20:52', '2023-02-08 19:20:52'),
(106, 105, 12, 2, NULL, '2023-02-08 21:06:18', '2023-02-08 21:06:18'),
(107, 105, 12, 1, NULL, '2023-02-08 21:06:18', '2023-02-08 21:06:18'),
(108, 105, 12, 1, NULL, '2023-02-08 21:06:18', '2023-02-08 21:06:18'),
(109, 105, 12, 3, NULL, '2023-02-08 21:06:18', '2023-02-08 21:06:18'),
(111, 110, 12, 2, NULL, '2023-02-08 21:06:18', '2023-02-08 21:06:18'),
(112, 110, 12, 1, NULL, '2023-02-08 21:06:18', '2023-02-08 21:06:18'),
(113, 110, 12, 1, NULL, '2023-02-08 21:06:18', '2023-02-08 21:06:18'),
(114, 110, 12, 3, NULL, '2023-02-08 21:06:18', '2023-02-08 21:06:18'),
(117, 116, 12, 2, NULL, '2023-02-08 21:06:21', '2023-02-08 21:06:21'),
(118, 116, 12, 1, NULL, '2023-02-08 21:06:21', '2023-02-08 21:06:21'),
(119, 116, 12, 1, NULL, '2023-02-08 21:06:21', '2023-02-08 21:06:21'),
(120, 116, 12, 3, NULL, '2023-02-08 21:06:21', '2023-02-08 21:06:21'),
(152, 151, 12, 2, NULL, '2023-02-08 23:42:22', '2023-02-08 23:42:22'),
(153, 151, 12, 1, NULL, '2023-02-08 23:42:22', '2023-02-08 23:42:22'),
(154, 151, 12, 1, NULL, '2023-02-08 23:42:22', '2023-02-08 23:42:22'),
(155, 151, 12, 3, NULL, '2023-02-08 23:42:22', '2023-02-08 23:42:22');

INSERT INTO `neoblocks_owners` (`blockId`, `ownerId`, `sortOrder`) VALUES
(69, 45, 1),
(70, 45, 2),
(71, 45, 3),
(72, 45, 4),
(74, 73, 1),
(75, 73, 2),
(76, 73, 3),
(77, 73, 4),
(79, 78, 1),
(80, 78, 2),
(81, 78, 3),
(82, 78, 4),
(86, 85, 1),
(87, 85, 2),
(88, 85, 3),
(89, 85, 4),
(101, 100, 1),
(102, 100, 2),
(103, 100, 3),
(104, 100, 4),
(106, 105, 1),
(107, 105, 2),
(108, 105, 3),
(109, 105, 4),
(111, 110, 1),
(112, 110, 2),
(113, 110, 3),
(114, 110, 4),
(117, 116, 1),
(118, 116, 2),
(119, 116, 3),
(120, 116, 4),
(152, 151, 1),
(153, 151, 2),
(154, 151, 3),
(155, 151, 4);

INSERT INTO `neoblockstructures` (`id`, `structureId`, `ownerId`, `siteId`, `fieldId`, `dateCreated`, `dateUpdated`, `uid`) VALUES
(13, 13, 73, 1, 12, '2023-02-06 21:07:05', '2023-02-06 21:07:05', 'b867e1f2-8aec-42ab-b946-657d023d1f2c'),
(15, 14, 78, 1, 12, '2023-02-06 21:07:25', '2023-02-06 21:07:25', 'e7b55485-969e-45cc-a30d-ba16163ebb63'),
(19, 17, 85, 1, 12, '2023-02-06 21:37:11', '2023-02-06 21:37:11', 'ffd70f69-5efb-40e9-9786-17e7aa1e0497'),
(27, 24, 100, 1, 12, '2023-02-08 19:20:53', '2023-02-08 19:20:53', '98032c12-5791-427f-8f17-7693b812de28'),
(28, 25, 105, 1, 12, '2023-02-08 21:06:18', '2023-02-08 21:06:18', '6dcc555a-075e-4d76-a561-e4050b2d5bed'),
(30, 26, 110, 1, 12, '2023-02-08 21:06:19', '2023-02-08 21:06:19', 'af7aab00-a305-473c-9ad3-768052d5054d'),
(33, 28, 116, 1, 12, '2023-02-08 21:06:22', '2023-02-08 21:06:22', '9b27322c-d6e2-4990-b01a-2b1053f5bd7b'),
(41, 36, 45, 1, 12, '2023-02-08 23:42:22', '2023-02-08 23:42:22', '655dae25-4b95-4498-82bf-6d63d27a6b0f'),
(43, 38, 93, 1, 12, '2023-02-08 23:43:08', '2023-02-08 23:43:08', '5cc5efaa-81c7-44e7-ac7d-c87227a06185'),
(45, 39, 151, 1, 12, '2023-02-08 23:43:09', '2023-02-08 23:43:09', '5acb4b06-498b-4901-96c8-bf4bffd81df0');

INSERT INTO `neoblocktypes` (`id`, `fieldId`, `fieldLayoutId`, `groupId`, `name`, `handle`, `description`, `iconId`, `enabled`, `minBlocks`, `maxBlocks`, `minSiblingBlocks`, `maxSiblingBlocks`, `minChildBlocks`, `maxChildBlocks`, `groupChildBlockTypes`, `childBlocks`, `topLevel`, `ignorePermissions`, `sortOrder`, `conditions`, `dateCreated`, `dateUpdated`, `uid`) VALUES
(1, 12, 12, NULL, 'Text', 'textBlock', '', NULL, 1, 0, 0, 0, 0, 0, 0, 1, NULL, 1, 1, 1, '[]', '2023-02-06 16:23:12', '2023-02-06 20:23:30', 'd427bda4-aa54-4d50-968f-7c634fad08cd'),
(2, 12, 13, NULL, 'Image', 'imageBlock', '', NULL, 1, 0, 0, 0, 0, 0, 0, 1, NULL, 1, 1, 2, '[]', '2023-02-06 20:23:30', '2023-02-06 20:23:30', '773ad08c-8c39-4df1-9029-2a8b4f7e872e'),
(3, 12, 14, NULL, 'Images', 'imagesBlock', '', NULL, 1, 0, 0, 0, 0, 0, 0, 1, NULL, 1, 1, 3, '[]', '2023-02-06 20:23:30', '2023-02-06 20:23:30', '8ab53871-23f1-4e4a-aa3e-2ad3e0857665'),
(4, 12, 15, NULL, 'Form', 'formBlock', '', NULL, 1, 0, 0, 0, 0, 0, 0, 1, NULL, 1, 1, 4, '[]', '2023-02-06 20:23:30', '2023-02-06 20:23:30', '67249a37-36c6-4e25-859f-2b83cd163be0'),
(5, 12, 16, NULL, 'CTA', 'ctaBlock', '', NULL, 1, 0, 0, 0, 0, 0, 0, 1, NULL, 1, 1, 5, '[]', '2023-02-06 20:23:30', '2023-02-06 20:23:30', '555fd320-2ab5-4e25-be59-575cf4566201');

INSERT INTO `plugins` (`id`, `handle`, `version`, `schemaVersion`, `licenseKeyStatus`, `licensedEdition`, `installDate`, `dateCreated`, `dateUpdated`, `uid`) VALUES
(1, 'redactor', '3.0.3', '2.3.0', 'unknown', NULL, '2023-02-06 14:53:11', '2023-02-06 14:53:11', '2023-02-08 23:42:01', '7b17aa86-e81c-4ddc-9a5e-9c97d83b0e07'),
(2, 'super-table', '3.0.7', '3.0.0', 'unknown', NULL, '2023-02-06 15:00:27', '2023-02-06 15:00:27', '2023-02-08 23:42:01', 'ba037160-e9d4-4a58-bc7f-d25b3c90ed69'),
(3, 'typedlinkfield', '2.1.5', '2.0.0', 'unknown', NULL, '2023-02-06 15:00:55', '2023-02-06 15:00:55', '2023-02-08 23:42:01', '2eca55b8-a09e-42b4-bd9a-373117556530'),
(4, 'contact-form', '3.0.0', '1.0.0', 'unknown', NULL, '2023-02-06 15:01:25', '2023-02-06 15:01:25', '2023-02-08 23:42:01', '3e499e8a-03f2-41e9-a840-eac6309e70ee'),
(5, 'contact-form-honeypot', '2.0.0', '1.0.0', 'unknown', NULL, '2023-02-06 15:01:39', '2023-02-06 15:01:39', '2023-02-08 23:42:01', '17655a75-1d6f-4a5d-bf1f-540a3e42ceb7'),
(6, 'contact-form-extensions', '4.2.2', '1.0.1', 'unknown', NULL, '2023-02-06 15:02:18', '2023-02-06 15:02:18', '2023-02-08 23:42:01', '3b88bded-0bb5-4288-a4db-82eb066edb3f'),
(7, 'image-resizer', '3.0.4', '2.0.0', 'unknown', NULL, '2023-02-06 15:03:00', '2023-02-06 15:03:00', '2023-02-08 23:42:01', '0efb2f14-7dd0-42e1-b788-b3153f7d745e'),
(8, 'neo', '3.6.2', '3.6.2', 'trial', NULL, '2023-02-06 15:03:32', '2023-02-06 15:03:32', '2023-02-08 23:42:01', 'a463d462-0ff4-4696-8308-29ffad8096b7'),
(9, 'seo', 'v4.0.3', '3.2.0', 'unknown', NULL, '2023-02-06 15:03:56', '2023-02-06 15:03:56', '2023-02-08 23:42:01', 'a30d96bc-eccf-443a-9864-b409333be2ea'),
(10, 'field-manager', '3.0.5', '1.0.0', 'unknown', NULL, '2023-02-06 15:04:38', '2023-02-06 15:04:38', '2023-02-08 23:42:01', '21256956-5165-4df2-8ad0-8b4537eea371'),
(11, 'cloner', '2.0.3', '1.0.0', 'unknown', NULL, '2023-02-06 15:05:46', '2023-02-06 15:05:46', '2023-02-08 23:42:01', '85b27c50-1e43-4a0f-81d1-8f254efb25a6');

INSERT INTO `projectconfig` (`path`, `value`) VALUES
('dateModified', '1675884032'),
('elementSources.craft\\elements\\Entry.0.key', '\"*\"'),
('elementSources.craft\\elements\\Entry.0.type', '\"native\"'),
('elementSources.craft\\elements\\Entry.1.heading', '\"Channels\"'),
('elementSources.craft\\elements\\Entry.1.type', '\"heading\"'),
('elementSources.craft\\elements\\Entry.2.key', '\"section:249aace2-bd89-4989-b2b3-504ad6214021\"'),
('elementSources.craft\\elements\\Entry.2.type', '\"native\"'),
('elementSources.craft\\elements\\Entry.3.key', '\"section:24bb6f49-5a05-4f93-8dea-a874654c6cbd\"'),
('elementSources.craft\\elements\\Entry.3.type', '\"native\"'),
('elementSources.craft\\elements\\Entry.4.defaultSort.0', '\"postDate\"'),
('elementSources.craft\\elements\\Entry.4.defaultSort.1', '\"desc\"'),
('elementSources.craft\\elements\\Entry.4.disabled', 'false'),
('elementSources.craft\\elements\\Entry.4.key', '\"section:339c5328-db0a-4a11-91fb-567215e5cbca\"'),
('elementSources.craft\\elements\\Entry.4.tableAttributes.0', '\"field:a6b876e1-27af-4290-b76e-235413141039\"'),
('elementSources.craft\\elements\\Entry.4.tableAttributes.1', '\"postDate\"'),
('elementSources.craft\\elements\\Entry.4.tableAttributes.2', '\"expiryDate\"'),
('elementSources.craft\\elements\\Entry.4.tableAttributes.3', '\"link\"'),
('elementSources.craft\\elements\\Entry.4.type', '\"native\"'),
('elementSources.craft\\elements\\Entry.5.heading', '\"Structures\"'),
('elementSources.craft\\elements\\Entry.5.type', '\"heading\"'),
('elementSources.craft\\elements\\Entry.6.key', '\"section:0cb8f772-dc44-4b7e-9676-63945bf54cb7\"'),
('elementSources.craft\\elements\\Entry.6.type', '\"native\"'),
('email.fromEmail', '\"$EMAIL_ADDRESS\"'),
('email.fromName', '\"Portfolio\"'),
('email.replyToEmail', '\"$EMAIL_ADDRESS\"'),
('email.template', 'null'),
('email.transportSettings.password', '\"$GOOGLE_PASSWORD\"'),
('email.transportSettings.username', '\"$EMAIL_ADDRESS\"'),
('email.transportType', '\"craft\\\\mail\\\\transportadapters\\\\Gmail\"'),
('entryTypes.1484d35d-6b08-4143-bec7-e3548c730586.fieldLayouts.3e7274b5-2289-40d5-94a6-35c353a48b6d.tabs.0.elementCondition', 'null'),
('entryTypes.1484d35d-6b08-4143-bec7-e3548c730586.fieldLayouts.3e7274b5-2289-40d5-94a6-35c353a48b6d.tabs.0.elements.0.autocapitalize', 'true'),
('entryTypes.1484d35d-6b08-4143-bec7-e3548c730586.fieldLayouts.3e7274b5-2289-40d5-94a6-35c353a48b6d.tabs.0.elements.0.autocomplete', 'false'),
('entryTypes.1484d35d-6b08-4143-bec7-e3548c730586.fieldLayouts.3e7274b5-2289-40d5-94a6-35c353a48b6d.tabs.0.elements.0.autocorrect', 'true'),
('entryTypes.1484d35d-6b08-4143-bec7-e3548c730586.fieldLayouts.3e7274b5-2289-40d5-94a6-35c353a48b6d.tabs.0.elements.0.class', 'null'),
('entryTypes.1484d35d-6b08-4143-bec7-e3548c730586.fieldLayouts.3e7274b5-2289-40d5-94a6-35c353a48b6d.tabs.0.elements.0.disabled', 'false'),
('entryTypes.1484d35d-6b08-4143-bec7-e3548c730586.fieldLayouts.3e7274b5-2289-40d5-94a6-35c353a48b6d.tabs.0.elements.0.elementCondition', 'null'),
('entryTypes.1484d35d-6b08-4143-bec7-e3548c730586.fieldLayouts.3e7274b5-2289-40d5-94a6-35c353a48b6d.tabs.0.elements.0.id', 'null'),
('entryTypes.1484d35d-6b08-4143-bec7-e3548c730586.fieldLayouts.3e7274b5-2289-40d5-94a6-35c353a48b6d.tabs.0.elements.0.instructions', 'null'),
('entryTypes.1484d35d-6b08-4143-bec7-e3548c730586.fieldLayouts.3e7274b5-2289-40d5-94a6-35c353a48b6d.tabs.0.elements.0.label', 'null'),
('entryTypes.1484d35d-6b08-4143-bec7-e3548c730586.fieldLayouts.3e7274b5-2289-40d5-94a6-35c353a48b6d.tabs.0.elements.0.max', 'null'),
('entryTypes.1484d35d-6b08-4143-bec7-e3548c730586.fieldLayouts.3e7274b5-2289-40d5-94a6-35c353a48b6d.tabs.0.elements.0.min', 'null'),
('entryTypes.1484d35d-6b08-4143-bec7-e3548c730586.fieldLayouts.3e7274b5-2289-40d5-94a6-35c353a48b6d.tabs.0.elements.0.name', 'null'),
('entryTypes.1484d35d-6b08-4143-bec7-e3548c730586.fieldLayouts.3e7274b5-2289-40d5-94a6-35c353a48b6d.tabs.0.elements.0.orientation', 'null'),
('entryTypes.1484d35d-6b08-4143-bec7-e3548c730586.fieldLayouts.3e7274b5-2289-40d5-94a6-35c353a48b6d.tabs.0.elements.0.placeholder', 'null'),
('entryTypes.1484d35d-6b08-4143-bec7-e3548c730586.fieldLayouts.3e7274b5-2289-40d5-94a6-35c353a48b6d.tabs.0.elements.0.readonly', 'false'),
('entryTypes.1484d35d-6b08-4143-bec7-e3548c730586.fieldLayouts.3e7274b5-2289-40d5-94a6-35c353a48b6d.tabs.0.elements.0.requirable', 'false'),
('entryTypes.1484d35d-6b08-4143-bec7-e3548c730586.fieldLayouts.3e7274b5-2289-40d5-94a6-35c353a48b6d.tabs.0.elements.0.size', 'null'),
('entryTypes.1484d35d-6b08-4143-bec7-e3548c730586.fieldLayouts.3e7274b5-2289-40d5-94a6-35c353a48b6d.tabs.0.elements.0.step', 'null'),
('entryTypes.1484d35d-6b08-4143-bec7-e3548c730586.fieldLayouts.3e7274b5-2289-40d5-94a6-35c353a48b6d.tabs.0.elements.0.tip', 'null'),
('entryTypes.1484d35d-6b08-4143-bec7-e3548c730586.fieldLayouts.3e7274b5-2289-40d5-94a6-35c353a48b6d.tabs.0.elements.0.title', 'null'),
('entryTypes.1484d35d-6b08-4143-bec7-e3548c730586.fieldLayouts.3e7274b5-2289-40d5-94a6-35c353a48b6d.tabs.0.elements.0.type', '\"craft\\\\fieldlayoutelements\\\\entries\\\\EntryTitleField\"'),
('entryTypes.1484d35d-6b08-4143-bec7-e3548c730586.fieldLayouts.3e7274b5-2289-40d5-94a6-35c353a48b6d.tabs.0.elements.0.uid', '\"f1b21222-b894-4bf1-b4c5-720fee243c1e\"'),
('entryTypes.1484d35d-6b08-4143-bec7-e3548c730586.fieldLayouts.3e7274b5-2289-40d5-94a6-35c353a48b6d.tabs.0.elements.0.userCondition', 'null'),
('entryTypes.1484d35d-6b08-4143-bec7-e3548c730586.fieldLayouts.3e7274b5-2289-40d5-94a6-35c353a48b6d.tabs.0.elements.0.warning', 'null'),
('entryTypes.1484d35d-6b08-4143-bec7-e3548c730586.fieldLayouts.3e7274b5-2289-40d5-94a6-35c353a48b6d.tabs.0.elements.0.width', '100'),
('entryTypes.1484d35d-6b08-4143-bec7-e3548c730586.fieldLayouts.3e7274b5-2289-40d5-94a6-35c353a48b6d.tabs.0.elements.1.elementCondition', 'null'),
('entryTypes.1484d35d-6b08-4143-bec7-e3548c730586.fieldLayouts.3e7274b5-2289-40d5-94a6-35c353a48b6d.tabs.0.elements.1.fieldUid', '\"76140e88-ea52-4bcd-9518-7dab11324050\"'),
('entryTypes.1484d35d-6b08-4143-bec7-e3548c730586.fieldLayouts.3e7274b5-2289-40d5-94a6-35c353a48b6d.tabs.0.elements.1.instructions', 'null'),
('entryTypes.1484d35d-6b08-4143-bec7-e3548c730586.fieldLayouts.3e7274b5-2289-40d5-94a6-35c353a48b6d.tabs.0.elements.1.label', 'null'),
('entryTypes.1484d35d-6b08-4143-bec7-e3548c730586.fieldLayouts.3e7274b5-2289-40d5-94a6-35c353a48b6d.tabs.0.elements.1.required', 'false'),
('entryTypes.1484d35d-6b08-4143-bec7-e3548c730586.fieldLayouts.3e7274b5-2289-40d5-94a6-35c353a48b6d.tabs.0.elements.1.tip', 'null'),
('entryTypes.1484d35d-6b08-4143-bec7-e3548c730586.fieldLayouts.3e7274b5-2289-40d5-94a6-35c353a48b6d.tabs.0.elements.1.type', '\"craft\\\\fieldlayoutelements\\\\CustomField\"'),
('entryTypes.1484d35d-6b08-4143-bec7-e3548c730586.fieldLayouts.3e7274b5-2289-40d5-94a6-35c353a48b6d.tabs.0.elements.1.uid', '\"f73b81c0-281c-4729-8b3d-7a7268b4a3cd\"'),
('entryTypes.1484d35d-6b08-4143-bec7-e3548c730586.fieldLayouts.3e7274b5-2289-40d5-94a6-35c353a48b6d.tabs.0.elements.1.userCondition', 'null'),
('entryTypes.1484d35d-6b08-4143-bec7-e3548c730586.fieldLayouts.3e7274b5-2289-40d5-94a6-35c353a48b6d.tabs.0.elements.1.warning', 'null'),
('entryTypes.1484d35d-6b08-4143-bec7-e3548c730586.fieldLayouts.3e7274b5-2289-40d5-94a6-35c353a48b6d.tabs.0.elements.1.width', '100'),
('entryTypes.1484d35d-6b08-4143-bec7-e3548c730586.fieldLayouts.3e7274b5-2289-40d5-94a6-35c353a48b6d.tabs.0.elements.2.elementCondition', 'null'),
('entryTypes.1484d35d-6b08-4143-bec7-e3548c730586.fieldLayouts.3e7274b5-2289-40d5-94a6-35c353a48b6d.tabs.0.elements.2.fieldUid', '\"08623209-825c-4569-a171-0a31c07cf041\"'),
('entryTypes.1484d35d-6b08-4143-bec7-e3548c730586.fieldLayouts.3e7274b5-2289-40d5-94a6-35c353a48b6d.tabs.0.elements.2.instructions', 'null'),
('entryTypes.1484d35d-6b08-4143-bec7-e3548c730586.fieldLayouts.3e7274b5-2289-40d5-94a6-35c353a48b6d.tabs.0.elements.2.label', 'null'),
('entryTypes.1484d35d-6b08-4143-bec7-e3548c730586.fieldLayouts.3e7274b5-2289-40d5-94a6-35c353a48b6d.tabs.0.elements.2.required', 'false'),
('entryTypes.1484d35d-6b08-4143-bec7-e3548c730586.fieldLayouts.3e7274b5-2289-40d5-94a6-35c353a48b6d.tabs.0.elements.2.tip', 'null'),
('entryTypes.1484d35d-6b08-4143-bec7-e3548c730586.fieldLayouts.3e7274b5-2289-40d5-94a6-35c353a48b6d.tabs.0.elements.2.type', '\"craft\\\\fieldlayoutelements\\\\CustomField\"'),
('entryTypes.1484d35d-6b08-4143-bec7-e3548c730586.fieldLayouts.3e7274b5-2289-40d5-94a6-35c353a48b6d.tabs.0.elements.2.uid', '\"f08d6f8d-8c36-481f-a876-5b152886c2f5\"'),
('entryTypes.1484d35d-6b08-4143-bec7-e3548c730586.fieldLayouts.3e7274b5-2289-40d5-94a6-35c353a48b6d.tabs.0.elements.2.userCondition', 'null'),
('entryTypes.1484d35d-6b08-4143-bec7-e3548c730586.fieldLayouts.3e7274b5-2289-40d5-94a6-35c353a48b6d.tabs.0.elements.2.warning', 'null'),
('entryTypes.1484d35d-6b08-4143-bec7-e3548c730586.fieldLayouts.3e7274b5-2289-40d5-94a6-35c353a48b6d.tabs.0.elements.2.width', '50'),
('entryTypes.1484d35d-6b08-4143-bec7-e3548c730586.fieldLayouts.3e7274b5-2289-40d5-94a6-35c353a48b6d.tabs.0.elements.3.elementCondition', 'null'),
('entryTypes.1484d35d-6b08-4143-bec7-e3548c730586.fieldLayouts.3e7274b5-2289-40d5-94a6-35c353a48b6d.tabs.0.elements.3.fieldUid', '\"198e01cf-fe33-4de7-9fe1-95b9cb70802e\"'),
('entryTypes.1484d35d-6b08-4143-bec7-e3548c730586.fieldLayouts.3e7274b5-2289-40d5-94a6-35c353a48b6d.tabs.0.elements.3.instructions', 'null'),
('entryTypes.1484d35d-6b08-4143-bec7-e3548c730586.fieldLayouts.3e7274b5-2289-40d5-94a6-35c353a48b6d.tabs.0.elements.3.label', 'null'),
('entryTypes.1484d35d-6b08-4143-bec7-e3548c730586.fieldLayouts.3e7274b5-2289-40d5-94a6-35c353a48b6d.tabs.0.elements.3.required', 'false'),
('entryTypes.1484d35d-6b08-4143-bec7-e3548c730586.fieldLayouts.3e7274b5-2289-40d5-94a6-35c353a48b6d.tabs.0.elements.3.tip', 'null'),
('entryTypes.1484d35d-6b08-4143-bec7-e3548c730586.fieldLayouts.3e7274b5-2289-40d5-94a6-35c353a48b6d.tabs.0.elements.3.type', '\"craft\\\\fieldlayoutelements\\\\CustomField\"'),
('entryTypes.1484d35d-6b08-4143-bec7-e3548c730586.fieldLayouts.3e7274b5-2289-40d5-94a6-35c353a48b6d.tabs.0.elements.3.uid', '\"7f4fa54e-8be1-4782-b650-e338a02d0cb1\"'),
('entryTypes.1484d35d-6b08-4143-bec7-e3548c730586.fieldLayouts.3e7274b5-2289-40d5-94a6-35c353a48b6d.tabs.0.elements.3.userCondition', 'null'),
('entryTypes.1484d35d-6b08-4143-bec7-e3548c730586.fieldLayouts.3e7274b5-2289-40d5-94a6-35c353a48b6d.tabs.0.elements.3.warning', 'null'),
('entryTypes.1484d35d-6b08-4143-bec7-e3548c730586.fieldLayouts.3e7274b5-2289-40d5-94a6-35c353a48b6d.tabs.0.elements.3.width', '50'),
('entryTypes.1484d35d-6b08-4143-bec7-e3548c730586.fieldLayouts.3e7274b5-2289-40d5-94a6-35c353a48b6d.tabs.0.elements.4.elementCondition', 'null'),
('entryTypes.1484d35d-6b08-4143-bec7-e3548c730586.fieldLayouts.3e7274b5-2289-40d5-94a6-35c353a48b6d.tabs.0.elements.4.fieldUid', '\"a9064f86-9264-425f-9101-7268b79f4974\"'),
('entryTypes.1484d35d-6b08-4143-bec7-e3548c730586.fieldLayouts.3e7274b5-2289-40d5-94a6-35c353a48b6d.tabs.0.elements.4.instructions', 'null'),
('entryTypes.1484d35d-6b08-4143-bec7-e3548c730586.fieldLayouts.3e7274b5-2289-40d5-94a6-35c353a48b6d.tabs.0.elements.4.label', '\"Client\"'),
('entryTypes.1484d35d-6b08-4143-bec7-e3548c730586.fieldLayouts.3e7274b5-2289-40d5-94a6-35c353a48b6d.tabs.0.elements.4.required', 'false'),
('entryTypes.1484d35d-6b08-4143-bec7-e3548c730586.fieldLayouts.3e7274b5-2289-40d5-94a6-35c353a48b6d.tabs.0.elements.4.tip', 'null'),
('entryTypes.1484d35d-6b08-4143-bec7-e3548c730586.fieldLayouts.3e7274b5-2289-40d5-94a6-35c353a48b6d.tabs.0.elements.4.type', '\"craft\\\\fieldlayoutelements\\\\CustomField\"'),
('entryTypes.1484d35d-6b08-4143-bec7-e3548c730586.fieldLayouts.3e7274b5-2289-40d5-94a6-35c353a48b6d.tabs.0.elements.4.uid', '\"1e3cf165-04b9-4862-af6b-786d759afffe\"'),
('entryTypes.1484d35d-6b08-4143-bec7-e3548c730586.fieldLayouts.3e7274b5-2289-40d5-94a6-35c353a48b6d.tabs.0.elements.4.userCondition', 'null'),
('entryTypes.1484d35d-6b08-4143-bec7-e3548c730586.fieldLayouts.3e7274b5-2289-40d5-94a6-35c353a48b6d.tabs.0.elements.4.warning', 'null'),
('entryTypes.1484d35d-6b08-4143-bec7-e3548c730586.fieldLayouts.3e7274b5-2289-40d5-94a6-35c353a48b6d.tabs.0.elements.4.width', '50'),
('entryTypes.1484d35d-6b08-4143-bec7-e3548c730586.fieldLayouts.3e7274b5-2289-40d5-94a6-35c353a48b6d.tabs.0.elements.5.elementCondition', 'null'),
('entryTypes.1484d35d-6b08-4143-bec7-e3548c730586.fieldLayouts.3e7274b5-2289-40d5-94a6-35c353a48b6d.tabs.0.elements.5.fieldUid', '\"deaa8b20-e3e8-49a2-9555-3f6a7839613e\"'),
('entryTypes.1484d35d-6b08-4143-bec7-e3548c730586.fieldLayouts.3e7274b5-2289-40d5-94a6-35c353a48b6d.tabs.0.elements.5.instructions', 'null'),
('entryTypes.1484d35d-6b08-4143-bec7-e3548c730586.fieldLayouts.3e7274b5-2289-40d5-94a6-35c353a48b6d.tabs.0.elements.5.label', 'null'),
('entryTypes.1484d35d-6b08-4143-bec7-e3548c730586.fieldLayouts.3e7274b5-2289-40d5-94a6-35c353a48b6d.tabs.0.elements.5.required', 'false'),
('entryTypes.1484d35d-6b08-4143-bec7-e3548c730586.fieldLayouts.3e7274b5-2289-40d5-94a6-35c353a48b6d.tabs.0.elements.5.tip', 'null'),
('entryTypes.1484d35d-6b08-4143-bec7-e3548c730586.fieldLayouts.3e7274b5-2289-40d5-94a6-35c353a48b6d.tabs.0.elements.5.type', '\"craft\\\\fieldlayoutelements\\\\CustomField\"'),
('entryTypes.1484d35d-6b08-4143-bec7-e3548c730586.fieldLayouts.3e7274b5-2289-40d5-94a6-35c353a48b6d.tabs.0.elements.5.uid', '\"52ca7b18-dbe1-4235-94cd-fb0849b1a52e\"'),
('entryTypes.1484d35d-6b08-4143-bec7-e3548c730586.fieldLayouts.3e7274b5-2289-40d5-94a6-35c353a48b6d.tabs.0.elements.5.userCondition', 'null'),
('entryTypes.1484d35d-6b08-4143-bec7-e3548c730586.fieldLayouts.3e7274b5-2289-40d5-94a6-35c353a48b6d.tabs.0.elements.5.warning', 'null'),
('entryTypes.1484d35d-6b08-4143-bec7-e3548c730586.fieldLayouts.3e7274b5-2289-40d5-94a6-35c353a48b6d.tabs.0.elements.5.width', '50'),
('entryTypes.1484d35d-6b08-4143-bec7-e3548c730586.fieldLayouts.3e7274b5-2289-40d5-94a6-35c353a48b6d.tabs.0.elements.6.elementCondition', 'null'),
('entryTypes.1484d35d-6b08-4143-bec7-e3548c730586.fieldLayouts.3e7274b5-2289-40d5-94a6-35c353a48b6d.tabs.0.elements.6.fieldUid', '\"4c74dba2-6366-46e7-b4ae-a02582b4677c\"'),
('entryTypes.1484d35d-6b08-4143-bec7-e3548c730586.fieldLayouts.3e7274b5-2289-40d5-94a6-35c353a48b6d.tabs.0.elements.6.instructions', 'null'),
('entryTypes.1484d35d-6b08-4143-bec7-e3548c730586.fieldLayouts.3e7274b5-2289-40d5-94a6-35c353a48b6d.tabs.0.elements.6.label', 'null'),
('entryTypes.1484d35d-6b08-4143-bec7-e3548c730586.fieldLayouts.3e7274b5-2289-40d5-94a6-35c353a48b6d.tabs.0.elements.6.required', 'false'),
('entryTypes.1484d35d-6b08-4143-bec7-e3548c730586.fieldLayouts.3e7274b5-2289-40d5-94a6-35c353a48b6d.tabs.0.elements.6.tip', 'null'),
('entryTypes.1484d35d-6b08-4143-bec7-e3548c730586.fieldLayouts.3e7274b5-2289-40d5-94a6-35c353a48b6d.tabs.0.elements.6.type', '\"craft\\\\fieldlayoutelements\\\\CustomField\"'),
('entryTypes.1484d35d-6b08-4143-bec7-e3548c730586.fieldLayouts.3e7274b5-2289-40d5-94a6-35c353a48b6d.tabs.0.elements.6.uid', '\"a17421fa-1597-477a-8700-f6f9bfea2ef7\"'),
('entryTypes.1484d35d-6b08-4143-bec7-e3548c730586.fieldLayouts.3e7274b5-2289-40d5-94a6-35c353a48b6d.tabs.0.elements.6.userCondition', 'null'),
('entryTypes.1484d35d-6b08-4143-bec7-e3548c730586.fieldLayouts.3e7274b5-2289-40d5-94a6-35c353a48b6d.tabs.0.elements.6.warning', 'null'),
('entryTypes.1484d35d-6b08-4143-bec7-e3548c730586.fieldLayouts.3e7274b5-2289-40d5-94a6-35c353a48b6d.tabs.0.elements.6.width', '50'),
('entryTypes.1484d35d-6b08-4143-bec7-e3548c730586.fieldLayouts.3e7274b5-2289-40d5-94a6-35c353a48b6d.tabs.0.elements.7.elementCondition', 'null'),
('entryTypes.1484d35d-6b08-4143-bec7-e3548c730586.fieldLayouts.3e7274b5-2289-40d5-94a6-35c353a48b6d.tabs.0.elements.7.fieldUid', '\"937f08fb-c57a-4702-a099-98dd7db74e7f\"'),
('entryTypes.1484d35d-6b08-4143-bec7-e3548c730586.fieldLayouts.3e7274b5-2289-40d5-94a6-35c353a48b6d.tabs.0.elements.7.instructions', 'null'),
('entryTypes.1484d35d-6b08-4143-bec7-e3548c730586.fieldLayouts.3e7274b5-2289-40d5-94a6-35c353a48b6d.tabs.0.elements.7.label', 'null'),
('entryTypes.1484d35d-6b08-4143-bec7-e3548c730586.fieldLayouts.3e7274b5-2289-40d5-94a6-35c353a48b6d.tabs.0.elements.7.required', 'false'),
('entryTypes.1484d35d-6b08-4143-bec7-e3548c730586.fieldLayouts.3e7274b5-2289-40d5-94a6-35c353a48b6d.tabs.0.elements.7.tip', 'null'),
('entryTypes.1484d35d-6b08-4143-bec7-e3548c730586.fieldLayouts.3e7274b5-2289-40d5-94a6-35c353a48b6d.tabs.0.elements.7.type', '\"craft\\\\fieldlayoutelements\\\\CustomField\"'),
('entryTypes.1484d35d-6b08-4143-bec7-e3548c730586.fieldLayouts.3e7274b5-2289-40d5-94a6-35c353a48b6d.tabs.0.elements.7.uid', '\"93b30fb1-7822-41e8-a454-cf23e5dc7d01\"'),
('entryTypes.1484d35d-6b08-4143-bec7-e3548c730586.fieldLayouts.3e7274b5-2289-40d5-94a6-35c353a48b6d.tabs.0.elements.7.userCondition', 'null'),
('entryTypes.1484d35d-6b08-4143-bec7-e3548c730586.fieldLayouts.3e7274b5-2289-40d5-94a6-35c353a48b6d.tabs.0.elements.7.warning', 'null'),
('entryTypes.1484d35d-6b08-4143-bec7-e3548c730586.fieldLayouts.3e7274b5-2289-40d5-94a6-35c353a48b6d.tabs.0.elements.7.width', '100'),
('entryTypes.1484d35d-6b08-4143-bec7-e3548c730586.fieldLayouts.3e7274b5-2289-40d5-94a6-35c353a48b6d.tabs.0.name', '\"Content\"'),
('entryTypes.1484d35d-6b08-4143-bec7-e3548c730586.fieldLayouts.3e7274b5-2289-40d5-94a6-35c353a48b6d.tabs.0.uid', '\"5a95cf58-672a-428c-94db-029a5ecebefc\"'),
('entryTypes.1484d35d-6b08-4143-bec7-e3548c730586.fieldLayouts.3e7274b5-2289-40d5-94a6-35c353a48b6d.tabs.0.userCondition', 'null'),
('entryTypes.1484d35d-6b08-4143-bec7-e3548c730586.fieldLayouts.3e7274b5-2289-40d5-94a6-35c353a48b6d.tabs.1.elementCondition', 'null'),
('entryTypes.1484d35d-6b08-4143-bec7-e3548c730586.fieldLayouts.3e7274b5-2289-40d5-94a6-35c353a48b6d.tabs.1.elements.0.elementCondition', 'null'),
('entryTypes.1484d35d-6b08-4143-bec7-e3548c730586.fieldLayouts.3e7274b5-2289-40d5-94a6-35c353a48b6d.tabs.1.elements.0.fieldUid', '\"6b186c3a-d3e2-4d9b-b349-b37fb2fd2227\"'),
('entryTypes.1484d35d-6b08-4143-bec7-e3548c730586.fieldLayouts.3e7274b5-2289-40d5-94a6-35c353a48b6d.tabs.1.elements.0.instructions', 'null'),
('entryTypes.1484d35d-6b08-4143-bec7-e3548c730586.fieldLayouts.3e7274b5-2289-40d5-94a6-35c353a48b6d.tabs.1.elements.0.label', 'null'),
('entryTypes.1484d35d-6b08-4143-bec7-e3548c730586.fieldLayouts.3e7274b5-2289-40d5-94a6-35c353a48b6d.tabs.1.elements.0.required', 'false'),
('entryTypes.1484d35d-6b08-4143-bec7-e3548c730586.fieldLayouts.3e7274b5-2289-40d5-94a6-35c353a48b6d.tabs.1.elements.0.tip', 'null'),
('entryTypes.1484d35d-6b08-4143-bec7-e3548c730586.fieldLayouts.3e7274b5-2289-40d5-94a6-35c353a48b6d.tabs.1.elements.0.type', '\"craft\\\\fieldlayoutelements\\\\CustomField\"'),
('entryTypes.1484d35d-6b08-4143-bec7-e3548c730586.fieldLayouts.3e7274b5-2289-40d5-94a6-35c353a48b6d.tabs.1.elements.0.uid', '\"5b82e277-9ab4-420b-8279-28b00a95acda\"'),
('entryTypes.1484d35d-6b08-4143-bec7-e3548c730586.fieldLayouts.3e7274b5-2289-40d5-94a6-35c353a48b6d.tabs.1.elements.0.userCondition', 'null'),
('entryTypes.1484d35d-6b08-4143-bec7-e3548c730586.fieldLayouts.3e7274b5-2289-40d5-94a6-35c353a48b6d.tabs.1.elements.0.warning', 'null'),
('entryTypes.1484d35d-6b08-4143-bec7-e3548c730586.fieldLayouts.3e7274b5-2289-40d5-94a6-35c353a48b6d.tabs.1.elements.0.width', '100'),
('entryTypes.1484d35d-6b08-4143-bec7-e3548c730586.fieldLayouts.3e7274b5-2289-40d5-94a6-35c353a48b6d.tabs.1.elements.1.elementCondition', 'null'),
('entryTypes.1484d35d-6b08-4143-bec7-e3548c730586.fieldLayouts.3e7274b5-2289-40d5-94a6-35c353a48b6d.tabs.1.elements.1.fieldUid', '\"1047f1b3-790b-447f-87d5-7726dcba5c67\"'),
('entryTypes.1484d35d-6b08-4143-bec7-e3548c730586.fieldLayouts.3e7274b5-2289-40d5-94a6-35c353a48b6d.tabs.1.elements.1.instructions', 'null'),
('entryTypes.1484d35d-6b08-4143-bec7-e3548c730586.fieldLayouts.3e7274b5-2289-40d5-94a6-35c353a48b6d.tabs.1.elements.1.label', 'null'),
('entryTypes.1484d35d-6b08-4143-bec7-e3548c730586.fieldLayouts.3e7274b5-2289-40d5-94a6-35c353a48b6d.tabs.1.elements.1.required', 'false'),
('entryTypes.1484d35d-6b08-4143-bec7-e3548c730586.fieldLayouts.3e7274b5-2289-40d5-94a6-35c353a48b6d.tabs.1.elements.1.tip', 'null'),
('entryTypes.1484d35d-6b08-4143-bec7-e3548c730586.fieldLayouts.3e7274b5-2289-40d5-94a6-35c353a48b6d.tabs.1.elements.1.type', '\"craft\\\\fieldlayoutelements\\\\CustomField\"'),
('entryTypes.1484d35d-6b08-4143-bec7-e3548c730586.fieldLayouts.3e7274b5-2289-40d5-94a6-35c353a48b6d.tabs.1.elements.1.uid', '\"b25a9e19-42d0-41cc-8ea7-87f5185ecce8\"'),
('entryTypes.1484d35d-6b08-4143-bec7-e3548c730586.fieldLayouts.3e7274b5-2289-40d5-94a6-35c353a48b6d.tabs.1.elements.1.userCondition', 'null'),
('entryTypes.1484d35d-6b08-4143-bec7-e3548c730586.fieldLayouts.3e7274b5-2289-40d5-94a6-35c353a48b6d.tabs.1.elements.1.warning', 'null'),
('entryTypes.1484d35d-6b08-4143-bec7-e3548c730586.fieldLayouts.3e7274b5-2289-40d5-94a6-35c353a48b6d.tabs.1.elements.1.width', '100'),
('entryTypes.1484d35d-6b08-4143-bec7-e3548c730586.fieldLayouts.3e7274b5-2289-40d5-94a6-35c353a48b6d.tabs.1.name', '\"Header\"'),
('entryTypes.1484d35d-6b08-4143-bec7-e3548c730586.fieldLayouts.3e7274b5-2289-40d5-94a6-35c353a48b6d.tabs.1.uid', '\"70c49cfd-636d-4a97-abf6-be48f223ff76\"'),
('entryTypes.1484d35d-6b08-4143-bec7-e3548c730586.fieldLayouts.3e7274b5-2289-40d5-94a6-35c353a48b6d.tabs.1.userCondition', 'null'),
('entryTypes.1484d35d-6b08-4143-bec7-e3548c730586.fieldLayouts.3e7274b5-2289-40d5-94a6-35c353a48b6d.tabs.2.elementCondition', 'null'),
('entryTypes.1484d35d-6b08-4143-bec7-e3548c730586.fieldLayouts.3e7274b5-2289-40d5-94a6-35c353a48b6d.tabs.2.elements.0.elementCondition', 'null'),
('entryTypes.1484d35d-6b08-4143-bec7-e3548c730586.fieldLayouts.3e7274b5-2289-40d5-94a6-35c353a48b6d.tabs.2.elements.0.fieldUid', '\"c454d863-60f4-46a6-a8f3-51bc5e3e2db8\"'),
('entryTypes.1484d35d-6b08-4143-bec7-e3548c730586.fieldLayouts.3e7274b5-2289-40d5-94a6-35c353a48b6d.tabs.2.elements.0.instructions', 'null'),
('entryTypes.1484d35d-6b08-4143-bec7-e3548c730586.fieldLayouts.3e7274b5-2289-40d5-94a6-35c353a48b6d.tabs.2.elements.0.label', 'null'),
('entryTypes.1484d35d-6b08-4143-bec7-e3548c730586.fieldLayouts.3e7274b5-2289-40d5-94a6-35c353a48b6d.tabs.2.elements.0.required', 'false'),
('entryTypes.1484d35d-6b08-4143-bec7-e3548c730586.fieldLayouts.3e7274b5-2289-40d5-94a6-35c353a48b6d.tabs.2.elements.0.tip', 'null'),
('entryTypes.1484d35d-6b08-4143-bec7-e3548c730586.fieldLayouts.3e7274b5-2289-40d5-94a6-35c353a48b6d.tabs.2.elements.0.type', '\"craft\\\\fieldlayoutelements\\\\CustomField\"'),
('entryTypes.1484d35d-6b08-4143-bec7-e3548c730586.fieldLayouts.3e7274b5-2289-40d5-94a6-35c353a48b6d.tabs.2.elements.0.uid', '\"512489c0-3b38-44a4-bc81-69f5d1b052c3\"'),
('entryTypes.1484d35d-6b08-4143-bec7-e3548c730586.fieldLayouts.3e7274b5-2289-40d5-94a6-35c353a48b6d.tabs.2.elements.0.userCondition', 'null'),
('entryTypes.1484d35d-6b08-4143-bec7-e3548c730586.fieldLayouts.3e7274b5-2289-40d5-94a6-35c353a48b6d.tabs.2.elements.0.warning', 'null'),
('entryTypes.1484d35d-6b08-4143-bec7-e3548c730586.fieldLayouts.3e7274b5-2289-40d5-94a6-35c353a48b6d.tabs.2.elements.0.width', '100'),
('entryTypes.1484d35d-6b08-4143-bec7-e3548c730586.fieldLayouts.3e7274b5-2289-40d5-94a6-35c353a48b6d.tabs.2.name', '\"Navigation\"'),
('entryTypes.1484d35d-6b08-4143-bec7-e3548c730586.fieldLayouts.3e7274b5-2289-40d5-94a6-35c353a48b6d.tabs.2.uid', '\"c064d93c-c824-40c1-af5e-f3bc6c26a3ab\"'),
('entryTypes.1484d35d-6b08-4143-bec7-e3548c730586.fieldLayouts.3e7274b5-2289-40d5-94a6-35c353a48b6d.tabs.2.userCondition', 'null'),
('entryTypes.1484d35d-6b08-4143-bec7-e3548c730586.fieldLayouts.3e7274b5-2289-40d5-94a6-35c353a48b6d.tabs.3.elementCondition', 'null'),
('entryTypes.1484d35d-6b08-4143-bec7-e3548c730586.fieldLayouts.3e7274b5-2289-40d5-94a6-35c353a48b6d.tabs.3.elements.0.elementCondition', 'null'),
('entryTypes.1484d35d-6b08-4143-bec7-e3548c730586.fieldLayouts.3e7274b5-2289-40d5-94a6-35c353a48b6d.tabs.3.elements.0.fieldUid', '\"95efe7fb-840a-4c0c-818b-f44d3458d1b4\"'),
('entryTypes.1484d35d-6b08-4143-bec7-e3548c730586.fieldLayouts.3e7274b5-2289-40d5-94a6-35c353a48b6d.tabs.3.elements.0.instructions', 'null'),
('entryTypes.1484d35d-6b08-4143-bec7-e3548c730586.fieldLayouts.3e7274b5-2289-40d5-94a6-35c353a48b6d.tabs.3.elements.0.label', 'null'),
('entryTypes.1484d35d-6b08-4143-bec7-e3548c730586.fieldLayouts.3e7274b5-2289-40d5-94a6-35c353a48b6d.tabs.3.elements.0.required', 'false'),
('entryTypes.1484d35d-6b08-4143-bec7-e3548c730586.fieldLayouts.3e7274b5-2289-40d5-94a6-35c353a48b6d.tabs.3.elements.0.tip', 'null'),
('entryTypes.1484d35d-6b08-4143-bec7-e3548c730586.fieldLayouts.3e7274b5-2289-40d5-94a6-35c353a48b6d.tabs.3.elements.0.type', '\"craft\\\\fieldlayoutelements\\\\CustomField\"'),
('entryTypes.1484d35d-6b08-4143-bec7-e3548c730586.fieldLayouts.3e7274b5-2289-40d5-94a6-35c353a48b6d.tabs.3.elements.0.uid', '\"a2732557-1691-4831-b547-a599439c527d\"'),
('entryTypes.1484d35d-6b08-4143-bec7-e3548c730586.fieldLayouts.3e7274b5-2289-40d5-94a6-35c353a48b6d.tabs.3.elements.0.userCondition', 'null'),
('entryTypes.1484d35d-6b08-4143-bec7-e3548c730586.fieldLayouts.3e7274b5-2289-40d5-94a6-35c353a48b6d.tabs.3.elements.0.warning', 'null'),
('entryTypes.1484d35d-6b08-4143-bec7-e3548c730586.fieldLayouts.3e7274b5-2289-40d5-94a6-35c353a48b6d.tabs.3.elements.0.width', '100'),
('entryTypes.1484d35d-6b08-4143-bec7-e3548c730586.fieldLayouts.3e7274b5-2289-40d5-94a6-35c353a48b6d.tabs.3.name', '\"SEO\"'),
('entryTypes.1484d35d-6b08-4143-bec7-e3548c730586.fieldLayouts.3e7274b5-2289-40d5-94a6-35c353a48b6d.tabs.3.uid', '\"d1d9d568-0871-4e2f-9bad-4656dae9a6fd\"'),
('entryTypes.1484d35d-6b08-4143-bec7-e3548c730586.fieldLayouts.3e7274b5-2289-40d5-94a6-35c353a48b6d.tabs.3.userCondition', 'null'),
('entryTypes.1484d35d-6b08-4143-bec7-e3548c730586.handle', '\"default\"'),
('entryTypes.1484d35d-6b08-4143-bec7-e3548c730586.hasTitleField', 'true'),
('entryTypes.1484d35d-6b08-4143-bec7-e3548c730586.name', '\"Default\"'),
('entryTypes.1484d35d-6b08-4143-bec7-e3548c730586.section', '\"24bb6f49-5a05-4f93-8dea-a874654c6cbd\"'),
('entryTypes.1484d35d-6b08-4143-bec7-e3548c730586.sortOrder', '1'),
('entryTypes.1484d35d-6b08-4143-bec7-e3548c730586.titleFormat', 'null'),
('entryTypes.1484d35d-6b08-4143-bec7-e3548c730586.titleTranslationKeyFormat', 'null'),
('entryTypes.1484d35d-6b08-4143-bec7-e3548c730586.titleTranslationMethod', '\"site\"'),
('entryTypes.28c7f5ca-4920-4e23-8fd1-369583af47ab.fieldLayouts.6dde28d1-9252-4cd7-85c4-a2cde249afe9.tabs.0.elementCondition', 'null'),
('entryTypes.28c7f5ca-4920-4e23-8fd1-369583af47ab.fieldLayouts.6dde28d1-9252-4cd7-85c4-a2cde249afe9.tabs.0.elements.0.autocapitalize', 'true'),
('entryTypes.28c7f5ca-4920-4e23-8fd1-369583af47ab.fieldLayouts.6dde28d1-9252-4cd7-85c4-a2cde249afe9.tabs.0.elements.0.autocomplete', 'false'),
('entryTypes.28c7f5ca-4920-4e23-8fd1-369583af47ab.fieldLayouts.6dde28d1-9252-4cd7-85c4-a2cde249afe9.tabs.0.elements.0.autocorrect', 'true'),
('entryTypes.28c7f5ca-4920-4e23-8fd1-369583af47ab.fieldLayouts.6dde28d1-9252-4cd7-85c4-a2cde249afe9.tabs.0.elements.0.class', 'null'),
('entryTypes.28c7f5ca-4920-4e23-8fd1-369583af47ab.fieldLayouts.6dde28d1-9252-4cd7-85c4-a2cde249afe9.tabs.0.elements.0.disabled', 'false'),
('entryTypes.28c7f5ca-4920-4e23-8fd1-369583af47ab.fieldLayouts.6dde28d1-9252-4cd7-85c4-a2cde249afe9.tabs.0.elements.0.elementCondition', 'null'),
('entryTypes.28c7f5ca-4920-4e23-8fd1-369583af47ab.fieldLayouts.6dde28d1-9252-4cd7-85c4-a2cde249afe9.tabs.0.elements.0.id', 'null'),
('entryTypes.28c7f5ca-4920-4e23-8fd1-369583af47ab.fieldLayouts.6dde28d1-9252-4cd7-85c4-a2cde249afe9.tabs.0.elements.0.instructions', 'null'),
('entryTypes.28c7f5ca-4920-4e23-8fd1-369583af47ab.fieldLayouts.6dde28d1-9252-4cd7-85c4-a2cde249afe9.tabs.0.elements.0.label', 'null'),
('entryTypes.28c7f5ca-4920-4e23-8fd1-369583af47ab.fieldLayouts.6dde28d1-9252-4cd7-85c4-a2cde249afe9.tabs.0.elements.0.max', 'null'),
('entryTypes.28c7f5ca-4920-4e23-8fd1-369583af47ab.fieldLayouts.6dde28d1-9252-4cd7-85c4-a2cde249afe9.tabs.0.elements.0.min', 'null'),
('entryTypes.28c7f5ca-4920-4e23-8fd1-369583af47ab.fieldLayouts.6dde28d1-9252-4cd7-85c4-a2cde249afe9.tabs.0.elements.0.name', 'null'),
('entryTypes.28c7f5ca-4920-4e23-8fd1-369583af47ab.fieldLayouts.6dde28d1-9252-4cd7-85c4-a2cde249afe9.tabs.0.elements.0.orientation', 'null'),
('entryTypes.28c7f5ca-4920-4e23-8fd1-369583af47ab.fieldLayouts.6dde28d1-9252-4cd7-85c4-a2cde249afe9.tabs.0.elements.0.placeholder', 'null'),
('entryTypes.28c7f5ca-4920-4e23-8fd1-369583af47ab.fieldLayouts.6dde28d1-9252-4cd7-85c4-a2cde249afe9.tabs.0.elements.0.readonly', 'false'),
('entryTypes.28c7f5ca-4920-4e23-8fd1-369583af47ab.fieldLayouts.6dde28d1-9252-4cd7-85c4-a2cde249afe9.tabs.0.elements.0.requirable', 'false'),
('entryTypes.28c7f5ca-4920-4e23-8fd1-369583af47ab.fieldLayouts.6dde28d1-9252-4cd7-85c4-a2cde249afe9.tabs.0.elements.0.size', 'null'),
('entryTypes.28c7f5ca-4920-4e23-8fd1-369583af47ab.fieldLayouts.6dde28d1-9252-4cd7-85c4-a2cde249afe9.tabs.0.elements.0.step', 'null'),
('entryTypes.28c7f5ca-4920-4e23-8fd1-369583af47ab.fieldLayouts.6dde28d1-9252-4cd7-85c4-a2cde249afe9.tabs.0.elements.0.tip', 'null'),
('entryTypes.28c7f5ca-4920-4e23-8fd1-369583af47ab.fieldLayouts.6dde28d1-9252-4cd7-85c4-a2cde249afe9.tabs.0.elements.0.title', 'null'),
('entryTypes.28c7f5ca-4920-4e23-8fd1-369583af47ab.fieldLayouts.6dde28d1-9252-4cd7-85c4-a2cde249afe9.tabs.0.elements.0.type', '\"craft\\\\fieldlayoutelements\\\\entries\\\\EntryTitleField\"'),
('entryTypes.28c7f5ca-4920-4e23-8fd1-369583af47ab.fieldLayouts.6dde28d1-9252-4cd7-85c4-a2cde249afe9.tabs.0.elements.0.uid', '\"568e1142-8d55-4266-97e1-f60660253b25\"'),
('entryTypes.28c7f5ca-4920-4e23-8fd1-369583af47ab.fieldLayouts.6dde28d1-9252-4cd7-85c4-a2cde249afe9.tabs.0.elements.0.userCondition', 'null'),
('entryTypes.28c7f5ca-4920-4e23-8fd1-369583af47ab.fieldLayouts.6dde28d1-9252-4cd7-85c4-a2cde249afe9.tabs.0.elements.0.warning', 'null'),
('entryTypes.28c7f5ca-4920-4e23-8fd1-369583af47ab.fieldLayouts.6dde28d1-9252-4cd7-85c4-a2cde249afe9.tabs.0.elements.0.width', '100'),
('entryTypes.28c7f5ca-4920-4e23-8fd1-369583af47ab.fieldLayouts.6dde28d1-9252-4cd7-85c4-a2cde249afe9.tabs.0.elements.1.elementCondition', 'null'),
('entryTypes.28c7f5ca-4920-4e23-8fd1-369583af47ab.fieldLayouts.6dde28d1-9252-4cd7-85c4-a2cde249afe9.tabs.0.elements.1.fieldUid', '\"76140e88-ea52-4bcd-9518-7dab11324050\"'),
('entryTypes.28c7f5ca-4920-4e23-8fd1-369583af47ab.fieldLayouts.6dde28d1-9252-4cd7-85c4-a2cde249afe9.tabs.0.elements.1.instructions', 'null'),
('entryTypes.28c7f5ca-4920-4e23-8fd1-369583af47ab.fieldLayouts.6dde28d1-9252-4cd7-85c4-a2cde249afe9.tabs.0.elements.1.label', 'null'),
('entryTypes.28c7f5ca-4920-4e23-8fd1-369583af47ab.fieldLayouts.6dde28d1-9252-4cd7-85c4-a2cde249afe9.tabs.0.elements.1.required', 'false'),
('entryTypes.28c7f5ca-4920-4e23-8fd1-369583af47ab.fieldLayouts.6dde28d1-9252-4cd7-85c4-a2cde249afe9.tabs.0.elements.1.tip', 'null'),
('entryTypes.28c7f5ca-4920-4e23-8fd1-369583af47ab.fieldLayouts.6dde28d1-9252-4cd7-85c4-a2cde249afe9.tabs.0.elements.1.type', '\"craft\\\\fieldlayoutelements\\\\CustomField\"'),
('entryTypes.28c7f5ca-4920-4e23-8fd1-369583af47ab.fieldLayouts.6dde28d1-9252-4cd7-85c4-a2cde249afe9.tabs.0.elements.1.uid', '\"0ab56b7d-4a62-43fb-9352-79dad7ac85f0\"'),
('entryTypes.28c7f5ca-4920-4e23-8fd1-369583af47ab.fieldLayouts.6dde28d1-9252-4cd7-85c4-a2cde249afe9.tabs.0.elements.1.userCondition', 'null'),
('entryTypes.28c7f5ca-4920-4e23-8fd1-369583af47ab.fieldLayouts.6dde28d1-9252-4cd7-85c4-a2cde249afe9.tabs.0.elements.1.warning', 'null'),
('entryTypes.28c7f5ca-4920-4e23-8fd1-369583af47ab.fieldLayouts.6dde28d1-9252-4cd7-85c4-a2cde249afe9.tabs.0.elements.1.width', '100'),
('entryTypes.28c7f5ca-4920-4e23-8fd1-369583af47ab.fieldLayouts.6dde28d1-9252-4cd7-85c4-a2cde249afe9.tabs.0.elements.2.elementCondition', 'null'),
('entryTypes.28c7f5ca-4920-4e23-8fd1-369583af47ab.fieldLayouts.6dde28d1-9252-4cd7-85c4-a2cde249afe9.tabs.0.elements.2.fieldUid', '\"1047f1b3-790b-447f-87d5-7726dcba5c67\"'),
('entryTypes.28c7f5ca-4920-4e23-8fd1-369583af47ab.fieldLayouts.6dde28d1-9252-4cd7-85c4-a2cde249afe9.tabs.0.elements.2.instructions', 'null'),
('entryTypes.28c7f5ca-4920-4e23-8fd1-369583af47ab.fieldLayouts.6dde28d1-9252-4cd7-85c4-a2cde249afe9.tabs.0.elements.2.label', 'null'),
('entryTypes.28c7f5ca-4920-4e23-8fd1-369583af47ab.fieldLayouts.6dde28d1-9252-4cd7-85c4-a2cde249afe9.tabs.0.elements.2.required', 'false'),
('entryTypes.28c7f5ca-4920-4e23-8fd1-369583af47ab.fieldLayouts.6dde28d1-9252-4cd7-85c4-a2cde249afe9.tabs.0.elements.2.tip', 'null'),
('entryTypes.28c7f5ca-4920-4e23-8fd1-369583af47ab.fieldLayouts.6dde28d1-9252-4cd7-85c4-a2cde249afe9.tabs.0.elements.2.type', '\"craft\\\\fieldlayoutelements\\\\CustomField\"'),
('entryTypes.28c7f5ca-4920-4e23-8fd1-369583af47ab.fieldLayouts.6dde28d1-9252-4cd7-85c4-a2cde249afe9.tabs.0.elements.2.uid', '\"2d9fb66e-2ef6-4fd9-8902-68a096ea473a\"'),
('entryTypes.28c7f5ca-4920-4e23-8fd1-369583af47ab.fieldLayouts.6dde28d1-9252-4cd7-85c4-a2cde249afe9.tabs.0.elements.2.userCondition', 'null'),
('entryTypes.28c7f5ca-4920-4e23-8fd1-369583af47ab.fieldLayouts.6dde28d1-9252-4cd7-85c4-a2cde249afe9.tabs.0.elements.2.warning', 'null'),
('entryTypes.28c7f5ca-4920-4e23-8fd1-369583af47ab.fieldLayouts.6dde28d1-9252-4cd7-85c4-a2cde249afe9.tabs.0.elements.2.width', '100'),
('entryTypes.28c7f5ca-4920-4e23-8fd1-369583af47ab.fieldLayouts.6dde28d1-9252-4cd7-85c4-a2cde249afe9.tabs.0.elements.3.elementCondition', 'null'),
('entryTypes.28c7f5ca-4920-4e23-8fd1-369583af47ab.fieldLayouts.6dde28d1-9252-4cd7-85c4-a2cde249afe9.tabs.0.elements.3.fieldUid', '\"deaa8b20-e3e8-49a2-9555-3f6a7839613e\"'),
('entryTypes.28c7f5ca-4920-4e23-8fd1-369583af47ab.fieldLayouts.6dde28d1-9252-4cd7-85c4-a2cde249afe9.tabs.0.elements.3.instructions', 'null'),
('entryTypes.28c7f5ca-4920-4e23-8fd1-369583af47ab.fieldLayouts.6dde28d1-9252-4cd7-85c4-a2cde249afe9.tabs.0.elements.3.label', 'null'),
('entryTypes.28c7f5ca-4920-4e23-8fd1-369583af47ab.fieldLayouts.6dde28d1-9252-4cd7-85c4-a2cde249afe9.tabs.0.elements.3.required', 'false'),
('entryTypes.28c7f5ca-4920-4e23-8fd1-369583af47ab.fieldLayouts.6dde28d1-9252-4cd7-85c4-a2cde249afe9.tabs.0.elements.3.tip', 'null'),
('entryTypes.28c7f5ca-4920-4e23-8fd1-369583af47ab.fieldLayouts.6dde28d1-9252-4cd7-85c4-a2cde249afe9.tabs.0.elements.3.type', '\"craft\\\\fieldlayoutelements\\\\CustomField\"'),
('entryTypes.28c7f5ca-4920-4e23-8fd1-369583af47ab.fieldLayouts.6dde28d1-9252-4cd7-85c4-a2cde249afe9.tabs.0.elements.3.uid', '\"95e5a1ce-cc33-481a-96b3-1629ff52b5f8\"'),
('entryTypes.28c7f5ca-4920-4e23-8fd1-369583af47ab.fieldLayouts.6dde28d1-9252-4cd7-85c4-a2cde249afe9.tabs.0.elements.3.userCondition', 'null'),
('entryTypes.28c7f5ca-4920-4e23-8fd1-369583af47ab.fieldLayouts.6dde28d1-9252-4cd7-85c4-a2cde249afe9.tabs.0.elements.3.warning', 'null'),
('entryTypes.28c7f5ca-4920-4e23-8fd1-369583af47ab.fieldLayouts.6dde28d1-9252-4cd7-85c4-a2cde249afe9.tabs.0.elements.3.width', '100'),
('entryTypes.28c7f5ca-4920-4e23-8fd1-369583af47ab.fieldLayouts.6dde28d1-9252-4cd7-85c4-a2cde249afe9.tabs.0.elements.4.elementCondition', 'null'),
('entryTypes.28c7f5ca-4920-4e23-8fd1-369583af47ab.fieldLayouts.6dde28d1-9252-4cd7-85c4-a2cde249afe9.tabs.0.elements.4.fieldUid', '\"932d3d9e-80c2-4456-9702-a476fbd8d6be\"'),
('entryTypes.28c7f5ca-4920-4e23-8fd1-369583af47ab.fieldLayouts.6dde28d1-9252-4cd7-85c4-a2cde249afe9.tabs.0.elements.4.instructions', 'null'),
('entryTypes.28c7f5ca-4920-4e23-8fd1-369583af47ab.fieldLayouts.6dde28d1-9252-4cd7-85c4-a2cde249afe9.tabs.0.elements.4.label', 'null'),
('entryTypes.28c7f5ca-4920-4e23-8fd1-369583af47ab.fieldLayouts.6dde28d1-9252-4cd7-85c4-a2cde249afe9.tabs.0.elements.4.required', 'false'),
('entryTypes.28c7f5ca-4920-4e23-8fd1-369583af47ab.fieldLayouts.6dde28d1-9252-4cd7-85c4-a2cde249afe9.tabs.0.elements.4.tip', 'null'),
('entryTypes.28c7f5ca-4920-4e23-8fd1-369583af47ab.fieldLayouts.6dde28d1-9252-4cd7-85c4-a2cde249afe9.tabs.0.elements.4.type', '\"craft\\\\fieldlayoutelements\\\\CustomField\"'),
('entryTypes.28c7f5ca-4920-4e23-8fd1-369583af47ab.fieldLayouts.6dde28d1-9252-4cd7-85c4-a2cde249afe9.tabs.0.elements.4.uid', '\"82761a46-ce0b-41d1-96e8-2a4c42dc943e\"'),
('entryTypes.28c7f5ca-4920-4e23-8fd1-369583af47ab.fieldLayouts.6dde28d1-9252-4cd7-85c4-a2cde249afe9.tabs.0.elements.4.userCondition', 'null'),
('entryTypes.28c7f5ca-4920-4e23-8fd1-369583af47ab.fieldLayouts.6dde28d1-9252-4cd7-85c4-a2cde249afe9.tabs.0.elements.4.warning', 'null'),
('entryTypes.28c7f5ca-4920-4e23-8fd1-369583af47ab.fieldLayouts.6dde28d1-9252-4cd7-85c4-a2cde249afe9.tabs.0.elements.4.width', '100'),
('entryTypes.28c7f5ca-4920-4e23-8fd1-369583af47ab.fieldLayouts.6dde28d1-9252-4cd7-85c4-a2cde249afe9.tabs.0.elements.5.elementCondition', 'null'),
('entryTypes.28c7f5ca-4920-4e23-8fd1-369583af47ab.fieldLayouts.6dde28d1-9252-4cd7-85c4-a2cde249afe9.tabs.0.elements.5.fieldUid', '\"937f08fb-c57a-4702-a099-98dd7db74e7f\"'),
('entryTypes.28c7f5ca-4920-4e23-8fd1-369583af47ab.fieldLayouts.6dde28d1-9252-4cd7-85c4-a2cde249afe9.tabs.0.elements.5.instructions', 'null'),
('entryTypes.28c7f5ca-4920-4e23-8fd1-369583af47ab.fieldLayouts.6dde28d1-9252-4cd7-85c4-a2cde249afe9.tabs.0.elements.5.label', 'null'),
('entryTypes.28c7f5ca-4920-4e23-8fd1-369583af47ab.fieldLayouts.6dde28d1-9252-4cd7-85c4-a2cde249afe9.tabs.0.elements.5.required', 'false'),
('entryTypes.28c7f5ca-4920-4e23-8fd1-369583af47ab.fieldLayouts.6dde28d1-9252-4cd7-85c4-a2cde249afe9.tabs.0.elements.5.tip', 'null'),
('entryTypes.28c7f5ca-4920-4e23-8fd1-369583af47ab.fieldLayouts.6dde28d1-9252-4cd7-85c4-a2cde249afe9.tabs.0.elements.5.type', '\"craft\\\\fieldlayoutelements\\\\CustomField\"'),
('entryTypes.28c7f5ca-4920-4e23-8fd1-369583af47ab.fieldLayouts.6dde28d1-9252-4cd7-85c4-a2cde249afe9.tabs.0.elements.5.uid', '\"473e9e60-15a5-4dbc-a024-ead8257a0914\"'),
('entryTypes.28c7f5ca-4920-4e23-8fd1-369583af47ab.fieldLayouts.6dde28d1-9252-4cd7-85c4-a2cde249afe9.tabs.0.elements.5.userCondition', 'null'),
('entryTypes.28c7f5ca-4920-4e23-8fd1-369583af47ab.fieldLayouts.6dde28d1-9252-4cd7-85c4-a2cde249afe9.tabs.0.elements.5.warning', 'null'),
('entryTypes.28c7f5ca-4920-4e23-8fd1-369583af47ab.fieldLayouts.6dde28d1-9252-4cd7-85c4-a2cde249afe9.tabs.0.elements.5.width', '100'),
('entryTypes.28c7f5ca-4920-4e23-8fd1-369583af47ab.fieldLayouts.6dde28d1-9252-4cd7-85c4-a2cde249afe9.tabs.0.name', '\"Content\"'),
('entryTypes.28c7f5ca-4920-4e23-8fd1-369583af47ab.fieldLayouts.6dde28d1-9252-4cd7-85c4-a2cde249afe9.tabs.0.uid', '\"d285672c-ce88-4ff1-a5ce-8dfc2b8feaae\"'),
('entryTypes.28c7f5ca-4920-4e23-8fd1-369583af47ab.fieldLayouts.6dde28d1-9252-4cd7-85c4-a2cde249afe9.tabs.0.userCondition', 'null'),
('entryTypes.28c7f5ca-4920-4e23-8fd1-369583af47ab.fieldLayouts.6dde28d1-9252-4cd7-85c4-a2cde249afe9.tabs.1.elementCondition', 'null'),
('entryTypes.28c7f5ca-4920-4e23-8fd1-369583af47ab.fieldLayouts.6dde28d1-9252-4cd7-85c4-a2cde249afe9.tabs.1.elements.0.elementCondition', 'null'),
('entryTypes.28c7f5ca-4920-4e23-8fd1-369583af47ab.fieldLayouts.6dde28d1-9252-4cd7-85c4-a2cde249afe9.tabs.1.elements.0.fieldUid', '\"6b186c3a-d3e2-4d9b-b349-b37fb2fd2227\"'),
('entryTypes.28c7f5ca-4920-4e23-8fd1-369583af47ab.fieldLayouts.6dde28d1-9252-4cd7-85c4-a2cde249afe9.tabs.1.elements.0.instructions', 'null'),
('entryTypes.28c7f5ca-4920-4e23-8fd1-369583af47ab.fieldLayouts.6dde28d1-9252-4cd7-85c4-a2cde249afe9.tabs.1.elements.0.label', 'null'),
('entryTypes.28c7f5ca-4920-4e23-8fd1-369583af47ab.fieldLayouts.6dde28d1-9252-4cd7-85c4-a2cde249afe9.tabs.1.elements.0.required', 'false'),
('entryTypes.28c7f5ca-4920-4e23-8fd1-369583af47ab.fieldLayouts.6dde28d1-9252-4cd7-85c4-a2cde249afe9.tabs.1.elements.0.tip', 'null'),
('entryTypes.28c7f5ca-4920-4e23-8fd1-369583af47ab.fieldLayouts.6dde28d1-9252-4cd7-85c4-a2cde249afe9.tabs.1.elements.0.type', '\"craft\\\\fieldlayoutelements\\\\CustomField\"'),
('entryTypes.28c7f5ca-4920-4e23-8fd1-369583af47ab.fieldLayouts.6dde28d1-9252-4cd7-85c4-a2cde249afe9.tabs.1.elements.0.uid', '\"c255939a-82a4-4b64-9f53-3bebe3ece8da\"'),
('entryTypes.28c7f5ca-4920-4e23-8fd1-369583af47ab.fieldLayouts.6dde28d1-9252-4cd7-85c4-a2cde249afe9.tabs.1.elements.0.userCondition', 'null'),
('entryTypes.28c7f5ca-4920-4e23-8fd1-369583af47ab.fieldLayouts.6dde28d1-9252-4cd7-85c4-a2cde249afe9.tabs.1.elements.0.warning', 'null'),
('entryTypes.28c7f5ca-4920-4e23-8fd1-369583af47ab.fieldLayouts.6dde28d1-9252-4cd7-85c4-a2cde249afe9.tabs.1.elements.0.width', '100'),
('entryTypes.28c7f5ca-4920-4e23-8fd1-369583af47ab.fieldLayouts.6dde28d1-9252-4cd7-85c4-a2cde249afe9.tabs.1.elements.1.elementCondition', 'null'),
('entryTypes.28c7f5ca-4920-4e23-8fd1-369583af47ab.fieldLayouts.6dde28d1-9252-4cd7-85c4-a2cde249afe9.tabs.1.elements.1.fieldUid', '\"a9064f86-9264-425f-9101-7268b79f4974\"'),
('entryTypes.28c7f5ca-4920-4e23-8fd1-369583af47ab.fieldLayouts.6dde28d1-9252-4cd7-85c4-a2cde249afe9.tabs.1.elements.1.instructions', 'null'),
('entryTypes.28c7f5ca-4920-4e23-8fd1-369583af47ab.fieldLayouts.6dde28d1-9252-4cd7-85c4-a2cde249afe9.tabs.1.elements.1.label', 'null'),
('entryTypes.28c7f5ca-4920-4e23-8fd1-369583af47ab.fieldLayouts.6dde28d1-9252-4cd7-85c4-a2cde249afe9.tabs.1.elements.1.required', 'false'),
('entryTypes.28c7f5ca-4920-4e23-8fd1-369583af47ab.fieldLayouts.6dde28d1-9252-4cd7-85c4-a2cde249afe9.tabs.1.elements.1.tip', 'null'),
('entryTypes.28c7f5ca-4920-4e23-8fd1-369583af47ab.fieldLayouts.6dde28d1-9252-4cd7-85c4-a2cde249afe9.tabs.1.elements.1.type', '\"craft\\\\fieldlayoutelements\\\\CustomField\"'),
('entryTypes.28c7f5ca-4920-4e23-8fd1-369583af47ab.fieldLayouts.6dde28d1-9252-4cd7-85c4-a2cde249afe9.tabs.1.elements.1.uid', '\"3ad51683-9fdb-4742-959f-1431660ccda4\"'),
('entryTypes.28c7f5ca-4920-4e23-8fd1-369583af47ab.fieldLayouts.6dde28d1-9252-4cd7-85c4-a2cde249afe9.tabs.1.elements.1.userCondition', 'null'),
('entryTypes.28c7f5ca-4920-4e23-8fd1-369583af47ab.fieldLayouts.6dde28d1-9252-4cd7-85c4-a2cde249afe9.tabs.1.elements.1.warning', 'null'),
('entryTypes.28c7f5ca-4920-4e23-8fd1-369583af47ab.fieldLayouts.6dde28d1-9252-4cd7-85c4-a2cde249afe9.tabs.1.elements.1.width', '100'),
('entryTypes.28c7f5ca-4920-4e23-8fd1-369583af47ab.fieldLayouts.6dde28d1-9252-4cd7-85c4-a2cde249afe9.tabs.1.name', '\"Header\"'),
('entryTypes.28c7f5ca-4920-4e23-8fd1-369583af47ab.fieldLayouts.6dde28d1-9252-4cd7-85c4-a2cde249afe9.tabs.1.uid', '\"f4538eb4-35a1-492e-a1f5-4411fa208746\"'),
('entryTypes.28c7f5ca-4920-4e23-8fd1-369583af47ab.fieldLayouts.6dde28d1-9252-4cd7-85c4-a2cde249afe9.tabs.1.userCondition', 'null'),
('entryTypes.28c7f5ca-4920-4e23-8fd1-369583af47ab.fieldLayouts.6dde28d1-9252-4cd7-85c4-a2cde249afe9.tabs.2.elementCondition', 'null'),
('entryTypes.28c7f5ca-4920-4e23-8fd1-369583af47ab.fieldLayouts.6dde28d1-9252-4cd7-85c4-a2cde249afe9.tabs.2.elements.0.elementCondition', 'null'),
('entryTypes.28c7f5ca-4920-4e23-8fd1-369583af47ab.fieldLayouts.6dde28d1-9252-4cd7-85c4-a2cde249afe9.tabs.2.elements.0.fieldUid', '\"c454d863-60f4-46a6-a8f3-51bc5e3e2db8\"'),
('entryTypes.28c7f5ca-4920-4e23-8fd1-369583af47ab.fieldLayouts.6dde28d1-9252-4cd7-85c4-a2cde249afe9.tabs.2.elements.0.instructions', 'null'),
('entryTypes.28c7f5ca-4920-4e23-8fd1-369583af47ab.fieldLayouts.6dde28d1-9252-4cd7-85c4-a2cde249afe9.tabs.2.elements.0.label', 'null'),
('entryTypes.28c7f5ca-4920-4e23-8fd1-369583af47ab.fieldLayouts.6dde28d1-9252-4cd7-85c4-a2cde249afe9.tabs.2.elements.0.required', 'false'),
('entryTypes.28c7f5ca-4920-4e23-8fd1-369583af47ab.fieldLayouts.6dde28d1-9252-4cd7-85c4-a2cde249afe9.tabs.2.elements.0.tip', 'null'),
('entryTypes.28c7f5ca-4920-4e23-8fd1-369583af47ab.fieldLayouts.6dde28d1-9252-4cd7-85c4-a2cde249afe9.tabs.2.elements.0.type', '\"craft\\\\fieldlayoutelements\\\\CustomField\"'),
('entryTypes.28c7f5ca-4920-4e23-8fd1-369583af47ab.fieldLayouts.6dde28d1-9252-4cd7-85c4-a2cde249afe9.tabs.2.elements.0.uid', '\"50aaac87-bbdc-4614-a614-c1c53614a497\"'),
('entryTypes.28c7f5ca-4920-4e23-8fd1-369583af47ab.fieldLayouts.6dde28d1-9252-4cd7-85c4-a2cde249afe9.tabs.2.elements.0.userCondition', 'null'),
('entryTypes.28c7f5ca-4920-4e23-8fd1-369583af47ab.fieldLayouts.6dde28d1-9252-4cd7-85c4-a2cde249afe9.tabs.2.elements.0.warning', 'null'),
('entryTypes.28c7f5ca-4920-4e23-8fd1-369583af47ab.fieldLayouts.6dde28d1-9252-4cd7-85c4-a2cde249afe9.tabs.2.elements.0.width', '100'),
('entryTypes.28c7f5ca-4920-4e23-8fd1-369583af47ab.fieldLayouts.6dde28d1-9252-4cd7-85c4-a2cde249afe9.tabs.2.name', '\"Navigation\"'),
('entryTypes.28c7f5ca-4920-4e23-8fd1-369583af47ab.fieldLayouts.6dde28d1-9252-4cd7-85c4-a2cde249afe9.tabs.2.uid', '\"65061cd9-cfb5-4ca9-999c-ec21d4472ca9\"'),
('entryTypes.28c7f5ca-4920-4e23-8fd1-369583af47ab.fieldLayouts.6dde28d1-9252-4cd7-85c4-a2cde249afe9.tabs.2.userCondition', 'null'),
('entryTypes.28c7f5ca-4920-4e23-8fd1-369583af47ab.fieldLayouts.6dde28d1-9252-4cd7-85c4-a2cde249afe9.tabs.3.elementCondition', 'null'),
('entryTypes.28c7f5ca-4920-4e23-8fd1-369583af47ab.fieldLayouts.6dde28d1-9252-4cd7-85c4-a2cde249afe9.tabs.3.elements.0.elementCondition', 'null'),
('entryTypes.28c7f5ca-4920-4e23-8fd1-369583af47ab.fieldLayouts.6dde28d1-9252-4cd7-85c4-a2cde249afe9.tabs.3.elements.0.fieldUid', '\"95efe7fb-840a-4c0c-818b-f44d3458d1b4\"'),
('entryTypes.28c7f5ca-4920-4e23-8fd1-369583af47ab.fieldLayouts.6dde28d1-9252-4cd7-85c4-a2cde249afe9.tabs.3.elements.0.instructions', 'null'),
('entryTypes.28c7f5ca-4920-4e23-8fd1-369583af47ab.fieldLayouts.6dde28d1-9252-4cd7-85c4-a2cde249afe9.tabs.3.elements.0.label', 'null'),
('entryTypes.28c7f5ca-4920-4e23-8fd1-369583af47ab.fieldLayouts.6dde28d1-9252-4cd7-85c4-a2cde249afe9.tabs.3.elements.0.required', 'false'),
('entryTypes.28c7f5ca-4920-4e23-8fd1-369583af47ab.fieldLayouts.6dde28d1-9252-4cd7-85c4-a2cde249afe9.tabs.3.elements.0.tip', 'null'),
('entryTypes.28c7f5ca-4920-4e23-8fd1-369583af47ab.fieldLayouts.6dde28d1-9252-4cd7-85c4-a2cde249afe9.tabs.3.elements.0.type', '\"craft\\\\fieldlayoutelements\\\\CustomField\"'),
('entryTypes.28c7f5ca-4920-4e23-8fd1-369583af47ab.fieldLayouts.6dde28d1-9252-4cd7-85c4-a2cde249afe9.tabs.3.elements.0.uid', '\"b6a86ffe-2e06-4f7c-a668-386502415e85\"'),
('entryTypes.28c7f5ca-4920-4e23-8fd1-369583af47ab.fieldLayouts.6dde28d1-9252-4cd7-85c4-a2cde249afe9.tabs.3.elements.0.userCondition', 'null'),
('entryTypes.28c7f5ca-4920-4e23-8fd1-369583af47ab.fieldLayouts.6dde28d1-9252-4cd7-85c4-a2cde249afe9.tabs.3.elements.0.warning', 'null'),
('entryTypes.28c7f5ca-4920-4e23-8fd1-369583af47ab.fieldLayouts.6dde28d1-9252-4cd7-85c4-a2cde249afe9.tabs.3.elements.0.width', '100'),
('entryTypes.28c7f5ca-4920-4e23-8fd1-369583af47ab.fieldLayouts.6dde28d1-9252-4cd7-85c4-a2cde249afe9.tabs.3.name', '\"SEO\"'),
('entryTypes.28c7f5ca-4920-4e23-8fd1-369583af47ab.fieldLayouts.6dde28d1-9252-4cd7-85c4-a2cde249afe9.tabs.3.uid', '\"aa5dad13-cdfb-4ff2-9e06-f137c66b8b60\"'),
('entryTypes.28c7f5ca-4920-4e23-8fd1-369583af47ab.fieldLayouts.6dde28d1-9252-4cd7-85c4-a2cde249afe9.tabs.3.userCondition', 'null'),
('entryTypes.28c7f5ca-4920-4e23-8fd1-369583af47ab.handle', '\"home\"'),
('entryTypes.28c7f5ca-4920-4e23-8fd1-369583af47ab.hasTitleField', 'true'),
('entryTypes.28c7f5ca-4920-4e23-8fd1-369583af47ab.name', '\"Home\"'),
('entryTypes.28c7f5ca-4920-4e23-8fd1-369583af47ab.section', '\"0cb8f772-dc44-4b7e-9676-63945bf54cb7\"'),
('entryTypes.28c7f5ca-4920-4e23-8fd1-369583af47ab.sortOrder', '1'),
('entryTypes.28c7f5ca-4920-4e23-8fd1-369583af47ab.titleFormat', 'null'),
('entryTypes.28c7f5ca-4920-4e23-8fd1-369583af47ab.titleTranslationKeyFormat', 'null'),
('entryTypes.28c7f5ca-4920-4e23-8fd1-369583af47ab.titleTranslationMethod', '\"site\"'),
('entryTypes.60672f45-b489-43b1-b11c-dab8706a43b7.fieldLayouts.9642a87c-37f7-4d90-9aae-2f90a6bd682e.tabs.0.elementCondition', 'null'),
('entryTypes.60672f45-b489-43b1-b11c-dab8706a43b7.fieldLayouts.9642a87c-37f7-4d90-9aae-2f90a6bd682e.tabs.0.elements.0.autocapitalize', 'true'),
('entryTypes.60672f45-b489-43b1-b11c-dab8706a43b7.fieldLayouts.9642a87c-37f7-4d90-9aae-2f90a6bd682e.tabs.0.elements.0.autocomplete', 'false'),
('entryTypes.60672f45-b489-43b1-b11c-dab8706a43b7.fieldLayouts.9642a87c-37f7-4d90-9aae-2f90a6bd682e.tabs.0.elements.0.autocorrect', 'true'),
('entryTypes.60672f45-b489-43b1-b11c-dab8706a43b7.fieldLayouts.9642a87c-37f7-4d90-9aae-2f90a6bd682e.tabs.0.elements.0.class', 'null'),
('entryTypes.60672f45-b489-43b1-b11c-dab8706a43b7.fieldLayouts.9642a87c-37f7-4d90-9aae-2f90a6bd682e.tabs.0.elements.0.disabled', 'false'),
('entryTypes.60672f45-b489-43b1-b11c-dab8706a43b7.fieldLayouts.9642a87c-37f7-4d90-9aae-2f90a6bd682e.tabs.0.elements.0.elementCondition', 'null'),
('entryTypes.60672f45-b489-43b1-b11c-dab8706a43b7.fieldLayouts.9642a87c-37f7-4d90-9aae-2f90a6bd682e.tabs.0.elements.0.id', 'null'),
('entryTypes.60672f45-b489-43b1-b11c-dab8706a43b7.fieldLayouts.9642a87c-37f7-4d90-9aae-2f90a6bd682e.tabs.0.elements.0.instructions', 'null'),
('entryTypes.60672f45-b489-43b1-b11c-dab8706a43b7.fieldLayouts.9642a87c-37f7-4d90-9aae-2f90a6bd682e.tabs.0.elements.0.label', 'null'),
('entryTypes.60672f45-b489-43b1-b11c-dab8706a43b7.fieldLayouts.9642a87c-37f7-4d90-9aae-2f90a6bd682e.tabs.0.elements.0.max', 'null'),
('entryTypes.60672f45-b489-43b1-b11c-dab8706a43b7.fieldLayouts.9642a87c-37f7-4d90-9aae-2f90a6bd682e.tabs.0.elements.0.min', 'null'),
('entryTypes.60672f45-b489-43b1-b11c-dab8706a43b7.fieldLayouts.9642a87c-37f7-4d90-9aae-2f90a6bd682e.tabs.0.elements.0.name', 'null'),
('entryTypes.60672f45-b489-43b1-b11c-dab8706a43b7.fieldLayouts.9642a87c-37f7-4d90-9aae-2f90a6bd682e.tabs.0.elements.0.orientation', 'null'),
('entryTypes.60672f45-b489-43b1-b11c-dab8706a43b7.fieldLayouts.9642a87c-37f7-4d90-9aae-2f90a6bd682e.tabs.0.elements.0.placeholder', 'null'),
('entryTypes.60672f45-b489-43b1-b11c-dab8706a43b7.fieldLayouts.9642a87c-37f7-4d90-9aae-2f90a6bd682e.tabs.0.elements.0.readonly', 'false'),
('entryTypes.60672f45-b489-43b1-b11c-dab8706a43b7.fieldLayouts.9642a87c-37f7-4d90-9aae-2f90a6bd682e.tabs.0.elements.0.requirable', 'false'),
('entryTypes.60672f45-b489-43b1-b11c-dab8706a43b7.fieldLayouts.9642a87c-37f7-4d90-9aae-2f90a6bd682e.tabs.0.elements.0.size', 'null'),
('entryTypes.60672f45-b489-43b1-b11c-dab8706a43b7.fieldLayouts.9642a87c-37f7-4d90-9aae-2f90a6bd682e.tabs.0.elements.0.step', 'null'),
('entryTypes.60672f45-b489-43b1-b11c-dab8706a43b7.fieldLayouts.9642a87c-37f7-4d90-9aae-2f90a6bd682e.tabs.0.elements.0.tip', 'null'),
('entryTypes.60672f45-b489-43b1-b11c-dab8706a43b7.fieldLayouts.9642a87c-37f7-4d90-9aae-2f90a6bd682e.tabs.0.elements.0.title', 'null'),
('entryTypes.60672f45-b489-43b1-b11c-dab8706a43b7.fieldLayouts.9642a87c-37f7-4d90-9aae-2f90a6bd682e.tabs.0.elements.0.type', '\"craft\\\\fieldlayoutelements\\\\entries\\\\EntryTitleField\"'),
('entryTypes.60672f45-b489-43b1-b11c-dab8706a43b7.fieldLayouts.9642a87c-37f7-4d90-9aae-2f90a6bd682e.tabs.0.elements.0.uid', '\"0c913aed-48a0-4add-8e8b-73a7d5fd0513\"'),
('entryTypes.60672f45-b489-43b1-b11c-dab8706a43b7.fieldLayouts.9642a87c-37f7-4d90-9aae-2f90a6bd682e.tabs.0.elements.0.userCondition', 'null'),
('entryTypes.60672f45-b489-43b1-b11c-dab8706a43b7.fieldLayouts.9642a87c-37f7-4d90-9aae-2f90a6bd682e.tabs.0.elements.0.warning', 'null'),
('entryTypes.60672f45-b489-43b1-b11c-dab8706a43b7.fieldLayouts.9642a87c-37f7-4d90-9aae-2f90a6bd682e.tabs.0.elements.0.width', '100'),
('entryTypes.60672f45-b489-43b1-b11c-dab8706a43b7.fieldLayouts.9642a87c-37f7-4d90-9aae-2f90a6bd682e.tabs.0.elements.1.elementCondition', 'null'),
('entryTypes.60672f45-b489-43b1-b11c-dab8706a43b7.fieldLayouts.9642a87c-37f7-4d90-9aae-2f90a6bd682e.tabs.0.elements.1.fieldUid', '\"76140e88-ea52-4bcd-9518-7dab11324050\"'),
('entryTypes.60672f45-b489-43b1-b11c-dab8706a43b7.fieldLayouts.9642a87c-37f7-4d90-9aae-2f90a6bd682e.tabs.0.elements.1.instructions', 'null'),
('entryTypes.60672f45-b489-43b1-b11c-dab8706a43b7.fieldLayouts.9642a87c-37f7-4d90-9aae-2f90a6bd682e.tabs.0.elements.1.label', 'null'),
('entryTypes.60672f45-b489-43b1-b11c-dab8706a43b7.fieldLayouts.9642a87c-37f7-4d90-9aae-2f90a6bd682e.tabs.0.elements.1.required', 'false'),
('entryTypes.60672f45-b489-43b1-b11c-dab8706a43b7.fieldLayouts.9642a87c-37f7-4d90-9aae-2f90a6bd682e.tabs.0.elements.1.tip', 'null'),
('entryTypes.60672f45-b489-43b1-b11c-dab8706a43b7.fieldLayouts.9642a87c-37f7-4d90-9aae-2f90a6bd682e.tabs.0.elements.1.type', '\"craft\\\\fieldlayoutelements\\\\CustomField\"'),
('entryTypes.60672f45-b489-43b1-b11c-dab8706a43b7.fieldLayouts.9642a87c-37f7-4d90-9aae-2f90a6bd682e.tabs.0.elements.1.uid', '\"43fb2f77-cb16-484f-8632-fa13c316dd2a\"'),
('entryTypes.60672f45-b489-43b1-b11c-dab8706a43b7.fieldLayouts.9642a87c-37f7-4d90-9aae-2f90a6bd682e.tabs.0.elements.1.userCondition', 'null'),
('entryTypes.60672f45-b489-43b1-b11c-dab8706a43b7.fieldLayouts.9642a87c-37f7-4d90-9aae-2f90a6bd682e.tabs.0.elements.1.warning', 'null'),
('entryTypes.60672f45-b489-43b1-b11c-dab8706a43b7.fieldLayouts.9642a87c-37f7-4d90-9aae-2f90a6bd682e.tabs.0.elements.1.width', '100'),
('entryTypes.60672f45-b489-43b1-b11c-dab8706a43b7.fieldLayouts.9642a87c-37f7-4d90-9aae-2f90a6bd682e.tabs.0.elements.2.elementCondition', 'null'),
('entryTypes.60672f45-b489-43b1-b11c-dab8706a43b7.fieldLayouts.9642a87c-37f7-4d90-9aae-2f90a6bd682e.tabs.0.elements.2.fieldUid', '\"937f08fb-c57a-4702-a099-98dd7db74e7f\"'),
('entryTypes.60672f45-b489-43b1-b11c-dab8706a43b7.fieldLayouts.9642a87c-37f7-4d90-9aae-2f90a6bd682e.tabs.0.elements.2.instructions', 'null'),
('entryTypes.60672f45-b489-43b1-b11c-dab8706a43b7.fieldLayouts.9642a87c-37f7-4d90-9aae-2f90a6bd682e.tabs.0.elements.2.label', 'null'),
('entryTypes.60672f45-b489-43b1-b11c-dab8706a43b7.fieldLayouts.9642a87c-37f7-4d90-9aae-2f90a6bd682e.tabs.0.elements.2.required', 'false'),
('entryTypes.60672f45-b489-43b1-b11c-dab8706a43b7.fieldLayouts.9642a87c-37f7-4d90-9aae-2f90a6bd682e.tabs.0.elements.2.tip', 'null'),
('entryTypes.60672f45-b489-43b1-b11c-dab8706a43b7.fieldLayouts.9642a87c-37f7-4d90-9aae-2f90a6bd682e.tabs.0.elements.2.type', '\"craft\\\\fieldlayoutelements\\\\CustomField\"'),
('entryTypes.60672f45-b489-43b1-b11c-dab8706a43b7.fieldLayouts.9642a87c-37f7-4d90-9aae-2f90a6bd682e.tabs.0.elements.2.uid', '\"0eb9fb26-65da-45e3-ba2c-0ac1f91491e5\"'),
('entryTypes.60672f45-b489-43b1-b11c-dab8706a43b7.fieldLayouts.9642a87c-37f7-4d90-9aae-2f90a6bd682e.tabs.0.elements.2.userCondition', 'null'),
('entryTypes.60672f45-b489-43b1-b11c-dab8706a43b7.fieldLayouts.9642a87c-37f7-4d90-9aae-2f90a6bd682e.tabs.0.elements.2.warning', 'null'),
('entryTypes.60672f45-b489-43b1-b11c-dab8706a43b7.fieldLayouts.9642a87c-37f7-4d90-9aae-2f90a6bd682e.tabs.0.elements.2.width', '100'),
('entryTypes.60672f45-b489-43b1-b11c-dab8706a43b7.fieldLayouts.9642a87c-37f7-4d90-9aae-2f90a6bd682e.tabs.0.name', '\"Content\"'),
('entryTypes.60672f45-b489-43b1-b11c-dab8706a43b7.fieldLayouts.9642a87c-37f7-4d90-9aae-2f90a6bd682e.tabs.0.uid', '\"8d576c52-0b6a-4dde-8e78-06dda897920d\"'),
('entryTypes.60672f45-b489-43b1-b11c-dab8706a43b7.fieldLayouts.9642a87c-37f7-4d90-9aae-2f90a6bd682e.tabs.0.userCondition', 'null'),
('entryTypes.60672f45-b489-43b1-b11c-dab8706a43b7.fieldLayouts.9642a87c-37f7-4d90-9aae-2f90a6bd682e.tabs.1.elementCondition', 'null'),
('entryTypes.60672f45-b489-43b1-b11c-dab8706a43b7.fieldLayouts.9642a87c-37f7-4d90-9aae-2f90a6bd682e.tabs.1.elements.0.elementCondition', 'null'),
('entryTypes.60672f45-b489-43b1-b11c-dab8706a43b7.fieldLayouts.9642a87c-37f7-4d90-9aae-2f90a6bd682e.tabs.1.elements.0.fieldUid', '\"6b186c3a-d3e2-4d9b-b349-b37fb2fd2227\"'),
('entryTypes.60672f45-b489-43b1-b11c-dab8706a43b7.fieldLayouts.9642a87c-37f7-4d90-9aae-2f90a6bd682e.tabs.1.elements.0.instructions', 'null'),
('entryTypes.60672f45-b489-43b1-b11c-dab8706a43b7.fieldLayouts.9642a87c-37f7-4d90-9aae-2f90a6bd682e.tabs.1.elements.0.label', 'null'),
('entryTypes.60672f45-b489-43b1-b11c-dab8706a43b7.fieldLayouts.9642a87c-37f7-4d90-9aae-2f90a6bd682e.tabs.1.elements.0.required', 'false'),
('entryTypes.60672f45-b489-43b1-b11c-dab8706a43b7.fieldLayouts.9642a87c-37f7-4d90-9aae-2f90a6bd682e.tabs.1.elements.0.tip', 'null'),
('entryTypes.60672f45-b489-43b1-b11c-dab8706a43b7.fieldLayouts.9642a87c-37f7-4d90-9aae-2f90a6bd682e.tabs.1.elements.0.type', '\"craft\\\\fieldlayoutelements\\\\CustomField\"'),
('entryTypes.60672f45-b489-43b1-b11c-dab8706a43b7.fieldLayouts.9642a87c-37f7-4d90-9aae-2f90a6bd682e.tabs.1.elements.0.uid', '\"a60e2a48-006c-4a51-8fb4-f86501b0dc13\"'),
('entryTypes.60672f45-b489-43b1-b11c-dab8706a43b7.fieldLayouts.9642a87c-37f7-4d90-9aae-2f90a6bd682e.tabs.1.elements.0.userCondition', 'null'),
('entryTypes.60672f45-b489-43b1-b11c-dab8706a43b7.fieldLayouts.9642a87c-37f7-4d90-9aae-2f90a6bd682e.tabs.1.elements.0.warning', 'null'),
('entryTypes.60672f45-b489-43b1-b11c-dab8706a43b7.fieldLayouts.9642a87c-37f7-4d90-9aae-2f90a6bd682e.tabs.1.elements.0.width', '100'),
('entryTypes.60672f45-b489-43b1-b11c-dab8706a43b7.fieldLayouts.9642a87c-37f7-4d90-9aae-2f90a6bd682e.tabs.1.elements.1.elementCondition', 'null'),
('entryTypes.60672f45-b489-43b1-b11c-dab8706a43b7.fieldLayouts.9642a87c-37f7-4d90-9aae-2f90a6bd682e.tabs.1.elements.1.fieldUid', '\"1047f1b3-790b-447f-87d5-7726dcba5c67\"'),
('entryTypes.60672f45-b489-43b1-b11c-dab8706a43b7.fieldLayouts.9642a87c-37f7-4d90-9aae-2f90a6bd682e.tabs.1.elements.1.instructions', 'null'),
('entryTypes.60672f45-b489-43b1-b11c-dab8706a43b7.fieldLayouts.9642a87c-37f7-4d90-9aae-2f90a6bd682e.tabs.1.elements.1.label', 'null'),
('entryTypes.60672f45-b489-43b1-b11c-dab8706a43b7.fieldLayouts.9642a87c-37f7-4d90-9aae-2f90a6bd682e.tabs.1.elements.1.required', 'false'),
('entryTypes.60672f45-b489-43b1-b11c-dab8706a43b7.fieldLayouts.9642a87c-37f7-4d90-9aae-2f90a6bd682e.tabs.1.elements.1.tip', 'null'),
('entryTypes.60672f45-b489-43b1-b11c-dab8706a43b7.fieldLayouts.9642a87c-37f7-4d90-9aae-2f90a6bd682e.tabs.1.elements.1.type', '\"craft\\\\fieldlayoutelements\\\\CustomField\"'),
('entryTypes.60672f45-b489-43b1-b11c-dab8706a43b7.fieldLayouts.9642a87c-37f7-4d90-9aae-2f90a6bd682e.tabs.1.elements.1.uid', '\"b7c1dabd-ddec-4b25-9cfa-1a466a827d04\"'),
('entryTypes.60672f45-b489-43b1-b11c-dab8706a43b7.fieldLayouts.9642a87c-37f7-4d90-9aae-2f90a6bd682e.tabs.1.elements.1.userCondition', 'null'),
('entryTypes.60672f45-b489-43b1-b11c-dab8706a43b7.fieldLayouts.9642a87c-37f7-4d90-9aae-2f90a6bd682e.tabs.1.elements.1.warning', 'null'),
('entryTypes.60672f45-b489-43b1-b11c-dab8706a43b7.fieldLayouts.9642a87c-37f7-4d90-9aae-2f90a6bd682e.tabs.1.elements.1.width', '100'),
('entryTypes.60672f45-b489-43b1-b11c-dab8706a43b7.fieldLayouts.9642a87c-37f7-4d90-9aae-2f90a6bd682e.tabs.1.name', '\"Header\"'),
('entryTypes.60672f45-b489-43b1-b11c-dab8706a43b7.fieldLayouts.9642a87c-37f7-4d90-9aae-2f90a6bd682e.tabs.1.uid', '\"a94f9e87-f8c1-49c1-a66e-1feaf8b6678d\"'),
('entryTypes.60672f45-b489-43b1-b11c-dab8706a43b7.fieldLayouts.9642a87c-37f7-4d90-9aae-2f90a6bd682e.tabs.1.userCondition', 'null'),
('entryTypes.60672f45-b489-43b1-b11c-dab8706a43b7.fieldLayouts.9642a87c-37f7-4d90-9aae-2f90a6bd682e.tabs.2.elementCondition', 'null'),
('entryTypes.60672f45-b489-43b1-b11c-dab8706a43b7.fieldLayouts.9642a87c-37f7-4d90-9aae-2f90a6bd682e.tabs.2.elements.0.elementCondition', 'null'),
('entryTypes.60672f45-b489-43b1-b11c-dab8706a43b7.fieldLayouts.9642a87c-37f7-4d90-9aae-2f90a6bd682e.tabs.2.elements.0.fieldUid', '\"c454d863-60f4-46a6-a8f3-51bc5e3e2db8\"'),
('entryTypes.60672f45-b489-43b1-b11c-dab8706a43b7.fieldLayouts.9642a87c-37f7-4d90-9aae-2f90a6bd682e.tabs.2.elements.0.instructions', 'null'),
('entryTypes.60672f45-b489-43b1-b11c-dab8706a43b7.fieldLayouts.9642a87c-37f7-4d90-9aae-2f90a6bd682e.tabs.2.elements.0.label', 'null'),
('entryTypes.60672f45-b489-43b1-b11c-dab8706a43b7.fieldLayouts.9642a87c-37f7-4d90-9aae-2f90a6bd682e.tabs.2.elements.0.required', 'false'),
('entryTypes.60672f45-b489-43b1-b11c-dab8706a43b7.fieldLayouts.9642a87c-37f7-4d90-9aae-2f90a6bd682e.tabs.2.elements.0.tip', 'null'),
('entryTypes.60672f45-b489-43b1-b11c-dab8706a43b7.fieldLayouts.9642a87c-37f7-4d90-9aae-2f90a6bd682e.tabs.2.elements.0.type', '\"craft\\\\fieldlayoutelements\\\\CustomField\"'),
('entryTypes.60672f45-b489-43b1-b11c-dab8706a43b7.fieldLayouts.9642a87c-37f7-4d90-9aae-2f90a6bd682e.tabs.2.elements.0.uid', '\"8fc578cf-2558-49eb-9ee5-53e694de0f66\"'),
('entryTypes.60672f45-b489-43b1-b11c-dab8706a43b7.fieldLayouts.9642a87c-37f7-4d90-9aae-2f90a6bd682e.tabs.2.elements.0.userCondition', 'null'),
('entryTypes.60672f45-b489-43b1-b11c-dab8706a43b7.fieldLayouts.9642a87c-37f7-4d90-9aae-2f90a6bd682e.tabs.2.elements.0.warning', 'null'),
('entryTypes.60672f45-b489-43b1-b11c-dab8706a43b7.fieldLayouts.9642a87c-37f7-4d90-9aae-2f90a6bd682e.tabs.2.elements.0.width', '100'),
('entryTypes.60672f45-b489-43b1-b11c-dab8706a43b7.fieldLayouts.9642a87c-37f7-4d90-9aae-2f90a6bd682e.tabs.2.name', '\"Navigation\"'),
('entryTypes.60672f45-b489-43b1-b11c-dab8706a43b7.fieldLayouts.9642a87c-37f7-4d90-9aae-2f90a6bd682e.tabs.2.uid', '\"214b18dd-76fb-489a-af8f-4eaa105c11dd\"'),
('entryTypes.60672f45-b489-43b1-b11c-dab8706a43b7.fieldLayouts.9642a87c-37f7-4d90-9aae-2f90a6bd682e.tabs.2.userCondition', 'null'),
('entryTypes.60672f45-b489-43b1-b11c-dab8706a43b7.fieldLayouts.9642a87c-37f7-4d90-9aae-2f90a6bd682e.tabs.3.elementCondition', 'null'),
('entryTypes.60672f45-b489-43b1-b11c-dab8706a43b7.fieldLayouts.9642a87c-37f7-4d90-9aae-2f90a6bd682e.tabs.3.elements.0.elementCondition', 'null'),
('entryTypes.60672f45-b489-43b1-b11c-dab8706a43b7.fieldLayouts.9642a87c-37f7-4d90-9aae-2f90a6bd682e.tabs.3.elements.0.fieldUid', '\"95efe7fb-840a-4c0c-818b-f44d3458d1b4\"'),
('entryTypes.60672f45-b489-43b1-b11c-dab8706a43b7.fieldLayouts.9642a87c-37f7-4d90-9aae-2f90a6bd682e.tabs.3.elements.0.instructions', 'null'),
('entryTypes.60672f45-b489-43b1-b11c-dab8706a43b7.fieldLayouts.9642a87c-37f7-4d90-9aae-2f90a6bd682e.tabs.3.elements.0.label', 'null'),
('entryTypes.60672f45-b489-43b1-b11c-dab8706a43b7.fieldLayouts.9642a87c-37f7-4d90-9aae-2f90a6bd682e.tabs.3.elements.0.required', 'false'),
('entryTypes.60672f45-b489-43b1-b11c-dab8706a43b7.fieldLayouts.9642a87c-37f7-4d90-9aae-2f90a6bd682e.tabs.3.elements.0.tip', 'null'),
('entryTypes.60672f45-b489-43b1-b11c-dab8706a43b7.fieldLayouts.9642a87c-37f7-4d90-9aae-2f90a6bd682e.tabs.3.elements.0.type', '\"craft\\\\fieldlayoutelements\\\\CustomField\"'),
('entryTypes.60672f45-b489-43b1-b11c-dab8706a43b7.fieldLayouts.9642a87c-37f7-4d90-9aae-2f90a6bd682e.tabs.3.elements.0.uid', '\"e1618829-d1d2-4da8-85d3-7e989b880a4d\"'),
('entryTypes.60672f45-b489-43b1-b11c-dab8706a43b7.fieldLayouts.9642a87c-37f7-4d90-9aae-2f90a6bd682e.tabs.3.elements.0.userCondition', 'null'),
('entryTypes.60672f45-b489-43b1-b11c-dab8706a43b7.fieldLayouts.9642a87c-37f7-4d90-9aae-2f90a6bd682e.tabs.3.elements.0.warning', 'null'),
('entryTypes.60672f45-b489-43b1-b11c-dab8706a43b7.fieldLayouts.9642a87c-37f7-4d90-9aae-2f90a6bd682e.tabs.3.elements.0.width', '100'),
('entryTypes.60672f45-b489-43b1-b11c-dab8706a43b7.fieldLayouts.9642a87c-37f7-4d90-9aae-2f90a6bd682e.tabs.3.name', '\"SEO\"'),
('entryTypes.60672f45-b489-43b1-b11c-dab8706a43b7.fieldLayouts.9642a87c-37f7-4d90-9aae-2f90a6bd682e.tabs.3.uid', '\"8eaa6ec0-a65d-4859-a486-b6571720e73e\"'),
('entryTypes.60672f45-b489-43b1-b11c-dab8706a43b7.fieldLayouts.9642a87c-37f7-4d90-9aae-2f90a6bd682e.tabs.3.userCondition', 'null'),
('entryTypes.60672f45-b489-43b1-b11c-dab8706a43b7.handle', '\"page\"'),
('entryTypes.60672f45-b489-43b1-b11c-dab8706a43b7.hasTitleField', 'true'),
('entryTypes.60672f45-b489-43b1-b11c-dab8706a43b7.name', '\"Page\"'),
('entryTypes.60672f45-b489-43b1-b11c-dab8706a43b7.section', '\"0cb8f772-dc44-4b7e-9676-63945bf54cb7\"'),
('entryTypes.60672f45-b489-43b1-b11c-dab8706a43b7.sortOrder', '2'),
('entryTypes.60672f45-b489-43b1-b11c-dab8706a43b7.titleFormat', 'null'),
('entryTypes.60672f45-b489-43b1-b11c-dab8706a43b7.titleTranslationKeyFormat', 'null'),
('entryTypes.60672f45-b489-43b1-b11c-dab8706a43b7.titleTranslationMethod', '\"site\"'),
('entryTypes.64df5511-450c-476f-bad5-c8bdb50a32d8.fieldLayouts.12adbcee-9deb-4977-905f-880b27bbca43.tabs.0.elementCondition', 'null'),
('entryTypes.64df5511-450c-476f-bad5-c8bdb50a32d8.fieldLayouts.12adbcee-9deb-4977-905f-880b27bbca43.tabs.0.elements.0.autocapitalize', 'true'),
('entryTypes.64df5511-450c-476f-bad5-c8bdb50a32d8.fieldLayouts.12adbcee-9deb-4977-905f-880b27bbca43.tabs.0.elements.0.autocomplete', 'false'),
('entryTypes.64df5511-450c-476f-bad5-c8bdb50a32d8.fieldLayouts.12adbcee-9deb-4977-905f-880b27bbca43.tabs.0.elements.0.autocorrect', 'true'),
('entryTypes.64df5511-450c-476f-bad5-c8bdb50a32d8.fieldLayouts.12adbcee-9deb-4977-905f-880b27bbca43.tabs.0.elements.0.class', 'null'),
('entryTypes.64df5511-450c-476f-bad5-c8bdb50a32d8.fieldLayouts.12adbcee-9deb-4977-905f-880b27bbca43.tabs.0.elements.0.disabled', 'false'),
('entryTypes.64df5511-450c-476f-bad5-c8bdb50a32d8.fieldLayouts.12adbcee-9deb-4977-905f-880b27bbca43.tabs.0.elements.0.elementCondition', 'null'),
('entryTypes.64df5511-450c-476f-bad5-c8bdb50a32d8.fieldLayouts.12adbcee-9deb-4977-905f-880b27bbca43.tabs.0.elements.0.id', 'null'),
('entryTypes.64df5511-450c-476f-bad5-c8bdb50a32d8.fieldLayouts.12adbcee-9deb-4977-905f-880b27bbca43.tabs.0.elements.0.instructions', 'null'),
('entryTypes.64df5511-450c-476f-bad5-c8bdb50a32d8.fieldLayouts.12adbcee-9deb-4977-905f-880b27bbca43.tabs.0.elements.0.label', 'null'),
('entryTypes.64df5511-450c-476f-bad5-c8bdb50a32d8.fieldLayouts.12adbcee-9deb-4977-905f-880b27bbca43.tabs.0.elements.0.max', 'null'),
('entryTypes.64df5511-450c-476f-bad5-c8bdb50a32d8.fieldLayouts.12adbcee-9deb-4977-905f-880b27bbca43.tabs.0.elements.0.min', 'null'),
('entryTypes.64df5511-450c-476f-bad5-c8bdb50a32d8.fieldLayouts.12adbcee-9deb-4977-905f-880b27bbca43.tabs.0.elements.0.name', 'null'),
('entryTypes.64df5511-450c-476f-bad5-c8bdb50a32d8.fieldLayouts.12adbcee-9deb-4977-905f-880b27bbca43.tabs.0.elements.0.orientation', 'null'),
('entryTypes.64df5511-450c-476f-bad5-c8bdb50a32d8.fieldLayouts.12adbcee-9deb-4977-905f-880b27bbca43.tabs.0.elements.0.placeholder', 'null'),
('entryTypes.64df5511-450c-476f-bad5-c8bdb50a32d8.fieldLayouts.12adbcee-9deb-4977-905f-880b27bbca43.tabs.0.elements.0.readonly', 'false'),
('entryTypes.64df5511-450c-476f-bad5-c8bdb50a32d8.fieldLayouts.12adbcee-9deb-4977-905f-880b27bbca43.tabs.0.elements.0.requirable', 'false'),
('entryTypes.64df5511-450c-476f-bad5-c8bdb50a32d8.fieldLayouts.12adbcee-9deb-4977-905f-880b27bbca43.tabs.0.elements.0.size', 'null'),
('entryTypes.64df5511-450c-476f-bad5-c8bdb50a32d8.fieldLayouts.12adbcee-9deb-4977-905f-880b27bbca43.tabs.0.elements.0.step', 'null'),
('entryTypes.64df5511-450c-476f-bad5-c8bdb50a32d8.fieldLayouts.12adbcee-9deb-4977-905f-880b27bbca43.tabs.0.elements.0.tip', 'null'),
('entryTypes.64df5511-450c-476f-bad5-c8bdb50a32d8.fieldLayouts.12adbcee-9deb-4977-905f-880b27bbca43.tabs.0.elements.0.title', 'null'),
('entryTypes.64df5511-450c-476f-bad5-c8bdb50a32d8.fieldLayouts.12adbcee-9deb-4977-905f-880b27bbca43.tabs.0.elements.0.type', '\"craft\\\\fieldlayoutelements\\\\entries\\\\EntryTitleField\"'),
('entryTypes.64df5511-450c-476f-bad5-c8bdb50a32d8.fieldLayouts.12adbcee-9deb-4977-905f-880b27bbca43.tabs.0.elements.0.uid', '\"84532b36-92d3-42dc-9321-8f98d8c84d85\"'),
('entryTypes.64df5511-450c-476f-bad5-c8bdb50a32d8.fieldLayouts.12adbcee-9deb-4977-905f-880b27bbca43.tabs.0.elements.0.userCondition', 'null'),
('entryTypes.64df5511-450c-476f-bad5-c8bdb50a32d8.fieldLayouts.12adbcee-9deb-4977-905f-880b27bbca43.tabs.0.elements.0.warning', 'null'),
('entryTypes.64df5511-450c-476f-bad5-c8bdb50a32d8.fieldLayouts.12adbcee-9deb-4977-905f-880b27bbca43.tabs.0.elements.0.width', '100'),
('entryTypes.64df5511-450c-476f-bad5-c8bdb50a32d8.fieldLayouts.12adbcee-9deb-4977-905f-880b27bbca43.tabs.0.elements.1.elementCondition', 'null'),
('entryTypes.64df5511-450c-476f-bad5-c8bdb50a32d8.fieldLayouts.12adbcee-9deb-4977-905f-880b27bbca43.tabs.0.elements.1.fieldUid', '\"76140e88-ea52-4bcd-9518-7dab11324050\"'),
('entryTypes.64df5511-450c-476f-bad5-c8bdb50a32d8.fieldLayouts.12adbcee-9deb-4977-905f-880b27bbca43.tabs.0.elements.1.instructions', 'null'),
('entryTypes.64df5511-450c-476f-bad5-c8bdb50a32d8.fieldLayouts.12adbcee-9deb-4977-905f-880b27bbca43.tabs.0.elements.1.label', 'null'),
('entryTypes.64df5511-450c-476f-bad5-c8bdb50a32d8.fieldLayouts.12adbcee-9deb-4977-905f-880b27bbca43.tabs.0.elements.1.required', 'false'),
('entryTypes.64df5511-450c-476f-bad5-c8bdb50a32d8.fieldLayouts.12adbcee-9deb-4977-905f-880b27bbca43.tabs.0.elements.1.tip', 'null'),
('entryTypes.64df5511-450c-476f-bad5-c8bdb50a32d8.fieldLayouts.12adbcee-9deb-4977-905f-880b27bbca43.tabs.0.elements.1.type', '\"craft\\\\fieldlayoutelements\\\\CustomField\"'),
('entryTypes.64df5511-450c-476f-bad5-c8bdb50a32d8.fieldLayouts.12adbcee-9deb-4977-905f-880b27bbca43.tabs.0.elements.1.uid', '\"6221a403-a939-4de0-9505-e3c7665b0e99\"'),
('entryTypes.64df5511-450c-476f-bad5-c8bdb50a32d8.fieldLayouts.12adbcee-9deb-4977-905f-880b27bbca43.tabs.0.elements.1.userCondition', 'null'),
('entryTypes.64df5511-450c-476f-bad5-c8bdb50a32d8.fieldLayouts.12adbcee-9deb-4977-905f-880b27bbca43.tabs.0.elements.1.warning', 'null'),
('entryTypes.64df5511-450c-476f-bad5-c8bdb50a32d8.fieldLayouts.12adbcee-9deb-4977-905f-880b27bbca43.tabs.0.elements.1.width', '100'),
('entryTypes.64df5511-450c-476f-bad5-c8bdb50a32d8.fieldLayouts.12adbcee-9deb-4977-905f-880b27bbca43.tabs.0.elements.2.elementCondition', 'null');

INSERT INTO `projectconfig` (`path`, `value`) VALUES
('entryTypes.64df5511-450c-476f-bad5-c8bdb50a32d8.fieldLayouts.12adbcee-9deb-4977-905f-880b27bbca43.tabs.0.elements.2.fieldUid', '\"a6b876e1-27af-4290-b76e-235413141039\"'),
('entryTypes.64df5511-450c-476f-bad5-c8bdb50a32d8.fieldLayouts.12adbcee-9deb-4977-905f-880b27bbca43.tabs.0.elements.2.instructions', 'null'),
('entryTypes.64df5511-450c-476f-bad5-c8bdb50a32d8.fieldLayouts.12adbcee-9deb-4977-905f-880b27bbca43.tabs.0.elements.2.label', 'null'),
('entryTypes.64df5511-450c-476f-bad5-c8bdb50a32d8.fieldLayouts.12adbcee-9deb-4977-905f-880b27bbca43.tabs.0.elements.2.required', 'false'),
('entryTypes.64df5511-450c-476f-bad5-c8bdb50a32d8.fieldLayouts.12adbcee-9deb-4977-905f-880b27bbca43.tabs.0.elements.2.tip', 'null'),
('entryTypes.64df5511-450c-476f-bad5-c8bdb50a32d8.fieldLayouts.12adbcee-9deb-4977-905f-880b27bbca43.tabs.0.elements.2.type', '\"craft\\\\fieldlayoutelements\\\\CustomField\"'),
('entryTypes.64df5511-450c-476f-bad5-c8bdb50a32d8.fieldLayouts.12adbcee-9deb-4977-905f-880b27bbca43.tabs.0.elements.2.uid', '\"4031f384-5a8b-4e7d-a5fd-775274369b95\"'),
('entryTypes.64df5511-450c-476f-bad5-c8bdb50a32d8.fieldLayouts.12adbcee-9deb-4977-905f-880b27bbca43.tabs.0.elements.2.userCondition', 'null'),
('entryTypes.64df5511-450c-476f-bad5-c8bdb50a32d8.fieldLayouts.12adbcee-9deb-4977-905f-880b27bbca43.tabs.0.elements.2.warning', 'null'),
('entryTypes.64df5511-450c-476f-bad5-c8bdb50a32d8.fieldLayouts.12adbcee-9deb-4977-905f-880b27bbca43.tabs.0.elements.2.width', '100'),
('entryTypes.64df5511-450c-476f-bad5-c8bdb50a32d8.fieldLayouts.12adbcee-9deb-4977-905f-880b27bbca43.tabs.0.elements.3.elementCondition', 'null'),
('entryTypes.64df5511-450c-476f-bad5-c8bdb50a32d8.fieldLayouts.12adbcee-9deb-4977-905f-880b27bbca43.tabs.0.elements.3.fieldUid', '\"ad2057fb-7a69-4edc-add1-60ca888e8e08\"'),
('entryTypes.64df5511-450c-476f-bad5-c8bdb50a32d8.fieldLayouts.12adbcee-9deb-4977-905f-880b27bbca43.tabs.0.elements.3.instructions', 'null'),
('entryTypes.64df5511-450c-476f-bad5-c8bdb50a32d8.fieldLayouts.12adbcee-9deb-4977-905f-880b27bbca43.tabs.0.elements.3.label', 'null'),
('entryTypes.64df5511-450c-476f-bad5-c8bdb50a32d8.fieldLayouts.12adbcee-9deb-4977-905f-880b27bbca43.tabs.0.elements.3.required', 'false'),
('entryTypes.64df5511-450c-476f-bad5-c8bdb50a32d8.fieldLayouts.12adbcee-9deb-4977-905f-880b27bbca43.tabs.0.elements.3.tip', 'null'),
('entryTypes.64df5511-450c-476f-bad5-c8bdb50a32d8.fieldLayouts.12adbcee-9deb-4977-905f-880b27bbca43.tabs.0.elements.3.type', '\"craft\\\\fieldlayoutelements\\\\CustomField\"'),
('entryTypes.64df5511-450c-476f-bad5-c8bdb50a32d8.fieldLayouts.12adbcee-9deb-4977-905f-880b27bbca43.tabs.0.elements.3.uid', '\"d8828ffb-f932-4a39-9864-eeb14662483a\"'),
('entryTypes.64df5511-450c-476f-bad5-c8bdb50a32d8.fieldLayouts.12adbcee-9deb-4977-905f-880b27bbca43.tabs.0.elements.3.userCondition', 'null'),
('entryTypes.64df5511-450c-476f-bad5-c8bdb50a32d8.fieldLayouts.12adbcee-9deb-4977-905f-880b27bbca43.tabs.0.elements.3.warning', 'null'),
('entryTypes.64df5511-450c-476f-bad5-c8bdb50a32d8.fieldLayouts.12adbcee-9deb-4977-905f-880b27bbca43.tabs.0.elements.3.width', '100'),
('entryTypes.64df5511-450c-476f-bad5-c8bdb50a32d8.fieldLayouts.12adbcee-9deb-4977-905f-880b27bbca43.tabs.0.name', '\"Content\"'),
('entryTypes.64df5511-450c-476f-bad5-c8bdb50a32d8.fieldLayouts.12adbcee-9deb-4977-905f-880b27bbca43.tabs.0.uid', '\"85d0fcd3-e603-43e8-959e-5358b7e304b6\"'),
('entryTypes.64df5511-450c-476f-bad5-c8bdb50a32d8.fieldLayouts.12adbcee-9deb-4977-905f-880b27bbca43.tabs.0.userCondition', 'null'),
('entryTypes.64df5511-450c-476f-bad5-c8bdb50a32d8.handle', '\"default\"'),
('entryTypes.64df5511-450c-476f-bad5-c8bdb50a32d8.hasTitleField', 'true'),
('entryTypes.64df5511-450c-476f-bad5-c8bdb50a32d8.name', '\"Default\"'),
('entryTypes.64df5511-450c-476f-bad5-c8bdb50a32d8.section', '\"339c5328-db0a-4a11-91fb-567215e5cbca\"'),
('entryTypes.64df5511-450c-476f-bad5-c8bdb50a32d8.sortOrder', '1'),
('entryTypes.64df5511-450c-476f-bad5-c8bdb50a32d8.titleFormat', 'null'),
('entryTypes.64df5511-450c-476f-bad5-c8bdb50a32d8.titleTranslationKeyFormat', 'null'),
('entryTypes.64df5511-450c-476f-bad5-c8bdb50a32d8.titleTranslationMethod', '\"site\"'),
('entryTypes.cf5f5e72-28df-4127-a227-73ba21d1716b.fieldLayouts.1cb37dc9-26a0-4bd4-9e1f-df8e6bc628fd.tabs.0.elementCondition', 'null'),
('entryTypes.cf5f5e72-28df-4127-a227-73ba21d1716b.fieldLayouts.1cb37dc9-26a0-4bd4-9e1f-df8e6bc628fd.tabs.0.elements.0.autocapitalize', 'true'),
('entryTypes.cf5f5e72-28df-4127-a227-73ba21d1716b.fieldLayouts.1cb37dc9-26a0-4bd4-9e1f-df8e6bc628fd.tabs.0.elements.0.autocomplete', 'false'),
('entryTypes.cf5f5e72-28df-4127-a227-73ba21d1716b.fieldLayouts.1cb37dc9-26a0-4bd4-9e1f-df8e6bc628fd.tabs.0.elements.0.autocorrect', 'true'),
('entryTypes.cf5f5e72-28df-4127-a227-73ba21d1716b.fieldLayouts.1cb37dc9-26a0-4bd4-9e1f-df8e6bc628fd.tabs.0.elements.0.class', 'null'),
('entryTypes.cf5f5e72-28df-4127-a227-73ba21d1716b.fieldLayouts.1cb37dc9-26a0-4bd4-9e1f-df8e6bc628fd.tabs.0.elements.0.disabled', 'false'),
('entryTypes.cf5f5e72-28df-4127-a227-73ba21d1716b.fieldLayouts.1cb37dc9-26a0-4bd4-9e1f-df8e6bc628fd.tabs.0.elements.0.elementCondition', 'null'),
('entryTypes.cf5f5e72-28df-4127-a227-73ba21d1716b.fieldLayouts.1cb37dc9-26a0-4bd4-9e1f-df8e6bc628fd.tabs.0.elements.0.id', 'null'),
('entryTypes.cf5f5e72-28df-4127-a227-73ba21d1716b.fieldLayouts.1cb37dc9-26a0-4bd4-9e1f-df8e6bc628fd.tabs.0.elements.0.instructions', 'null'),
('entryTypes.cf5f5e72-28df-4127-a227-73ba21d1716b.fieldLayouts.1cb37dc9-26a0-4bd4-9e1f-df8e6bc628fd.tabs.0.elements.0.label', 'null'),
('entryTypes.cf5f5e72-28df-4127-a227-73ba21d1716b.fieldLayouts.1cb37dc9-26a0-4bd4-9e1f-df8e6bc628fd.tabs.0.elements.0.max', 'null'),
('entryTypes.cf5f5e72-28df-4127-a227-73ba21d1716b.fieldLayouts.1cb37dc9-26a0-4bd4-9e1f-df8e6bc628fd.tabs.0.elements.0.min', 'null'),
('entryTypes.cf5f5e72-28df-4127-a227-73ba21d1716b.fieldLayouts.1cb37dc9-26a0-4bd4-9e1f-df8e6bc628fd.tabs.0.elements.0.name', 'null'),
('entryTypes.cf5f5e72-28df-4127-a227-73ba21d1716b.fieldLayouts.1cb37dc9-26a0-4bd4-9e1f-df8e6bc628fd.tabs.0.elements.0.orientation', 'null'),
('entryTypes.cf5f5e72-28df-4127-a227-73ba21d1716b.fieldLayouts.1cb37dc9-26a0-4bd4-9e1f-df8e6bc628fd.tabs.0.elements.0.placeholder', 'null'),
('entryTypes.cf5f5e72-28df-4127-a227-73ba21d1716b.fieldLayouts.1cb37dc9-26a0-4bd4-9e1f-df8e6bc628fd.tabs.0.elements.0.readonly', 'false'),
('entryTypes.cf5f5e72-28df-4127-a227-73ba21d1716b.fieldLayouts.1cb37dc9-26a0-4bd4-9e1f-df8e6bc628fd.tabs.0.elements.0.requirable', 'false'),
('entryTypes.cf5f5e72-28df-4127-a227-73ba21d1716b.fieldLayouts.1cb37dc9-26a0-4bd4-9e1f-df8e6bc628fd.tabs.0.elements.0.size', 'null'),
('entryTypes.cf5f5e72-28df-4127-a227-73ba21d1716b.fieldLayouts.1cb37dc9-26a0-4bd4-9e1f-df8e6bc628fd.tabs.0.elements.0.step', 'null'),
('entryTypes.cf5f5e72-28df-4127-a227-73ba21d1716b.fieldLayouts.1cb37dc9-26a0-4bd4-9e1f-df8e6bc628fd.tabs.0.elements.0.tip', 'null'),
('entryTypes.cf5f5e72-28df-4127-a227-73ba21d1716b.fieldLayouts.1cb37dc9-26a0-4bd4-9e1f-df8e6bc628fd.tabs.0.elements.0.title', 'null'),
('entryTypes.cf5f5e72-28df-4127-a227-73ba21d1716b.fieldLayouts.1cb37dc9-26a0-4bd4-9e1f-df8e6bc628fd.tabs.0.elements.0.type', '\"craft\\\\fieldlayoutelements\\\\entries\\\\EntryTitleField\"'),
('entryTypes.cf5f5e72-28df-4127-a227-73ba21d1716b.fieldLayouts.1cb37dc9-26a0-4bd4-9e1f-df8e6bc628fd.tabs.0.elements.0.uid', '\"2e99207f-4f2f-4767-8b78-858b08852796\"'),
('entryTypes.cf5f5e72-28df-4127-a227-73ba21d1716b.fieldLayouts.1cb37dc9-26a0-4bd4-9e1f-df8e6bc628fd.tabs.0.elements.0.userCondition', 'null'),
('entryTypes.cf5f5e72-28df-4127-a227-73ba21d1716b.fieldLayouts.1cb37dc9-26a0-4bd4-9e1f-df8e6bc628fd.tabs.0.elements.0.warning', 'null'),
('entryTypes.cf5f5e72-28df-4127-a227-73ba21d1716b.fieldLayouts.1cb37dc9-26a0-4bd4-9e1f-df8e6bc628fd.tabs.0.elements.0.width', '100'),
('entryTypes.cf5f5e72-28df-4127-a227-73ba21d1716b.fieldLayouts.1cb37dc9-26a0-4bd4-9e1f-df8e6bc628fd.tabs.0.elements.1.elementCondition', 'null'),
('entryTypes.cf5f5e72-28df-4127-a227-73ba21d1716b.fieldLayouts.1cb37dc9-26a0-4bd4-9e1f-df8e6bc628fd.tabs.0.elements.1.fieldUid', '\"e5fb7200-8192-4c3a-b270-625e56a1197d\"'),
('entryTypes.cf5f5e72-28df-4127-a227-73ba21d1716b.fieldLayouts.1cb37dc9-26a0-4bd4-9e1f-df8e6bc628fd.tabs.0.elements.1.instructions', 'null'),
('entryTypes.cf5f5e72-28df-4127-a227-73ba21d1716b.fieldLayouts.1cb37dc9-26a0-4bd4-9e1f-df8e6bc628fd.tabs.0.elements.1.label', 'null'),
('entryTypes.cf5f5e72-28df-4127-a227-73ba21d1716b.fieldLayouts.1cb37dc9-26a0-4bd4-9e1f-df8e6bc628fd.tabs.0.elements.1.required', 'false'),
('entryTypes.cf5f5e72-28df-4127-a227-73ba21d1716b.fieldLayouts.1cb37dc9-26a0-4bd4-9e1f-df8e6bc628fd.tabs.0.elements.1.tip', 'null'),
('entryTypes.cf5f5e72-28df-4127-a227-73ba21d1716b.fieldLayouts.1cb37dc9-26a0-4bd4-9e1f-df8e6bc628fd.tabs.0.elements.1.type', '\"craft\\\\fieldlayoutelements\\\\CustomField\"'),
('entryTypes.cf5f5e72-28df-4127-a227-73ba21d1716b.fieldLayouts.1cb37dc9-26a0-4bd4-9e1f-df8e6bc628fd.tabs.0.elements.1.uid', '\"bcf0b3ac-2c69-46c9-822e-eba74ec851ed\"'),
('entryTypes.cf5f5e72-28df-4127-a227-73ba21d1716b.fieldLayouts.1cb37dc9-26a0-4bd4-9e1f-df8e6bc628fd.tabs.0.elements.1.userCondition', 'null'),
('entryTypes.cf5f5e72-28df-4127-a227-73ba21d1716b.fieldLayouts.1cb37dc9-26a0-4bd4-9e1f-df8e6bc628fd.tabs.0.elements.1.warning', 'null'),
('entryTypes.cf5f5e72-28df-4127-a227-73ba21d1716b.fieldLayouts.1cb37dc9-26a0-4bd4-9e1f-df8e6bc628fd.tabs.0.elements.1.width', '100'),
('entryTypes.cf5f5e72-28df-4127-a227-73ba21d1716b.fieldLayouts.1cb37dc9-26a0-4bd4-9e1f-df8e6bc628fd.tabs.0.elements.2.elementCondition', 'null'),
('entryTypes.cf5f5e72-28df-4127-a227-73ba21d1716b.fieldLayouts.1cb37dc9-26a0-4bd4-9e1f-df8e6bc628fd.tabs.0.elements.2.fieldUid', '\"62200b20-36fe-447f-aaec-97df6bb416a1\"'),
('entryTypes.cf5f5e72-28df-4127-a227-73ba21d1716b.fieldLayouts.1cb37dc9-26a0-4bd4-9e1f-df8e6bc628fd.tabs.0.elements.2.instructions', 'null'),
('entryTypes.cf5f5e72-28df-4127-a227-73ba21d1716b.fieldLayouts.1cb37dc9-26a0-4bd4-9e1f-df8e6bc628fd.tabs.0.elements.2.label', 'null'),
('entryTypes.cf5f5e72-28df-4127-a227-73ba21d1716b.fieldLayouts.1cb37dc9-26a0-4bd4-9e1f-df8e6bc628fd.tabs.0.elements.2.required', 'false'),
('entryTypes.cf5f5e72-28df-4127-a227-73ba21d1716b.fieldLayouts.1cb37dc9-26a0-4bd4-9e1f-df8e6bc628fd.tabs.0.elements.2.tip', 'null'),
('entryTypes.cf5f5e72-28df-4127-a227-73ba21d1716b.fieldLayouts.1cb37dc9-26a0-4bd4-9e1f-df8e6bc628fd.tabs.0.elements.2.type', '\"craft\\\\fieldlayoutelements\\\\CustomField\"'),
('entryTypes.cf5f5e72-28df-4127-a227-73ba21d1716b.fieldLayouts.1cb37dc9-26a0-4bd4-9e1f-df8e6bc628fd.tabs.0.elements.2.uid', '\"aeb96f92-85e7-48a5-b61d-47d29959dc48\"'),
('entryTypes.cf5f5e72-28df-4127-a227-73ba21d1716b.fieldLayouts.1cb37dc9-26a0-4bd4-9e1f-df8e6bc628fd.tabs.0.elements.2.userCondition', 'null'),
('entryTypes.cf5f5e72-28df-4127-a227-73ba21d1716b.fieldLayouts.1cb37dc9-26a0-4bd4-9e1f-df8e6bc628fd.tabs.0.elements.2.warning', 'null'),
('entryTypes.cf5f5e72-28df-4127-a227-73ba21d1716b.fieldLayouts.1cb37dc9-26a0-4bd4-9e1f-df8e6bc628fd.tabs.0.elements.2.width', '100'),
('entryTypes.cf5f5e72-28df-4127-a227-73ba21d1716b.fieldLayouts.1cb37dc9-26a0-4bd4-9e1f-df8e6bc628fd.tabs.0.name', '\"Content\"'),
('entryTypes.cf5f5e72-28df-4127-a227-73ba21d1716b.fieldLayouts.1cb37dc9-26a0-4bd4-9e1f-df8e6bc628fd.tabs.0.uid', '\"72af97a4-c296-4a18-9d4d-b44995e542e3\"'),
('entryTypes.cf5f5e72-28df-4127-a227-73ba21d1716b.fieldLayouts.1cb37dc9-26a0-4bd4-9e1f-df8e6bc628fd.tabs.0.userCondition', 'null'),
('entryTypes.cf5f5e72-28df-4127-a227-73ba21d1716b.handle', '\"default\"'),
('entryTypes.cf5f5e72-28df-4127-a227-73ba21d1716b.hasTitleField', 'true'),
('entryTypes.cf5f5e72-28df-4127-a227-73ba21d1716b.name', '\"Default\"'),
('entryTypes.cf5f5e72-28df-4127-a227-73ba21d1716b.section', '\"249aace2-bd89-4989-b2b3-504ad6214021\"'),
('entryTypes.cf5f5e72-28df-4127-a227-73ba21d1716b.sortOrder', '1'),
('entryTypes.cf5f5e72-28df-4127-a227-73ba21d1716b.titleFormat', 'null'),
('entryTypes.cf5f5e72-28df-4127-a227-73ba21d1716b.titleTranslationKeyFormat', 'null'),
('entryTypes.cf5f5e72-28df-4127-a227-73ba21d1716b.titleTranslationMethod', '\"site\"'),
('fieldGroups.1732d711-cc92-4fbd-adc5-0089e90fad79.name', '\"About\"'),
('fieldGroups.5d2ba0b1-fb49-4ddd-9890-cd397a5e9f88.name', '\"Entries\"'),
('fieldGroups.ed4f4722-db0d-4f33-ac6c-827e244388d7.name', '\"Common\"'),
('fields.05d35468-8a78-4c4e-9c05-3e5635b35456.columnSuffix', 'null'),
('fields.05d35468-8a78-4c4e-9c05-3e5635b35456.contentColumnType', '\"string\"'),
('fields.05d35468-8a78-4c4e-9c05-3e5635b35456.fieldGroup', '\"1732d711-cc92-4fbd-adc5-0089e90fad79\"'),
('fields.05d35468-8a78-4c4e-9c05-3e5635b35456.handle', '\"logoFooter\"'),
('fields.05d35468-8a78-4c4e-9c05-3e5635b35456.instructions', 'null'),
('fields.05d35468-8a78-4c4e-9c05-3e5635b35456.name', '\"Logo (footer)\"'),
('fields.05d35468-8a78-4c4e-9c05-3e5635b35456.searchable', 'false'),
('fields.05d35468-8a78-4c4e-9c05-3e5635b35456.settings.allowedKinds.0', '\"image\"'),
('fields.05d35468-8a78-4c4e-9c05-3e5635b35456.settings.allowSelfRelations', 'false'),
('fields.05d35468-8a78-4c4e-9c05-3e5635b35456.settings.allowSubfolders', 'false'),
('fields.05d35468-8a78-4c4e-9c05-3e5635b35456.settings.allowUploads', 'true'),
('fields.05d35468-8a78-4c4e-9c05-3e5635b35456.settings.defaultUploadLocationSource', '\"volume:f3d4e367-d7dd-459c-a9de-11dd87a70cdc\"'),
('fields.05d35468-8a78-4c4e-9c05-3e5635b35456.settings.defaultUploadLocationSubpath', 'null'),
('fields.05d35468-8a78-4c4e-9c05-3e5635b35456.settings.localizeRelations', 'false'),
('fields.05d35468-8a78-4c4e-9c05-3e5635b35456.settings.maxRelations', '1'),
('fields.05d35468-8a78-4c4e-9c05-3e5635b35456.settings.minRelations', 'null'),
('fields.05d35468-8a78-4c4e-9c05-3e5635b35456.settings.previewMode', '\"full\"'),
('fields.05d35468-8a78-4c4e-9c05-3e5635b35456.settings.restrictedDefaultUploadSubpath', 'null'),
('fields.05d35468-8a78-4c4e-9c05-3e5635b35456.settings.restrictedLocationSource', '\"volume:f3d4e367-d7dd-459c-a9de-11dd87a70cdc\"'),
('fields.05d35468-8a78-4c4e-9c05-3e5635b35456.settings.restrictedLocationSubpath', 'null'),
('fields.05d35468-8a78-4c4e-9c05-3e5635b35456.settings.restrictFiles', 'true'),
('fields.05d35468-8a78-4c4e-9c05-3e5635b35456.settings.restrictLocation', 'false'),
('fields.05d35468-8a78-4c4e-9c05-3e5635b35456.settings.selectionCondition.__assoc__.0.0', '\"elementType\"'),
('fields.05d35468-8a78-4c4e-9c05-3e5635b35456.settings.selectionCondition.__assoc__.0.1', '\"craft\\\\elements\\\\Asset\"'),
('fields.05d35468-8a78-4c4e-9c05-3e5635b35456.settings.selectionCondition.__assoc__.1.0', '\"fieldContext\"'),
('fields.05d35468-8a78-4c4e-9c05-3e5635b35456.settings.selectionCondition.__assoc__.1.1', '\"global\"'),
('fields.05d35468-8a78-4c4e-9c05-3e5635b35456.settings.selectionCondition.__assoc__.2.0', '\"class\"'),
('fields.05d35468-8a78-4c4e-9c05-3e5635b35456.settings.selectionCondition.__assoc__.2.1', '\"craft\\\\elements\\\\conditions\\\\assets\\\\AssetCondition\"'),
('fields.05d35468-8a78-4c4e-9c05-3e5635b35456.settings.selectionLabel', 'null'),
('fields.05d35468-8a78-4c4e-9c05-3e5635b35456.settings.showSiteMenu', 'false'),
('fields.05d35468-8a78-4c4e-9c05-3e5635b35456.settings.showUnpermittedFiles', 'false'),
('fields.05d35468-8a78-4c4e-9c05-3e5635b35456.settings.showUnpermittedVolumes', 'false'),
('fields.05d35468-8a78-4c4e-9c05-3e5635b35456.settings.source', 'null'),
('fields.05d35468-8a78-4c4e-9c05-3e5635b35456.settings.sources.0', '\"volume:f3d4e367-d7dd-459c-a9de-11dd87a70cdc\"'),
('fields.05d35468-8a78-4c4e-9c05-3e5635b35456.settings.targetSiteId', 'null'),
('fields.05d35468-8a78-4c4e-9c05-3e5635b35456.settings.validateRelatedElements', 'false'),
('fields.05d35468-8a78-4c4e-9c05-3e5635b35456.settings.viewMode', '\"list\"'),
('fields.05d35468-8a78-4c4e-9c05-3e5635b35456.translationKeyFormat', 'null'),
('fields.05d35468-8a78-4c4e-9c05-3e5635b35456.translationMethod', '\"site\"'),
('fields.05d35468-8a78-4c4e-9c05-3e5635b35456.type', '\"craft\\\\fields\\\\Assets\"'),
('fields.08623209-825c-4569-a171-0a31c07cf041.columnSuffix', 'null'),
('fields.08623209-825c-4569-a171-0a31c07cf041.contentColumnType', '\"string\"'),
('fields.08623209-825c-4569-a171-0a31c07cf041.fieldGroup', '\"1732d711-cc92-4fbd-adc5-0089e90fad79\"'),
('fields.08623209-825c-4569-a171-0a31c07cf041.handle', '\"listingImage\"'),
('fields.08623209-825c-4569-a171-0a31c07cf041.instructions', 'null'),
('fields.08623209-825c-4569-a171-0a31c07cf041.name', '\"Listing image\"'),
('fields.08623209-825c-4569-a171-0a31c07cf041.searchable', 'false'),
('fields.08623209-825c-4569-a171-0a31c07cf041.settings.allowedKinds.0', '\"image\"'),
('fields.08623209-825c-4569-a171-0a31c07cf041.settings.allowedKinds.1', '\"video\"'),
('fields.08623209-825c-4569-a171-0a31c07cf041.settings.allowSelfRelations', 'false'),
('fields.08623209-825c-4569-a171-0a31c07cf041.settings.allowSubfolders', 'false'),
('fields.08623209-825c-4569-a171-0a31c07cf041.settings.allowUploads', 'true'),
('fields.08623209-825c-4569-a171-0a31c07cf041.settings.defaultUploadLocationSource', '\"volume:f3d4e367-d7dd-459c-a9de-11dd87a70cdc\"'),
('fields.08623209-825c-4569-a171-0a31c07cf041.settings.defaultUploadLocationSubpath', 'null'),
('fields.08623209-825c-4569-a171-0a31c07cf041.settings.localizeRelations', 'false'),
('fields.08623209-825c-4569-a171-0a31c07cf041.settings.maxRelations', '1'),
('fields.08623209-825c-4569-a171-0a31c07cf041.settings.minRelations', 'null'),
('fields.08623209-825c-4569-a171-0a31c07cf041.settings.previewMode', '\"full\"'),
('fields.08623209-825c-4569-a171-0a31c07cf041.settings.restrictedDefaultUploadSubpath', 'null'),
('fields.08623209-825c-4569-a171-0a31c07cf041.settings.restrictedLocationSource', '\"volume:f3d4e367-d7dd-459c-a9de-11dd87a70cdc\"'),
('fields.08623209-825c-4569-a171-0a31c07cf041.settings.restrictedLocationSubpath', 'null'),
('fields.08623209-825c-4569-a171-0a31c07cf041.settings.restrictFiles', 'true'),
('fields.08623209-825c-4569-a171-0a31c07cf041.settings.restrictLocation', 'false'),
('fields.08623209-825c-4569-a171-0a31c07cf041.settings.selectionCondition.__assoc__.0.0', '\"elementType\"'),
('fields.08623209-825c-4569-a171-0a31c07cf041.settings.selectionCondition.__assoc__.0.1', '\"craft\\\\elements\\\\Asset\"'),
('fields.08623209-825c-4569-a171-0a31c07cf041.settings.selectionCondition.__assoc__.1.0', '\"fieldContext\"'),
('fields.08623209-825c-4569-a171-0a31c07cf041.settings.selectionCondition.__assoc__.1.1', '\"global\"'),
('fields.08623209-825c-4569-a171-0a31c07cf041.settings.selectionCondition.__assoc__.2.0', '\"class\"'),
('fields.08623209-825c-4569-a171-0a31c07cf041.settings.selectionCondition.__assoc__.2.1', '\"craft\\\\elements\\\\conditions\\\\assets\\\\AssetCondition\"'),
('fields.08623209-825c-4569-a171-0a31c07cf041.settings.selectionLabel', 'null'),
('fields.08623209-825c-4569-a171-0a31c07cf041.settings.showSiteMenu', 'false'),
('fields.08623209-825c-4569-a171-0a31c07cf041.settings.showUnpermittedFiles', 'false'),
('fields.08623209-825c-4569-a171-0a31c07cf041.settings.showUnpermittedVolumes', 'false'),
('fields.08623209-825c-4569-a171-0a31c07cf041.settings.source', 'null'),
('fields.08623209-825c-4569-a171-0a31c07cf041.settings.sources.0', '\"volume:f3d4e367-d7dd-459c-a9de-11dd87a70cdc\"'),
('fields.08623209-825c-4569-a171-0a31c07cf041.settings.sources.1', '\"volume:a0d82af4-339f-430f-9bb8-f2f455642252\"'),
('fields.08623209-825c-4569-a171-0a31c07cf041.settings.targetSiteId', 'null'),
('fields.08623209-825c-4569-a171-0a31c07cf041.settings.validateRelatedElements', 'false'),
('fields.08623209-825c-4569-a171-0a31c07cf041.settings.viewMode', '\"list\"'),
('fields.08623209-825c-4569-a171-0a31c07cf041.translationKeyFormat', 'null'),
('fields.08623209-825c-4569-a171-0a31c07cf041.translationMethod', '\"site\"'),
('fields.08623209-825c-4569-a171-0a31c07cf041.type', '\"craft\\\\fields\\\\Assets\"'),
('fields.1047f1b3-790b-447f-87d5-7726dcba5c67.columnSuffix', '\"mfajdqrs\"'),
('fields.1047f1b3-790b-447f-87d5-7726dcba5c67.contentColumnType', '\"text\"'),
('fields.1047f1b3-790b-447f-87d5-7726dcba5c67.fieldGroup', '\"ed4f4722-db0d-4f33-ac6c-827e244388d7\"'),
('fields.1047f1b3-790b-447f-87d5-7726dcba5c67.handle', '\"subheading\"'),
('fields.1047f1b3-790b-447f-87d5-7726dcba5c67.instructions', 'null'),
('fields.1047f1b3-790b-447f-87d5-7726dcba5c67.name', '\"Subheading\"'),
('fields.1047f1b3-790b-447f-87d5-7726dcba5c67.searchable', 'false'),
('fields.1047f1b3-790b-447f-87d5-7726dcba5c67.settings.byteLimit', 'null'),
('fields.1047f1b3-790b-447f-87d5-7726dcba5c67.settings.charLimit', 'null'),
('fields.1047f1b3-790b-447f-87d5-7726dcba5c67.settings.code', 'false'),
('fields.1047f1b3-790b-447f-87d5-7726dcba5c67.settings.columnType', 'null'),
('fields.1047f1b3-790b-447f-87d5-7726dcba5c67.settings.initialRows', '4'),
('fields.1047f1b3-790b-447f-87d5-7726dcba5c67.settings.multiline', 'true'),
('fields.1047f1b3-790b-447f-87d5-7726dcba5c67.settings.placeholder', 'null'),
('fields.1047f1b3-790b-447f-87d5-7726dcba5c67.settings.uiMode', '\"normal\"'),
('fields.1047f1b3-790b-447f-87d5-7726dcba5c67.translationKeyFormat', 'null'),
('fields.1047f1b3-790b-447f-87d5-7726dcba5c67.translationMethod', '\"none\"'),
('fields.1047f1b3-790b-447f-87d5-7726dcba5c67.type', '\"craft\\\\fields\\\\PlainText\"'),
('fields.13c96ebc-56f6-4f07-bfc2-066ef6497efe.columnSuffix', 'null'),
('fields.13c96ebc-56f6-4f07-bfc2-066ef6497efe.contentColumnType', '\"string\"'),
('fields.13c96ebc-56f6-4f07-bfc2-066ef6497efe.fieldGroup', '\"ed4f4722-db0d-4f33-ac6c-827e244388d7\"'),
('fields.13c96ebc-56f6-4f07-bfc2-066ef6497efe.handle', '\"aLink\"'),
('fields.13c96ebc-56f6-4f07-bfc2-066ef6497efe.instructions', 'null'),
('fields.13c96ebc-56f6-4f07-bfc2-066ef6497efe.name', '\"Link\"'),
('fields.13c96ebc-56f6-4f07-bfc2-066ef6497efe.searchable', 'false'),
('fields.13c96ebc-56f6-4f07-bfc2-066ef6497efe.settings.allowCustomText', 'true'),
('fields.13c96ebc-56f6-4f07-bfc2-066ef6497efe.settings.allowTarget', 'true'),
('fields.13c96ebc-56f6-4f07-bfc2-066ef6497efe.settings.autoNoReferrer', 'false'),
('fields.13c96ebc-56f6-4f07-bfc2-066ef6497efe.settings.customTextMaxLength', '0'),
('fields.13c96ebc-56f6-4f07-bfc2-066ef6497efe.settings.customTextRequired', 'false'),
('fields.13c96ebc-56f6-4f07-bfc2-066ef6497efe.settings.defaultLinkName', '\"entry\"'),
('fields.13c96ebc-56f6-4f07-bfc2-066ef6497efe.settings.defaultText', '\"\"'),
('fields.13c96ebc-56f6-4f07-bfc2-066ef6497efe.settings.enableAllLinkTypes', 'false'),
('fields.13c96ebc-56f6-4f07-bfc2-066ef6497efe.settings.enableAriaLabel', 'false'),
('fields.13c96ebc-56f6-4f07-bfc2-066ef6497efe.settings.enableElementCache', 'false'),
('fields.13c96ebc-56f6-4f07-bfc2-066ef6497efe.settings.enableTitle', 'false'),
('fields.13c96ebc-56f6-4f07-bfc2-066ef6497efe.settings.typeSettings.asset.allowCrossSiteLink', 'true'),
('fields.13c96ebc-56f6-4f07-bfc2-066ef6497efe.settings.typeSettings.asset.allowCustomQuery', 'false'),
('fields.13c96ebc-56f6-4f07-bfc2-066ef6497efe.settings.typeSettings.asset.enabled', 'true'),
('fields.13c96ebc-56f6-4f07-bfc2-066ef6497efe.settings.typeSettings.asset.sources', '\"*\"'),
('fields.13c96ebc-56f6-4f07-bfc2-066ef6497efe.settings.typeSettings.category.allowCrossSiteLink', 'false'),
('fields.13c96ebc-56f6-4f07-bfc2-066ef6497efe.settings.typeSettings.category.allowCustomQuery', 'false'),
('fields.13c96ebc-56f6-4f07-bfc2-066ef6497efe.settings.typeSettings.category.enabled', 'false'),
('fields.13c96ebc-56f6-4f07-bfc2-066ef6497efe.settings.typeSettings.category.sources', '\"*\"'),
('fields.13c96ebc-56f6-4f07-bfc2-066ef6497efe.settings.typeSettings.custom.allowAliases', 'false'),
('fields.13c96ebc-56f6-4f07-bfc2-066ef6497efe.settings.typeSettings.custom.disableValidation', 'false'),
('fields.13c96ebc-56f6-4f07-bfc2-066ef6497efe.settings.typeSettings.custom.enabled', 'false'),
('fields.13c96ebc-56f6-4f07-bfc2-066ef6497efe.settings.typeSettings.email.allowAliases', 'false'),
('fields.13c96ebc-56f6-4f07-bfc2-066ef6497efe.settings.typeSettings.email.disableValidation', 'false'),
('fields.13c96ebc-56f6-4f07-bfc2-066ef6497efe.settings.typeSettings.email.enabled', 'false'),
('fields.13c96ebc-56f6-4f07-bfc2-066ef6497efe.settings.typeSettings.entry.allowCrossSiteLink', 'true'),
('fields.13c96ebc-56f6-4f07-bfc2-066ef6497efe.settings.typeSettings.entry.allowCustomQuery', 'false'),
('fields.13c96ebc-56f6-4f07-bfc2-066ef6497efe.settings.typeSettings.entry.enabled', 'true'),
('fields.13c96ebc-56f6-4f07-bfc2-066ef6497efe.settings.typeSettings.entry.sources.0', '\"section:24bb6f49-5a05-4f93-8dea-a874654c6cbd\"'),
('fields.13c96ebc-56f6-4f07-bfc2-066ef6497efe.settings.typeSettings.entry.sources.1', '\"section:0cb8f772-dc44-4b7e-9676-63945bf54cb7\"'),
('fields.13c96ebc-56f6-4f07-bfc2-066ef6497efe.settings.typeSettings.site.enabled', 'false'),
('fields.13c96ebc-56f6-4f07-bfc2-066ef6497efe.settings.typeSettings.site.sites', '\"*\"'),
('fields.13c96ebc-56f6-4f07-bfc2-066ef6497efe.settings.typeSettings.tel.allowAliases', 'false'),
('fields.13c96ebc-56f6-4f07-bfc2-066ef6497efe.settings.typeSettings.tel.disableValidation', 'false'),
('fields.13c96ebc-56f6-4f07-bfc2-066ef6497efe.settings.typeSettings.tel.enabled', 'false'),
('fields.13c96ebc-56f6-4f07-bfc2-066ef6497efe.settings.typeSettings.url.allowAliases', 'false'),
('fields.13c96ebc-56f6-4f07-bfc2-066ef6497efe.settings.typeSettings.url.disableValidation', 'true'),
('fields.13c96ebc-56f6-4f07-bfc2-066ef6497efe.settings.typeSettings.url.enabled', 'true'),
('fields.13c96ebc-56f6-4f07-bfc2-066ef6497efe.settings.typeSettings.user.allowCrossSiteLink', 'false'),
('fields.13c96ebc-56f6-4f07-bfc2-066ef6497efe.settings.typeSettings.user.allowCustomQuery', 'false'),
('fields.13c96ebc-56f6-4f07-bfc2-066ef6497efe.settings.typeSettings.user.enabled', 'false'),
('fields.13c96ebc-56f6-4f07-bfc2-066ef6497efe.settings.typeSettings.user.sources', '\"*\"'),
('fields.13c96ebc-56f6-4f07-bfc2-066ef6497efe.translationKeyFormat', 'null'),
('fields.13c96ebc-56f6-4f07-bfc2-066ef6497efe.translationMethod', '\"none\"'),
('fields.13c96ebc-56f6-4f07-bfc2-066ef6497efe.type', '\"lenz\\\\linkfield\\\\fields\\\\LinkField\"'),
('fields.198e01cf-fe33-4de7-9fe1-95b9cb70802e.columnSuffix', '\"hjpsxtce\"'),
('fields.198e01cf-fe33-4de7-9fe1-95b9cb70802e.contentColumnType', '\"boolean\"'),
('fields.198e01cf-fe33-4de7-9fe1-95b9cb70802e.fieldGroup', '\"1732d711-cc92-4fbd-adc5-0089e90fad79\"'),
('fields.198e01cf-fe33-4de7-9fe1-95b9cb70802e.handle', '\"listingImageOverlay\"'),
('fields.198e01cf-fe33-4de7-9fe1-95b9cb70802e.instructions', 'null'),
('fields.198e01cf-fe33-4de7-9fe1-95b9cb70802e.name', '\"Listing image overlay\"'),
('fields.198e01cf-fe33-4de7-9fe1-95b9cb70802e.searchable', 'false'),
('fields.198e01cf-fe33-4de7-9fe1-95b9cb70802e.settings.default', 'true'),
('fields.198e01cf-fe33-4de7-9fe1-95b9cb70802e.settings.offLabel', 'null'),
('fields.198e01cf-fe33-4de7-9fe1-95b9cb70802e.settings.onLabel', 'null'),
('fields.198e01cf-fe33-4de7-9fe1-95b9cb70802e.translationKeyFormat', 'null'),
('fields.198e01cf-fe33-4de7-9fe1-95b9cb70802e.translationMethod', '\"none\"'),
('fields.198e01cf-fe33-4de7-9fe1-95b9cb70802e.type', '\"craft\\\\fields\\\\Lightswitch\"'),
('fields.1bd2ee21-62b1-4ccb-88de-f68075a4423a.columnSuffix', 'null'),
('fields.1bd2ee21-62b1-4ccb-88de-f68075a4423a.contentColumnType', '\"string\"'),
('fields.1bd2ee21-62b1-4ccb-88de-f68075a4423a.fieldGroup', '\"ed4f4722-db0d-4f33-ac6c-827e244388d7\"'),
('fields.1bd2ee21-62b1-4ccb-88de-f68075a4423a.handle', '\"images\"'),
('fields.1bd2ee21-62b1-4ccb-88de-f68075a4423a.instructions', 'null'),
('fields.1bd2ee21-62b1-4ccb-88de-f68075a4423a.name', '\"Images\"'),
('fields.1bd2ee21-62b1-4ccb-88de-f68075a4423a.searchable', 'false'),
('fields.1bd2ee21-62b1-4ccb-88de-f68075a4423a.settings.allowedKinds.0', '\"image\"'),
('fields.1bd2ee21-62b1-4ccb-88de-f68075a4423a.settings.allowedKinds.1', '\"video\"'),
('fields.1bd2ee21-62b1-4ccb-88de-f68075a4423a.settings.allowSelfRelations', 'false'),
('fields.1bd2ee21-62b1-4ccb-88de-f68075a4423a.settings.allowSubfolders', 'false'),
('fields.1bd2ee21-62b1-4ccb-88de-f68075a4423a.settings.allowUploads', 'true'),
('fields.1bd2ee21-62b1-4ccb-88de-f68075a4423a.settings.defaultUploadLocationSource', '\"volume:f3d4e367-d7dd-459c-a9de-11dd87a70cdc\"'),
('fields.1bd2ee21-62b1-4ccb-88de-f68075a4423a.settings.defaultUploadLocationSubpath', 'null'),
('fields.1bd2ee21-62b1-4ccb-88de-f68075a4423a.settings.localizeRelations', 'false'),
('fields.1bd2ee21-62b1-4ccb-88de-f68075a4423a.settings.maxRelations', '4'),
('fields.1bd2ee21-62b1-4ccb-88de-f68075a4423a.settings.minRelations', 'null'),
('fields.1bd2ee21-62b1-4ccb-88de-f68075a4423a.settings.previewMode', '\"full\"'),
('fields.1bd2ee21-62b1-4ccb-88de-f68075a4423a.settings.restrictedDefaultUploadSubpath', 'null'),
('fields.1bd2ee21-62b1-4ccb-88de-f68075a4423a.settings.restrictedLocationSource', '\"volume:f3d4e367-d7dd-459c-a9de-11dd87a70cdc\"'),
('fields.1bd2ee21-62b1-4ccb-88de-f68075a4423a.settings.restrictedLocationSubpath', 'null'),
('fields.1bd2ee21-62b1-4ccb-88de-f68075a4423a.settings.restrictFiles', 'true'),
('fields.1bd2ee21-62b1-4ccb-88de-f68075a4423a.settings.restrictLocation', 'false'),
('fields.1bd2ee21-62b1-4ccb-88de-f68075a4423a.settings.selectionCondition.__assoc__.0.0', '\"elementType\"'),
('fields.1bd2ee21-62b1-4ccb-88de-f68075a4423a.settings.selectionCondition.__assoc__.0.1', '\"craft\\\\elements\\\\Asset\"'),
('fields.1bd2ee21-62b1-4ccb-88de-f68075a4423a.settings.selectionCondition.__assoc__.1.0', '\"fieldContext\"'),
('fields.1bd2ee21-62b1-4ccb-88de-f68075a4423a.settings.selectionCondition.__assoc__.1.1', '\"global\"'),
('fields.1bd2ee21-62b1-4ccb-88de-f68075a4423a.settings.selectionCondition.__assoc__.2.0', '\"class\"'),
('fields.1bd2ee21-62b1-4ccb-88de-f68075a4423a.settings.selectionCondition.__assoc__.2.1', '\"craft\\\\elements\\\\conditions\\\\assets\\\\AssetCondition\"'),
('fields.1bd2ee21-62b1-4ccb-88de-f68075a4423a.settings.selectionLabel', 'null'),
('fields.1bd2ee21-62b1-4ccb-88de-f68075a4423a.settings.showSiteMenu', 'true'),
('fields.1bd2ee21-62b1-4ccb-88de-f68075a4423a.settings.showUnpermittedFiles', 'false'),
('fields.1bd2ee21-62b1-4ccb-88de-f68075a4423a.settings.showUnpermittedVolumes', 'false'),
('fields.1bd2ee21-62b1-4ccb-88de-f68075a4423a.settings.source', 'null'),
('fields.1bd2ee21-62b1-4ccb-88de-f68075a4423a.settings.sources.0', '\"volume:f3d4e367-d7dd-459c-a9de-11dd87a70cdc\"'),
('fields.1bd2ee21-62b1-4ccb-88de-f68075a4423a.settings.sources.1', '\"volume:a0d82af4-339f-430f-9bb8-f2f455642252\"'),
('fields.1bd2ee21-62b1-4ccb-88de-f68075a4423a.settings.targetSiteId', 'null'),
('fields.1bd2ee21-62b1-4ccb-88de-f68075a4423a.settings.validateRelatedElements', 'false'),
('fields.1bd2ee21-62b1-4ccb-88de-f68075a4423a.settings.viewMode', '\"list\"'),
('fields.1bd2ee21-62b1-4ccb-88de-f68075a4423a.translationKeyFormat', 'null'),
('fields.1bd2ee21-62b1-4ccb-88de-f68075a4423a.translationMethod', '\"site\"'),
('fields.1bd2ee21-62b1-4ccb-88de-f68075a4423a.type', '\"craft\\\\fields\\\\Assets\"'),
('fields.34ddd9c0-0028-4716-b50c-73aa40ea6920.columnSuffix', '\"pokritmg\"'),
('fields.34ddd9c0-0028-4716-b50c-73aa40ea6920.contentColumnType', '\"text\"'),
('fields.34ddd9c0-0028-4716-b50c-73aa40ea6920.fieldGroup', '\"ed4f4722-db0d-4f33-ac6c-827e244388d7\"'),
('fields.34ddd9c0-0028-4716-b50c-73aa40ea6920.handle', '\"caption\"'),
('fields.34ddd9c0-0028-4716-b50c-73aa40ea6920.instructions', 'null'),
('fields.34ddd9c0-0028-4716-b50c-73aa40ea6920.name', '\"Caption\"'),
('fields.34ddd9c0-0028-4716-b50c-73aa40ea6920.searchable', 'false'),
('fields.34ddd9c0-0028-4716-b50c-73aa40ea6920.settings.byteLimit', 'null'),
('fields.34ddd9c0-0028-4716-b50c-73aa40ea6920.settings.charLimit', 'null'),
('fields.34ddd9c0-0028-4716-b50c-73aa40ea6920.settings.code', 'false'),
('fields.34ddd9c0-0028-4716-b50c-73aa40ea6920.settings.columnType', 'null'),
('fields.34ddd9c0-0028-4716-b50c-73aa40ea6920.settings.initialRows', '4'),
('fields.34ddd9c0-0028-4716-b50c-73aa40ea6920.settings.multiline', 'false'),
('fields.34ddd9c0-0028-4716-b50c-73aa40ea6920.settings.placeholder', 'null'),
('fields.34ddd9c0-0028-4716-b50c-73aa40ea6920.settings.uiMode', '\"normal\"'),
('fields.34ddd9c0-0028-4716-b50c-73aa40ea6920.translationKeyFormat', 'null'),
('fields.34ddd9c0-0028-4716-b50c-73aa40ea6920.translationMethod', '\"none\"'),
('fields.34ddd9c0-0028-4716-b50c-73aa40ea6920.type', '\"craft\\\\fields\\\\PlainText\"'),
('fields.4541f1d9-e14f-4091-82c8-95b7e8c3ae0d.columnSuffix', 'null'),
('fields.4541f1d9-e14f-4091-82c8-95b7e8c3ae0d.contentColumnType', '\"string\"'),
('fields.4541f1d9-e14f-4091-82c8-95b7e8c3ae0d.fieldGroup', '\"ed4f4722-db0d-4f33-ac6c-827e244388d7\"'),
('fields.4541f1d9-e14f-4091-82c8-95b7e8c3ae0d.handle', '\"video\"'),
('fields.4541f1d9-e14f-4091-82c8-95b7e8c3ae0d.instructions', 'null'),
('fields.4541f1d9-e14f-4091-82c8-95b7e8c3ae0d.name', '\"Video\"'),
('fields.4541f1d9-e14f-4091-82c8-95b7e8c3ae0d.searchable', 'false'),
('fields.4541f1d9-e14f-4091-82c8-95b7e8c3ae0d.settings.allowedKinds.0', '\"video\"'),
('fields.4541f1d9-e14f-4091-82c8-95b7e8c3ae0d.settings.allowSelfRelations', 'false'),
('fields.4541f1d9-e14f-4091-82c8-95b7e8c3ae0d.settings.allowSubfolders', 'false'),
('fields.4541f1d9-e14f-4091-82c8-95b7e8c3ae0d.settings.allowUploads', 'true'),
('fields.4541f1d9-e14f-4091-82c8-95b7e8c3ae0d.settings.defaultUploadLocationSource', '\"volume:a0d82af4-339f-430f-9bb8-f2f455642252\"'),
('fields.4541f1d9-e14f-4091-82c8-95b7e8c3ae0d.settings.defaultUploadLocationSubpath', 'null'),
('fields.4541f1d9-e14f-4091-82c8-95b7e8c3ae0d.settings.localizeRelations', 'false'),
('fields.4541f1d9-e14f-4091-82c8-95b7e8c3ae0d.settings.maxRelations', '1'),
('fields.4541f1d9-e14f-4091-82c8-95b7e8c3ae0d.settings.minRelations', 'null'),
('fields.4541f1d9-e14f-4091-82c8-95b7e8c3ae0d.settings.previewMode', '\"full\"'),
('fields.4541f1d9-e14f-4091-82c8-95b7e8c3ae0d.settings.restrictedDefaultUploadSubpath', 'null'),
('fields.4541f1d9-e14f-4091-82c8-95b7e8c3ae0d.settings.restrictedLocationSource', '\"volume:f3d4e367-d7dd-459c-a9de-11dd87a70cdc\"'),
('fields.4541f1d9-e14f-4091-82c8-95b7e8c3ae0d.settings.restrictedLocationSubpath', 'null'),
('fields.4541f1d9-e14f-4091-82c8-95b7e8c3ae0d.settings.restrictFiles', 'true'),
('fields.4541f1d9-e14f-4091-82c8-95b7e8c3ae0d.settings.restrictLocation', 'false'),
('fields.4541f1d9-e14f-4091-82c8-95b7e8c3ae0d.settings.selectionCondition.__assoc__.0.0', '\"elementType\"'),
('fields.4541f1d9-e14f-4091-82c8-95b7e8c3ae0d.settings.selectionCondition.__assoc__.0.1', '\"craft\\\\elements\\\\Asset\"'),
('fields.4541f1d9-e14f-4091-82c8-95b7e8c3ae0d.settings.selectionCondition.__assoc__.1.0', '\"fieldContext\"'),
('fields.4541f1d9-e14f-4091-82c8-95b7e8c3ae0d.settings.selectionCondition.__assoc__.1.1', '\"global\"'),
('fields.4541f1d9-e14f-4091-82c8-95b7e8c3ae0d.settings.selectionCondition.__assoc__.2.0', '\"class\"'),
('fields.4541f1d9-e14f-4091-82c8-95b7e8c3ae0d.settings.selectionCondition.__assoc__.2.1', '\"craft\\\\elements\\\\conditions\\\\assets\\\\AssetCondition\"'),
('fields.4541f1d9-e14f-4091-82c8-95b7e8c3ae0d.settings.selectionLabel', 'null'),
('fields.4541f1d9-e14f-4091-82c8-95b7e8c3ae0d.settings.showSiteMenu', 'false'),
('fields.4541f1d9-e14f-4091-82c8-95b7e8c3ae0d.settings.showUnpermittedFiles', 'false'),
('fields.4541f1d9-e14f-4091-82c8-95b7e8c3ae0d.settings.showUnpermittedVolumes', 'false'),
('fields.4541f1d9-e14f-4091-82c8-95b7e8c3ae0d.settings.source', 'null'),
('fields.4541f1d9-e14f-4091-82c8-95b7e8c3ae0d.settings.sources.0', '\"volume:a0d82af4-339f-430f-9bb8-f2f455642252\"'),
('fields.4541f1d9-e14f-4091-82c8-95b7e8c3ae0d.settings.targetSiteId', 'null'),
('fields.4541f1d9-e14f-4091-82c8-95b7e8c3ae0d.settings.validateRelatedElements', 'false'),
('fields.4541f1d9-e14f-4091-82c8-95b7e8c3ae0d.settings.viewMode', '\"list\"'),
('fields.4541f1d9-e14f-4091-82c8-95b7e8c3ae0d.translationKeyFormat', 'null'),
('fields.4541f1d9-e14f-4091-82c8-95b7e8c3ae0d.translationMethod', '\"site\"'),
('fields.4541f1d9-e14f-4091-82c8-95b7e8c3ae0d.type', '\"craft\\\\fields\\\\Assets\"'),
('fields.4c74dba2-6366-46e7-b4ae-a02582b4677c.columnSuffix', 'null'),
('fields.4c74dba2-6366-46e7-b4ae-a02582b4677c.contentColumnType', '\"string\"'),
('fields.4c74dba2-6366-46e7-b4ae-a02582b4677c.fieldGroup', '\"ed4f4722-db0d-4f33-ac6c-827e244388d7\"'),
('fields.4c74dba2-6366-46e7-b4ae-a02582b4677c.handle', '\"relatedWork\"'),
('fields.4c74dba2-6366-46e7-b4ae-a02582b4677c.instructions', 'null'),
('fields.4c74dba2-6366-46e7-b4ae-a02582b4677c.name', '\"Related work\"'),
('fields.4c74dba2-6366-46e7-b4ae-a02582b4677c.searchable', 'false'),
('fields.4c74dba2-6366-46e7-b4ae-a02582b4677c.settings.allowSelfRelations', 'false'),
('fields.4c74dba2-6366-46e7-b4ae-a02582b4677c.settings.localizeRelations', 'false'),
('fields.4c74dba2-6366-46e7-b4ae-a02582b4677c.settings.maxRelations', '1'),
('fields.4c74dba2-6366-46e7-b4ae-a02582b4677c.settings.minRelations', 'null'),
('fields.4c74dba2-6366-46e7-b4ae-a02582b4677c.settings.selectionCondition.__assoc__.0.0', '\"elementType\"'),
('fields.4c74dba2-6366-46e7-b4ae-a02582b4677c.settings.selectionCondition.__assoc__.0.1', '\"craft\\\\elements\\\\Entry\"'),
('fields.4c74dba2-6366-46e7-b4ae-a02582b4677c.settings.selectionCondition.__assoc__.1.0', '\"fieldContext\"'),
('fields.4c74dba2-6366-46e7-b4ae-a02582b4677c.settings.selectionCondition.__assoc__.1.1', '\"global\"'),
('fields.4c74dba2-6366-46e7-b4ae-a02582b4677c.settings.selectionCondition.__assoc__.2.0', '\"class\"'),
('fields.4c74dba2-6366-46e7-b4ae-a02582b4677c.settings.selectionCondition.__assoc__.2.1', '\"craft\\\\elements\\\\conditions\\\\entries\\\\EntryCondition\"'),
('fields.4c74dba2-6366-46e7-b4ae-a02582b4677c.settings.selectionLabel', 'null'),
('fields.4c74dba2-6366-46e7-b4ae-a02582b4677c.settings.showSiteMenu', 'false'),
('fields.4c74dba2-6366-46e7-b4ae-a02582b4677c.settings.source', 'null'),
('fields.4c74dba2-6366-46e7-b4ae-a02582b4677c.settings.sources.0', '\"section:24bb6f49-5a05-4f93-8dea-a874654c6cbd\"'),
('fields.4c74dba2-6366-46e7-b4ae-a02582b4677c.settings.targetSiteId', 'null'),
('fields.4c74dba2-6366-46e7-b4ae-a02582b4677c.settings.validateRelatedElements', 'false'),
('fields.4c74dba2-6366-46e7-b4ae-a02582b4677c.settings.viewMode', 'null'),
('fields.4c74dba2-6366-46e7-b4ae-a02582b4677c.translationKeyFormat', 'null'),
('fields.4c74dba2-6366-46e7-b4ae-a02582b4677c.translationMethod', '\"site\"'),
('fields.4c74dba2-6366-46e7-b4ae-a02582b4677c.type', '\"craft\\\\fields\\\\Entries\"'),
('fields.51dc1ca6-1aae-44ed-89dd-a7b0b687c681.columnSuffix', 'null'),
('fields.51dc1ca6-1aae-44ed-89dd-a7b0b687c681.contentColumnType', '\"string\"'),
('fields.51dc1ca6-1aae-44ed-89dd-a7b0b687c681.fieldGroup', '\"ed4f4722-db0d-4f33-ac6c-827e244388d7\"'),
('fields.51dc1ca6-1aae-44ed-89dd-a7b0b687c681.handle', '\"image\"'),
('fields.51dc1ca6-1aae-44ed-89dd-a7b0b687c681.instructions', 'null'),
('fields.51dc1ca6-1aae-44ed-89dd-a7b0b687c681.name', '\"Image\"'),
('fields.51dc1ca6-1aae-44ed-89dd-a7b0b687c681.searchable', 'false'),
('fields.51dc1ca6-1aae-44ed-89dd-a7b0b687c681.settings.allowedKinds.0', '\"image\"'),
('fields.51dc1ca6-1aae-44ed-89dd-a7b0b687c681.settings.allowedKinds.1', '\"video\"'),
('fields.51dc1ca6-1aae-44ed-89dd-a7b0b687c681.settings.allowSelfRelations', 'false'),
('fields.51dc1ca6-1aae-44ed-89dd-a7b0b687c681.settings.allowSubfolders', 'false'),
('fields.51dc1ca6-1aae-44ed-89dd-a7b0b687c681.settings.allowUploads', 'true'),
('fields.51dc1ca6-1aae-44ed-89dd-a7b0b687c681.settings.defaultUploadLocationSource', '\"volume:f3d4e367-d7dd-459c-a9de-11dd87a70cdc\"'),
('fields.51dc1ca6-1aae-44ed-89dd-a7b0b687c681.settings.defaultUploadLocationSubpath', 'null'),
('fields.51dc1ca6-1aae-44ed-89dd-a7b0b687c681.settings.localizeRelations', 'false'),
('fields.51dc1ca6-1aae-44ed-89dd-a7b0b687c681.settings.maxRelations', '1'),
('fields.51dc1ca6-1aae-44ed-89dd-a7b0b687c681.settings.minRelations', 'null'),
('fields.51dc1ca6-1aae-44ed-89dd-a7b0b687c681.settings.previewMode', '\"full\"'),
('fields.51dc1ca6-1aae-44ed-89dd-a7b0b687c681.settings.restrictedDefaultUploadSubpath', 'null'),
('fields.51dc1ca6-1aae-44ed-89dd-a7b0b687c681.settings.restrictedLocationSource', '\"volume:f3d4e367-d7dd-459c-a9de-11dd87a70cdc\"'),
('fields.51dc1ca6-1aae-44ed-89dd-a7b0b687c681.settings.restrictedLocationSubpath', 'null'),
('fields.51dc1ca6-1aae-44ed-89dd-a7b0b687c681.settings.restrictFiles', 'true'),
('fields.51dc1ca6-1aae-44ed-89dd-a7b0b687c681.settings.restrictLocation', 'false'),
('fields.51dc1ca6-1aae-44ed-89dd-a7b0b687c681.settings.selectionCondition.__assoc__.0.0', '\"elementType\"'),
('fields.51dc1ca6-1aae-44ed-89dd-a7b0b687c681.settings.selectionCondition.__assoc__.0.1', '\"craft\\\\elements\\\\Asset\"'),
('fields.51dc1ca6-1aae-44ed-89dd-a7b0b687c681.settings.selectionCondition.__assoc__.1.0', '\"fieldContext\"'),
('fields.51dc1ca6-1aae-44ed-89dd-a7b0b687c681.settings.selectionCondition.__assoc__.1.1', '\"global\"'),
('fields.51dc1ca6-1aae-44ed-89dd-a7b0b687c681.settings.selectionCondition.__assoc__.2.0', '\"class\"'),
('fields.51dc1ca6-1aae-44ed-89dd-a7b0b687c681.settings.selectionCondition.__assoc__.2.1', '\"craft\\\\elements\\\\conditions\\\\assets\\\\AssetCondition\"'),
('fields.51dc1ca6-1aae-44ed-89dd-a7b0b687c681.settings.selectionLabel', 'null'),
('fields.51dc1ca6-1aae-44ed-89dd-a7b0b687c681.settings.showSiteMenu', 'true'),
('fields.51dc1ca6-1aae-44ed-89dd-a7b0b687c681.settings.showUnpermittedFiles', 'false'),
('fields.51dc1ca6-1aae-44ed-89dd-a7b0b687c681.settings.showUnpermittedVolumes', 'false'),
('fields.51dc1ca6-1aae-44ed-89dd-a7b0b687c681.settings.source', 'null'),
('fields.51dc1ca6-1aae-44ed-89dd-a7b0b687c681.settings.sources.0', '\"volume:f3d4e367-d7dd-459c-a9de-11dd87a70cdc\"'),
('fields.51dc1ca6-1aae-44ed-89dd-a7b0b687c681.settings.sources.1', '\"volume:a0d82af4-339f-430f-9bb8-f2f455642252\"'),
('fields.51dc1ca6-1aae-44ed-89dd-a7b0b687c681.settings.targetSiteId', 'null'),
('fields.51dc1ca6-1aae-44ed-89dd-a7b0b687c681.settings.validateRelatedElements', 'false'),
('fields.51dc1ca6-1aae-44ed-89dd-a7b0b687c681.settings.viewMode', '\"list\"'),
('fields.51dc1ca6-1aae-44ed-89dd-a7b0b687c681.translationKeyFormat', 'null'),
('fields.51dc1ca6-1aae-44ed-89dd-a7b0b687c681.translationMethod', '\"site\"'),
('fields.51dc1ca6-1aae-44ed-89dd-a7b0b687c681.type', '\"craft\\\\fields\\\\Assets\"'),
('fields.62200b20-36fe-447f-aaec-97df6bb416a1.columnSuffix', '\"bgrczghi\"'),
('fields.62200b20-36fe-447f-aaec-97df6bb416a1.contentColumnType', '\"text\"'),
('fields.62200b20-36fe-447f-aaec-97df6bb416a1.fieldGroup', '\"1732d711-cc92-4fbd-adc5-0089e90fad79\"'),
('fields.62200b20-36fe-447f-aaec-97df6bb416a1.handle', '\"website\"'),
('fields.62200b20-36fe-447f-aaec-97df6bb416a1.instructions', 'null'),
('fields.62200b20-36fe-447f-aaec-97df6bb416a1.name', '\"Website\"'),
('fields.62200b20-36fe-447f-aaec-97df6bb416a1.searchable', 'false'),
('fields.62200b20-36fe-447f-aaec-97df6bb416a1.settings.byteLimit', 'null'),
('fields.62200b20-36fe-447f-aaec-97df6bb416a1.settings.charLimit', 'null'),
('fields.62200b20-36fe-447f-aaec-97df6bb416a1.settings.code', 'false'),
('fields.62200b20-36fe-447f-aaec-97df6bb416a1.settings.columnType', 'null'),
('fields.62200b20-36fe-447f-aaec-97df6bb416a1.settings.initialRows', '4'),
('fields.62200b20-36fe-447f-aaec-97df6bb416a1.settings.multiline', 'false'),
('fields.62200b20-36fe-447f-aaec-97df6bb416a1.settings.placeholder', 'null'),
('fields.62200b20-36fe-447f-aaec-97df6bb416a1.settings.uiMode', '\"normal\"'),
('fields.62200b20-36fe-447f-aaec-97df6bb416a1.translationKeyFormat', 'null'),
('fields.62200b20-36fe-447f-aaec-97df6bb416a1.translationMethod', '\"none\"'),
('fields.62200b20-36fe-447f-aaec-97df6bb416a1.type', '\"craft\\\\fields\\\\PlainText\"'),
('fields.6b186c3a-d3e2-4d9b-b349-b37fb2fd2227.columnSuffix', 'null'),
('fields.6b186c3a-d3e2-4d9b-b349-b37fb2fd2227.contentColumnType', '\"string\"'),
('fields.6b186c3a-d3e2-4d9b-b349-b37fb2fd2227.fieldGroup', '\"ed4f4722-db0d-4f33-ac6c-827e244388d7\"'),
('fields.6b186c3a-d3e2-4d9b-b349-b37fb2fd2227.handle', '\"backgroundImage\"'),
('fields.6b186c3a-d3e2-4d9b-b349-b37fb2fd2227.instructions', 'null'),
('fields.6b186c3a-d3e2-4d9b-b349-b37fb2fd2227.name', '\"Background image\"'),
('fields.6b186c3a-d3e2-4d9b-b349-b37fb2fd2227.searchable', 'false'),
('fields.6b186c3a-d3e2-4d9b-b349-b37fb2fd2227.settings.allowedKinds.0', '\"image\"'),
('fields.6b186c3a-d3e2-4d9b-b349-b37fb2fd2227.settings.allowSelfRelations', 'false'),
('fields.6b186c3a-d3e2-4d9b-b349-b37fb2fd2227.settings.allowSubfolders', 'false'),
('fields.6b186c3a-d3e2-4d9b-b349-b37fb2fd2227.settings.allowUploads', 'true'),
('fields.6b186c3a-d3e2-4d9b-b349-b37fb2fd2227.settings.defaultUploadLocationSource', '\"volume:f3d4e367-d7dd-459c-a9de-11dd87a70cdc\"'),
('fields.6b186c3a-d3e2-4d9b-b349-b37fb2fd2227.settings.defaultUploadLocationSubpath', 'null'),
('fields.6b186c3a-d3e2-4d9b-b349-b37fb2fd2227.settings.localizeRelations', 'false'),
('fields.6b186c3a-d3e2-4d9b-b349-b37fb2fd2227.settings.maxRelations', '1'),
('fields.6b186c3a-d3e2-4d9b-b349-b37fb2fd2227.settings.minRelations', 'null'),
('fields.6b186c3a-d3e2-4d9b-b349-b37fb2fd2227.settings.previewMode', '\"full\"'),
('fields.6b186c3a-d3e2-4d9b-b349-b37fb2fd2227.settings.restrictedDefaultUploadSubpath', 'null'),
('fields.6b186c3a-d3e2-4d9b-b349-b37fb2fd2227.settings.restrictedLocationSource', '\"volume:f3d4e367-d7dd-459c-a9de-11dd87a70cdc\"'),
('fields.6b186c3a-d3e2-4d9b-b349-b37fb2fd2227.settings.restrictedLocationSubpath', 'null'),
('fields.6b186c3a-d3e2-4d9b-b349-b37fb2fd2227.settings.restrictFiles', 'true'),
('fields.6b186c3a-d3e2-4d9b-b349-b37fb2fd2227.settings.restrictLocation', 'false'),
('fields.6b186c3a-d3e2-4d9b-b349-b37fb2fd2227.settings.selectionCondition.__assoc__.0.0', '\"elementType\"'),
('fields.6b186c3a-d3e2-4d9b-b349-b37fb2fd2227.settings.selectionCondition.__assoc__.0.1', '\"craft\\\\elements\\\\Asset\"'),
('fields.6b186c3a-d3e2-4d9b-b349-b37fb2fd2227.settings.selectionCondition.__assoc__.1.0', '\"fieldContext\"'),
('fields.6b186c3a-d3e2-4d9b-b349-b37fb2fd2227.settings.selectionCondition.__assoc__.1.1', '\"global\"'),
('fields.6b186c3a-d3e2-4d9b-b349-b37fb2fd2227.settings.selectionCondition.__assoc__.2.0', '\"class\"'),
('fields.6b186c3a-d3e2-4d9b-b349-b37fb2fd2227.settings.selectionCondition.__assoc__.2.1', '\"craft\\\\elements\\\\conditions\\\\assets\\\\AssetCondition\"'),
('fields.6b186c3a-d3e2-4d9b-b349-b37fb2fd2227.settings.selectionLabel', 'null'),
('fields.6b186c3a-d3e2-4d9b-b349-b37fb2fd2227.settings.showSiteMenu', 'false'),
('fields.6b186c3a-d3e2-4d9b-b349-b37fb2fd2227.settings.showUnpermittedFiles', 'false'),
('fields.6b186c3a-d3e2-4d9b-b349-b37fb2fd2227.settings.showUnpermittedVolumes', 'false'),
('fields.6b186c3a-d3e2-4d9b-b349-b37fb2fd2227.settings.source', 'null'),
('fields.6b186c3a-d3e2-4d9b-b349-b37fb2fd2227.settings.sources.0', '\"volume:f3d4e367-d7dd-459c-a9de-11dd87a70cdc\"'),
('fields.6b186c3a-d3e2-4d9b-b349-b37fb2fd2227.settings.targetSiteId', 'null'),
('fields.6b186c3a-d3e2-4d9b-b349-b37fb2fd2227.settings.validateRelatedElements', 'false'),
('fields.6b186c3a-d3e2-4d9b-b349-b37fb2fd2227.settings.viewMode', '\"list\"'),
('fields.6b186c3a-d3e2-4d9b-b349-b37fb2fd2227.translationKeyFormat', 'null'),
('fields.6b186c3a-d3e2-4d9b-b349-b37fb2fd2227.translationMethod', '\"site\"'),
('fields.6b186c3a-d3e2-4d9b-b349-b37fb2fd2227.type', '\"craft\\\\fields\\\\Assets\"'),
('fields.76140e88-ea52-4bcd-9518-7dab11324050.columnSuffix', '\"ynsuuido\"'),
('fields.76140e88-ea52-4bcd-9518-7dab11324050.contentColumnType', '\"text\"'),
('fields.76140e88-ea52-4bcd-9518-7dab11324050.fieldGroup', '\"1732d711-cc92-4fbd-adc5-0089e90fad79\"'),
('fields.76140e88-ea52-4bcd-9518-7dab11324050.handle', '\"altTitle\"'),
('fields.76140e88-ea52-4bcd-9518-7dab11324050.instructions', 'null'),
('fields.76140e88-ea52-4bcd-9518-7dab11324050.name', '\"Alt title\"'),
('fields.76140e88-ea52-4bcd-9518-7dab11324050.searchable', 'false'),
('fields.76140e88-ea52-4bcd-9518-7dab11324050.settings.byteLimit', 'null'),
('fields.76140e88-ea52-4bcd-9518-7dab11324050.settings.charLimit', 'null'),
('fields.76140e88-ea52-4bcd-9518-7dab11324050.settings.code', 'false'),
('fields.76140e88-ea52-4bcd-9518-7dab11324050.settings.columnType', 'null'),
('fields.76140e88-ea52-4bcd-9518-7dab11324050.settings.initialRows', '4'),
('fields.76140e88-ea52-4bcd-9518-7dab11324050.settings.multiline', 'false'),
('fields.76140e88-ea52-4bcd-9518-7dab11324050.settings.placeholder', 'null');

INSERT INTO `projectconfig` (`path`, `value`) VALUES
('fields.76140e88-ea52-4bcd-9518-7dab11324050.settings.uiMode', '\"normal\"'),
('fields.76140e88-ea52-4bcd-9518-7dab11324050.translationKeyFormat', 'null'),
('fields.76140e88-ea52-4bcd-9518-7dab11324050.translationMethod', '\"none\"'),
('fields.76140e88-ea52-4bcd-9518-7dab11324050.type', '\"craft\\\\fields\\\\PlainText\"'),
('fields.932d3d9e-80c2-4456-9702-a476fbd8d6be.columnSuffix', 'null'),
('fields.932d3d9e-80c2-4456-9702-a476fbd8d6be.contentColumnType', '\"string\"'),
('fields.932d3d9e-80c2-4456-9702-a476fbd8d6be.fieldGroup', '\"5d2ba0b1-fb49-4ddd-9890-cd397a5e9f88\"'),
('fields.932d3d9e-80c2-4456-9702-a476fbd8d6be.handle', '\"work\"'),
('fields.932d3d9e-80c2-4456-9702-a476fbd8d6be.instructions', 'null'),
('fields.932d3d9e-80c2-4456-9702-a476fbd8d6be.name', '\"Work\"'),
('fields.932d3d9e-80c2-4456-9702-a476fbd8d6be.searchable', 'false'),
('fields.932d3d9e-80c2-4456-9702-a476fbd8d6be.settings.allowSelfRelations', 'false'),
('fields.932d3d9e-80c2-4456-9702-a476fbd8d6be.settings.localizeRelations', 'false'),
('fields.932d3d9e-80c2-4456-9702-a476fbd8d6be.settings.maxRelations', 'null'),
('fields.932d3d9e-80c2-4456-9702-a476fbd8d6be.settings.minRelations', 'null'),
('fields.932d3d9e-80c2-4456-9702-a476fbd8d6be.settings.selectionCondition.__assoc__.0.0', '\"elementType\"'),
('fields.932d3d9e-80c2-4456-9702-a476fbd8d6be.settings.selectionCondition.__assoc__.0.1', '\"craft\\\\elements\\\\Entry\"'),
('fields.932d3d9e-80c2-4456-9702-a476fbd8d6be.settings.selectionCondition.__assoc__.1.0', '\"fieldContext\"'),
('fields.932d3d9e-80c2-4456-9702-a476fbd8d6be.settings.selectionCondition.__assoc__.1.1', '\"global\"'),
('fields.932d3d9e-80c2-4456-9702-a476fbd8d6be.settings.selectionCondition.__assoc__.2.0', '\"class\"'),
('fields.932d3d9e-80c2-4456-9702-a476fbd8d6be.settings.selectionCondition.__assoc__.2.1', '\"craft\\\\elements\\\\conditions\\\\entries\\\\EntryCondition\"'),
('fields.932d3d9e-80c2-4456-9702-a476fbd8d6be.settings.selectionLabel', 'null'),
('fields.932d3d9e-80c2-4456-9702-a476fbd8d6be.settings.showSiteMenu', 'false'),
('fields.932d3d9e-80c2-4456-9702-a476fbd8d6be.settings.source', 'null'),
('fields.932d3d9e-80c2-4456-9702-a476fbd8d6be.settings.sources.0', '\"section:24bb6f49-5a05-4f93-8dea-a874654c6cbd\"'),
('fields.932d3d9e-80c2-4456-9702-a476fbd8d6be.settings.targetSiteId', 'null'),
('fields.932d3d9e-80c2-4456-9702-a476fbd8d6be.settings.validateRelatedElements', 'false'),
('fields.932d3d9e-80c2-4456-9702-a476fbd8d6be.settings.viewMode', 'null'),
('fields.932d3d9e-80c2-4456-9702-a476fbd8d6be.translationKeyFormat', 'null'),
('fields.932d3d9e-80c2-4456-9702-a476fbd8d6be.translationMethod', '\"site\"'),
('fields.932d3d9e-80c2-4456-9702-a476fbd8d6be.type', '\"craft\\\\fields\\\\Entries\"'),
('fields.937f08fb-c57a-4702-a099-98dd7db74e7f.columnSuffix', 'null'),
('fields.937f08fb-c57a-4702-a099-98dd7db74e7f.contentColumnType', '\"string\"'),
('fields.937f08fb-c57a-4702-a099-98dd7db74e7f.fieldGroup', '\"ed4f4722-db0d-4f33-ac6c-827e244388d7\"'),
('fields.937f08fb-c57a-4702-a099-98dd7db74e7f.handle', '\"blocks\"'),
('fields.937f08fb-c57a-4702-a099-98dd7db74e7f.instructions', 'null'),
('fields.937f08fb-c57a-4702-a099-98dd7db74e7f.name', '\"Blocks\"'),
('fields.937f08fb-c57a-4702-a099-98dd7db74e7f.searchable', 'false'),
('fields.937f08fb-c57a-4702-a099-98dd7db74e7f.settings.maxBlocks', 'null'),
('fields.937f08fb-c57a-4702-a099-98dd7db74e7f.settings.maxLevels', 'null'),
('fields.937f08fb-c57a-4702-a099-98dd7db74e7f.settings.maxTopBlocks', 'null'),
('fields.937f08fb-c57a-4702-a099-98dd7db74e7f.settings.minBlocks', 'null'),
('fields.937f08fb-c57a-4702-a099-98dd7db74e7f.settings.minLevels', 'null'),
('fields.937f08fb-c57a-4702-a099-98dd7db74e7f.settings.minTopBlocks', 'null'),
('fields.937f08fb-c57a-4702-a099-98dd7db74e7f.settings.propagationKeyFormat', 'null'),
('fields.937f08fb-c57a-4702-a099-98dd7db74e7f.settings.propagationMethod', '\"all\"'),
('fields.937f08fb-c57a-4702-a099-98dd7db74e7f.translationKeyFormat', 'null'),
('fields.937f08fb-c57a-4702-a099-98dd7db74e7f.translationMethod', '\"site\"'),
('fields.937f08fb-c57a-4702-a099-98dd7db74e7f.type', '\"benf\\\\neo\\\\Field\"'),
('fields.95efe7fb-840a-4c0c-818b-f44d3458d1b4.columnSuffix', '\"zuydrfip\"'),
('fields.95efe7fb-840a-4c0c-818b-f44d3458d1b4.contentColumnType', '\"text\"'),
('fields.95efe7fb-840a-4c0c-818b-f44d3458d1b4.fieldGroup', '\"ed4f4722-db0d-4f33-ac6c-827e244388d7\"'),
('fields.95efe7fb-840a-4c0c-818b-f44d3458d1b4.handle', '\"seo\"'),
('fields.95efe7fb-840a-4c0c-818b-f44d3458d1b4.instructions', 'null'),
('fields.95efe7fb-840a-4c0c-818b-f44d3458d1b4.name', '\"SEO\"'),
('fields.95efe7fb-840a-4c0c-818b-f44d3458d1b4.searchable', 'false'),
('fields.95efe7fb-840a-4c0c-818b-f44d3458d1b4.settings.description', '\"\"'),
('fields.95efe7fb-840a-4c0c-818b-f44d3458d1b4.settings.hideSocial', '\"\"'),
('fields.95efe7fb-840a-4c0c-818b-f44d3458d1b4.settings.robots.0', '\"\"'),
('fields.95efe7fb-840a-4c0c-818b-f44d3458d1b4.settings.robots.1', '\"\"'),
('fields.95efe7fb-840a-4c0c-818b-f44d3458d1b4.settings.robots.2', '\"\"'),
('fields.95efe7fb-840a-4c0c-818b-f44d3458d1b4.settings.robots.3', '\"\"'),
('fields.95efe7fb-840a-4c0c-818b-f44d3458d1b4.settings.robots.4', '\"\"'),
('fields.95efe7fb-840a-4c0c-818b-f44d3458d1b4.settings.robots.5', '\"\"'),
('fields.95efe7fb-840a-4c0c-818b-f44d3458d1b4.settings.socialImage', '\"\"'),
('fields.95efe7fb-840a-4c0c-818b-f44d3458d1b4.settings.suffixAsPrefix', 'null'),
('fields.95efe7fb-840a-4c0c-818b-f44d3458d1b4.settings.title.0.__assoc__.0.0', '\"key\"'),
('fields.95efe7fb-840a-4c0c-818b-f44d3458d1b4.settings.title.0.__assoc__.0.1', '\"1\"'),
('fields.95efe7fb-840a-4c0c-818b-f44d3458d1b4.settings.title.0.__assoc__.1.0', '\"locked\"'),
('fields.95efe7fb-840a-4c0c-818b-f44d3458d1b4.settings.title.0.__assoc__.1.1', '\"0\"'),
('fields.95efe7fb-840a-4c0c-818b-f44d3458d1b4.settings.title.0.__assoc__.2.0', '\"template\"'),
('fields.95efe7fb-840a-4c0c-818b-f44d3458d1b4.settings.title.0.__assoc__.2.1', '\"{title}\"'),
('fields.95efe7fb-840a-4c0c-818b-f44d3458d1b4.settings.title.1.__assoc__.0.0', '\"key\"'),
('fields.95efe7fb-840a-4c0c-818b-f44d3458d1b4.settings.title.1.__assoc__.0.1', '\"2\"'),
('fields.95efe7fb-840a-4c0c-818b-f44d3458d1b4.settings.title.1.__assoc__.1.0', '\"locked\"'),
('fields.95efe7fb-840a-4c0c-818b-f44d3458d1b4.settings.title.1.__assoc__.1.1', '\"1\"'),
('fields.95efe7fb-840a-4c0c-818b-f44d3458d1b4.settings.title.1.__assoc__.2.0', '\"template\"'),
('fields.95efe7fb-840a-4c0c-818b-f44d3458d1b4.settings.title.1.__assoc__.2.1', '\" - {{ siteName }}\"'),
('fields.95efe7fb-840a-4c0c-818b-f44d3458d1b4.settings.titleSuffix', 'null'),
('fields.95efe7fb-840a-4c0c-818b-f44d3458d1b4.translationKeyFormat', 'null'),
('fields.95efe7fb-840a-4c0c-818b-f44d3458d1b4.translationMethod', '\"none\"'),
('fields.95efe7fb-840a-4c0c-818b-f44d3458d1b4.type', '\"ether\\\\seo\\\\fields\\\\SeoField\"'),
('fields.993b0220-7fbc-4c8f-94e6-10a6bffad528.columnSuffix', '\"lblohqph\"'),
('fields.993b0220-7fbc-4c8f-94e6-10a6bffad528.contentColumnType', '\"text\"'),
('fields.993b0220-7fbc-4c8f-94e6-10a6bffad528.fieldGroup', '\"ed4f4722-db0d-4f33-ac6c-827e244388d7\"'),
('fields.993b0220-7fbc-4c8f-94e6-10a6bffad528.handle', '\"emailAddress\"'),
('fields.993b0220-7fbc-4c8f-94e6-10a6bffad528.instructions', 'null'),
('fields.993b0220-7fbc-4c8f-94e6-10a6bffad528.name', '\"Email address\"'),
('fields.993b0220-7fbc-4c8f-94e6-10a6bffad528.searchable', 'false'),
('fields.993b0220-7fbc-4c8f-94e6-10a6bffad528.settings.byteLimit', 'null'),
('fields.993b0220-7fbc-4c8f-94e6-10a6bffad528.settings.charLimit', 'null'),
('fields.993b0220-7fbc-4c8f-94e6-10a6bffad528.settings.code', 'false'),
('fields.993b0220-7fbc-4c8f-94e6-10a6bffad528.settings.columnType', 'null'),
('fields.993b0220-7fbc-4c8f-94e6-10a6bffad528.settings.initialRows', '4'),
('fields.993b0220-7fbc-4c8f-94e6-10a6bffad528.settings.multiline', 'false'),
('fields.993b0220-7fbc-4c8f-94e6-10a6bffad528.settings.placeholder', 'null'),
('fields.993b0220-7fbc-4c8f-94e6-10a6bffad528.settings.uiMode', '\"normal\"'),
('fields.993b0220-7fbc-4c8f-94e6-10a6bffad528.translationKeyFormat', 'null'),
('fields.993b0220-7fbc-4c8f-94e6-10a6bffad528.translationMethod', '\"none\"'),
('fields.993b0220-7fbc-4c8f-94e6-10a6bffad528.type', '\"craft\\\\fields\\\\PlainText\"'),
('fields.9b85cb2e-64d9-43b5-8693-68097a618895.columnSuffix', '\"ksiduvla\"'),
('fields.9b85cb2e-64d9-43b5-8693-68097a618895.contentColumnType', '\"text\"'),
('fields.9b85cb2e-64d9-43b5-8693-68097a618895.fieldGroup', '\"ed4f4722-db0d-4f33-ac6c-827e244388d7\"'),
('fields.9b85cb2e-64d9-43b5-8693-68097a618895.handle', '\"heading\"'),
('fields.9b85cb2e-64d9-43b5-8693-68097a618895.instructions', 'null'),
('fields.9b85cb2e-64d9-43b5-8693-68097a618895.name', '\"Heading\"'),
('fields.9b85cb2e-64d9-43b5-8693-68097a618895.searchable', 'false'),
('fields.9b85cb2e-64d9-43b5-8693-68097a618895.settings.byteLimit', 'null'),
('fields.9b85cb2e-64d9-43b5-8693-68097a618895.settings.charLimit', 'null'),
('fields.9b85cb2e-64d9-43b5-8693-68097a618895.settings.code', 'false'),
('fields.9b85cb2e-64d9-43b5-8693-68097a618895.settings.columnType', 'null'),
('fields.9b85cb2e-64d9-43b5-8693-68097a618895.settings.initialRows', '4'),
('fields.9b85cb2e-64d9-43b5-8693-68097a618895.settings.multiline', 'false'),
('fields.9b85cb2e-64d9-43b5-8693-68097a618895.settings.placeholder', 'null'),
('fields.9b85cb2e-64d9-43b5-8693-68097a618895.settings.uiMode', '\"normal\"'),
('fields.9b85cb2e-64d9-43b5-8693-68097a618895.translationKeyFormat', 'null'),
('fields.9b85cb2e-64d9-43b5-8693-68097a618895.translationMethod', '\"none\"'),
('fields.9b85cb2e-64d9-43b5-8693-68097a618895.type', '\"craft\\\\fields\\\\PlainText\"'),
('fields.a0e4f2eb-7480-4c82-a5e0-1675bebe0a16.columnSuffix', '\"xkrzeiog\"'),
('fields.a0e4f2eb-7480-4c82-a5e0-1675bebe0a16.contentColumnType', '\"text\"'),
('fields.a0e4f2eb-7480-4c82-a5e0-1675bebe0a16.fieldGroup', '\"1732d711-cc92-4fbd-adc5-0089e90fad79\"'),
('fields.a0e4f2eb-7480-4c82-a5e0-1675bebe0a16.handle', '\"form\"'),
('fields.a0e4f2eb-7480-4c82-a5e0-1675bebe0a16.instructions', 'null'),
('fields.a0e4f2eb-7480-4c82-a5e0-1675bebe0a16.name', '\"Form\"'),
('fields.a0e4f2eb-7480-4c82-a5e0-1675bebe0a16.searchable', 'false'),
('fields.a0e4f2eb-7480-4c82-a5e0-1675bebe0a16.settings.byteLimit', 'null'),
('fields.a0e4f2eb-7480-4c82-a5e0-1675bebe0a16.settings.charLimit', 'null'),
('fields.a0e4f2eb-7480-4c82-a5e0-1675bebe0a16.settings.code', 'false'),
('fields.a0e4f2eb-7480-4c82-a5e0-1675bebe0a16.settings.columnType', 'null'),
('fields.a0e4f2eb-7480-4c82-a5e0-1675bebe0a16.settings.initialRows', '4'),
('fields.a0e4f2eb-7480-4c82-a5e0-1675bebe0a16.settings.multiline', 'false'),
('fields.a0e4f2eb-7480-4c82-a5e0-1675bebe0a16.settings.placeholder', 'null'),
('fields.a0e4f2eb-7480-4c82-a5e0-1675bebe0a16.settings.uiMode', '\"normal\"'),
('fields.a0e4f2eb-7480-4c82-a5e0-1675bebe0a16.translationKeyFormat', 'null'),
('fields.a0e4f2eb-7480-4c82-a5e0-1675bebe0a16.translationMethod', '\"none\"'),
('fields.a0e4f2eb-7480-4c82-a5e0-1675bebe0a16.type', '\"craft\\\\fields\\\\PlainText\"'),
('fields.a6b876e1-27af-4290-b76e-235413141039.columnSuffix', 'null'),
('fields.a6b876e1-27af-4290-b76e-235413141039.contentColumnType', '\"string\"'),
('fields.a6b876e1-27af-4290-b76e-235413141039.fieldGroup', '\"ed4f4722-db0d-4f33-ac6c-827e244388d7\"'),
('fields.a6b876e1-27af-4290-b76e-235413141039.handle', '\"icon\"'),
('fields.a6b876e1-27af-4290-b76e-235413141039.instructions', 'null'),
('fields.a6b876e1-27af-4290-b76e-235413141039.name', '\"Icon\"'),
('fields.a6b876e1-27af-4290-b76e-235413141039.searchable', 'false'),
('fields.a6b876e1-27af-4290-b76e-235413141039.settings.allowedKinds.0', '\"image\"'),
('fields.a6b876e1-27af-4290-b76e-235413141039.settings.allowSelfRelations', 'false'),
('fields.a6b876e1-27af-4290-b76e-235413141039.settings.allowSubfolders', 'false'),
('fields.a6b876e1-27af-4290-b76e-235413141039.settings.allowUploads', 'true'),
('fields.a6b876e1-27af-4290-b76e-235413141039.settings.defaultUploadLocationSource', '\"volume:6c870524-7160-4e88-b357-1b6747f3c7ea\"'),
('fields.a6b876e1-27af-4290-b76e-235413141039.settings.defaultUploadLocationSubpath', 'null'),
('fields.a6b876e1-27af-4290-b76e-235413141039.settings.localizeRelations', 'false'),
('fields.a6b876e1-27af-4290-b76e-235413141039.settings.maxRelations', '1'),
('fields.a6b876e1-27af-4290-b76e-235413141039.settings.minRelations', 'null'),
('fields.a6b876e1-27af-4290-b76e-235413141039.settings.previewMode', '\"full\"'),
('fields.a6b876e1-27af-4290-b76e-235413141039.settings.restrictedDefaultUploadSubpath', 'null'),
('fields.a6b876e1-27af-4290-b76e-235413141039.settings.restrictedLocationSource', '\"volume:f3d4e367-d7dd-459c-a9de-11dd87a70cdc\"'),
('fields.a6b876e1-27af-4290-b76e-235413141039.settings.restrictedLocationSubpath', 'null'),
('fields.a6b876e1-27af-4290-b76e-235413141039.settings.restrictFiles', 'true'),
('fields.a6b876e1-27af-4290-b76e-235413141039.settings.restrictLocation', 'false'),
('fields.a6b876e1-27af-4290-b76e-235413141039.settings.selectionCondition.__assoc__.0.0', '\"elementType\"'),
('fields.a6b876e1-27af-4290-b76e-235413141039.settings.selectionCondition.__assoc__.0.1', '\"craft\\\\elements\\\\Asset\"'),
('fields.a6b876e1-27af-4290-b76e-235413141039.settings.selectionCondition.__assoc__.1.0', '\"fieldContext\"'),
('fields.a6b876e1-27af-4290-b76e-235413141039.settings.selectionCondition.__assoc__.1.1', '\"global\"'),
('fields.a6b876e1-27af-4290-b76e-235413141039.settings.selectionCondition.__assoc__.2.0', '\"class\"'),
('fields.a6b876e1-27af-4290-b76e-235413141039.settings.selectionCondition.__assoc__.2.1', '\"craft\\\\elements\\\\conditions\\\\assets\\\\AssetCondition\"'),
('fields.a6b876e1-27af-4290-b76e-235413141039.settings.selectionLabel', 'null'),
('fields.a6b876e1-27af-4290-b76e-235413141039.settings.showSiteMenu', 'false'),
('fields.a6b876e1-27af-4290-b76e-235413141039.settings.showUnpermittedFiles', 'false'),
('fields.a6b876e1-27af-4290-b76e-235413141039.settings.showUnpermittedVolumes', 'false'),
('fields.a6b876e1-27af-4290-b76e-235413141039.settings.source', 'null'),
('fields.a6b876e1-27af-4290-b76e-235413141039.settings.sources.0', '\"volume:6c870524-7160-4e88-b357-1b6747f3c7ea\"'),
('fields.a6b876e1-27af-4290-b76e-235413141039.settings.targetSiteId', 'null'),
('fields.a6b876e1-27af-4290-b76e-235413141039.settings.validateRelatedElements', 'false'),
('fields.a6b876e1-27af-4290-b76e-235413141039.settings.viewMode', '\"list\"'),
('fields.a6b876e1-27af-4290-b76e-235413141039.translationKeyFormat', 'null'),
('fields.a6b876e1-27af-4290-b76e-235413141039.translationMethod', '\"site\"'),
('fields.a6b876e1-27af-4290-b76e-235413141039.type', '\"craft\\\\fields\\\\Assets\"'),
('fields.a9064f86-9264-425f-9101-7268b79f4974.columnSuffix', 'null'),
('fields.a9064f86-9264-425f-9101-7268b79f4974.contentColumnType', '\"string\"'),
('fields.a9064f86-9264-425f-9101-7268b79f4974.fieldGroup', '\"5d2ba0b1-fb49-4ddd-9890-cd397a5e9f88\"'),
('fields.a9064f86-9264-425f-9101-7268b79f4974.handle', '\"clients\"'),
('fields.a9064f86-9264-425f-9101-7268b79f4974.instructions', 'null'),
('fields.a9064f86-9264-425f-9101-7268b79f4974.name', '\"Clients\"'),
('fields.a9064f86-9264-425f-9101-7268b79f4974.searchable', 'false'),
('fields.a9064f86-9264-425f-9101-7268b79f4974.settings.allowSelfRelations', 'false'),
('fields.a9064f86-9264-425f-9101-7268b79f4974.settings.localizeRelations', 'false'),
('fields.a9064f86-9264-425f-9101-7268b79f4974.settings.maxRelations', 'null'),
('fields.a9064f86-9264-425f-9101-7268b79f4974.settings.minRelations', 'null'),
('fields.a9064f86-9264-425f-9101-7268b79f4974.settings.selectionCondition.__assoc__.0.0', '\"elementType\"'),
('fields.a9064f86-9264-425f-9101-7268b79f4974.settings.selectionCondition.__assoc__.0.1', '\"craft\\\\elements\\\\Entry\"'),
('fields.a9064f86-9264-425f-9101-7268b79f4974.settings.selectionCondition.__assoc__.1.0', '\"fieldContext\"'),
('fields.a9064f86-9264-425f-9101-7268b79f4974.settings.selectionCondition.__assoc__.1.1', '\"global\"'),
('fields.a9064f86-9264-425f-9101-7268b79f4974.settings.selectionCondition.__assoc__.2.0', '\"class\"'),
('fields.a9064f86-9264-425f-9101-7268b79f4974.settings.selectionCondition.__assoc__.2.1', '\"craft\\\\elements\\\\conditions\\\\entries\\\\EntryCondition\"'),
('fields.a9064f86-9264-425f-9101-7268b79f4974.settings.selectionLabel', 'null'),
('fields.a9064f86-9264-425f-9101-7268b79f4974.settings.showSiteMenu', 'false'),
('fields.a9064f86-9264-425f-9101-7268b79f4974.settings.source', 'null'),
('fields.a9064f86-9264-425f-9101-7268b79f4974.settings.sources.0', '\"section:249aace2-bd89-4989-b2b3-504ad6214021\"'),
('fields.a9064f86-9264-425f-9101-7268b79f4974.settings.targetSiteId', 'null'),
('fields.a9064f86-9264-425f-9101-7268b79f4974.settings.validateRelatedElements', 'false'),
('fields.a9064f86-9264-425f-9101-7268b79f4974.settings.viewMode', 'null'),
('fields.a9064f86-9264-425f-9101-7268b79f4974.translationKeyFormat', 'null'),
('fields.a9064f86-9264-425f-9101-7268b79f4974.translationMethod', '\"site\"'),
('fields.a9064f86-9264-425f-9101-7268b79f4974.type', '\"craft\\\\fields\\\\Entries\"'),
('fields.ad2057fb-7a69-4edc-add1-60ca888e8e08.columnSuffix', '\"wclszjar\"'),
('fields.ad2057fb-7a69-4edc-add1-60ca888e8e08.contentColumnType', '\"text\"'),
('fields.ad2057fb-7a69-4edc-add1-60ca888e8e08.fieldGroup', '\"ed4f4722-db0d-4f33-ac6c-827e244388d7\"'),
('fields.ad2057fb-7a69-4edc-add1-60ca888e8e08.handle', '\"body\"'),
('fields.ad2057fb-7a69-4edc-add1-60ca888e8e08.instructions', 'null'),
('fields.ad2057fb-7a69-4edc-add1-60ca888e8e08.name', '\"Body\"'),
('fields.ad2057fb-7a69-4edc-add1-60ca888e8e08.searchable', 'false'),
('fields.ad2057fb-7a69-4edc-add1-60ca888e8e08.settings.availableTransforms', '\"\"'),
('fields.ad2057fb-7a69-4edc-add1-60ca888e8e08.settings.availableVolumes', '\"*\"'),
('fields.ad2057fb-7a69-4edc-add1-60ca888e8e08.settings.columnType', '\"text\"'),
('fields.ad2057fb-7a69-4edc-add1-60ca888e8e08.settings.configSelectionMode', '\"choose\"'),
('fields.ad2057fb-7a69-4edc-add1-60ca888e8e08.settings.defaultTransform', '\"\"'),
('fields.ad2057fb-7a69-4edc-add1-60ca888e8e08.settings.manualConfig', '\"\"'),
('fields.ad2057fb-7a69-4edc-add1-60ca888e8e08.settings.purifierConfig', 'null'),
('fields.ad2057fb-7a69-4edc-add1-60ca888e8e08.settings.purifyHtml', 'true'),
('fields.ad2057fb-7a69-4edc-add1-60ca888e8e08.settings.redactorConfig', 'null'),
('fields.ad2057fb-7a69-4edc-add1-60ca888e8e08.settings.removeEmptyTags', 'false'),
('fields.ad2057fb-7a69-4edc-add1-60ca888e8e08.settings.removeInlineStyles', 'false'),
('fields.ad2057fb-7a69-4edc-add1-60ca888e8e08.settings.removeNbsp', 'false'),
('fields.ad2057fb-7a69-4edc-add1-60ca888e8e08.settings.showHtmlButtonForNonAdmins', 'false'),
('fields.ad2057fb-7a69-4edc-add1-60ca888e8e08.settings.showUnpermittedFiles', 'false'),
('fields.ad2057fb-7a69-4edc-add1-60ca888e8e08.settings.showUnpermittedVolumes', 'false'),
('fields.ad2057fb-7a69-4edc-add1-60ca888e8e08.settings.uiMode', '\"enlarged\"'),
('fields.ad2057fb-7a69-4edc-add1-60ca888e8e08.translationKeyFormat', 'null'),
('fields.ad2057fb-7a69-4edc-add1-60ca888e8e08.translationMethod', '\"none\"'),
('fields.ad2057fb-7a69-4edc-add1-60ca888e8e08.type', '\"craft\\\\redactor\\\\Field\"'),
('fields.bbb252a6-5a9a-42ac-b9c1-d77c07a0582b.columnSuffix', '\"ltfkysnr\"'),
('fields.bbb252a6-5a9a-42ac-b9c1-d77c07a0582b.contentColumnType', '\"boolean\"'),
('fields.bbb252a6-5a9a-42ac-b9c1-d77c07a0582b.fieldGroup', '\"1732d711-cc92-4fbd-adc5-0089e90fad79\"'),
('fields.bbb252a6-5a9a-42ac-b9c1-d77c07a0582b.handle', '\"availableForWork\"'),
('fields.bbb252a6-5a9a-42ac-b9c1-d77c07a0582b.instructions', 'null'),
('fields.bbb252a6-5a9a-42ac-b9c1-d77c07a0582b.name', '\"Available for work?\"'),
('fields.bbb252a6-5a9a-42ac-b9c1-d77c07a0582b.searchable', 'false'),
('fields.bbb252a6-5a9a-42ac-b9c1-d77c07a0582b.settings.default', 'false'),
('fields.bbb252a6-5a9a-42ac-b9c1-d77c07a0582b.settings.offLabel', 'null'),
('fields.bbb252a6-5a9a-42ac-b9c1-d77c07a0582b.settings.onLabel', 'null'),
('fields.bbb252a6-5a9a-42ac-b9c1-d77c07a0582b.translationKeyFormat', 'null'),
('fields.bbb252a6-5a9a-42ac-b9c1-d77c07a0582b.translationMethod', '\"none\"'),
('fields.bbb252a6-5a9a-42ac-b9c1-d77c07a0582b.type', '\"craft\\\\fields\\\\Lightswitch\"'),
('fields.c454d863-60f4-46a6-a8f3-51bc5e3e2db8.columnSuffix', 'null'),
('fields.c454d863-60f4-46a6-a8f3-51bc5e3e2db8.contentColumnType', '\"string\"'),
('fields.c454d863-60f4-46a6-a8f3-51bc5e3e2db8.fieldGroup', '\"ed4f4722-db0d-4f33-ac6c-827e244388d7\"'),
('fields.c454d863-60f4-46a6-a8f3-51bc5e3e2db8.handle', '\"links\"'),
('fields.c454d863-60f4-46a6-a8f3-51bc5e3e2db8.instructions', 'null'),
('fields.c454d863-60f4-46a6-a8f3-51bc5e3e2db8.name', '\"Links\"'),
('fields.c454d863-60f4-46a6-a8f3-51bc5e3e2db8.searchable', 'false'),
('fields.c454d863-60f4-46a6-a8f3-51bc5e3e2db8.settings.blockTypeFields', '0'),
('fields.c454d863-60f4-46a6-a8f3-51bc5e3e2db8.settings.changedFieldIndicator', '784300651'),
('fields.c454d863-60f4-46a6-a8f3-51bc5e3e2db8.settings.columns.__assoc__.0.0', '\"9af558ff-8f1f-4d0f-ae70-4f0a5c2c5add\"'),
('fields.c454d863-60f4-46a6-a8f3-51bc5e3e2db8.settings.columns.__assoc__.0.1.__assoc__.0.0', '\"width\"'),
('fields.c454d863-60f4-46a6-a8f3-51bc5e3e2db8.settings.columns.__assoc__.0.1.__assoc__.0.1', '\"\"'),
('fields.c454d863-60f4-46a6-a8f3-51bc5e3e2db8.settings.contentTable', '\"{{%stc_links}}\"'),
('fields.c454d863-60f4-46a6-a8f3-51bc5e3e2db8.settings.fieldLayout', '\"table\"'),
('fields.c454d863-60f4-46a6-a8f3-51bc5e3e2db8.settings.maxRows', 'null'),
('fields.c454d863-60f4-46a6-a8f3-51bc5e3e2db8.settings.minRows', 'null'),
('fields.c454d863-60f4-46a6-a8f3-51bc5e3e2db8.settings.propagationKeyFormat', 'null'),
('fields.c454d863-60f4-46a6-a8f3-51bc5e3e2db8.settings.propagationMethod', '\"all\"'),
('fields.c454d863-60f4-46a6-a8f3-51bc5e3e2db8.settings.selectionLabel', 'null'),
('fields.c454d863-60f4-46a6-a8f3-51bc5e3e2db8.settings.staticField', 'null'),
('fields.c454d863-60f4-46a6-a8f3-51bc5e3e2db8.translationKeyFormat', 'null'),
('fields.c454d863-60f4-46a6-a8f3-51bc5e3e2db8.translationMethod', '\"none\"'),
('fields.c454d863-60f4-46a6-a8f3-51bc5e3e2db8.type', '\"verbb\\\\supertable\\\\fields\\\\SuperTableField\"'),
('fields.d64dba0e-b3dd-4726-a5f3-d77f911363a9.columnSuffix', '\"ohkiiplr\"'),
('fields.d64dba0e-b3dd-4726-a5f3-d77f911363a9.contentColumnType', '\"text\"'),
('fields.d64dba0e-b3dd-4726-a5f3-d77f911363a9.fieldGroup', '\"1732d711-cc92-4fbd-adc5-0089e90fad79\"'),
('fields.d64dba0e-b3dd-4726-a5f3-d77f911363a9.handle', '\"blockId\"'),
('fields.d64dba0e-b3dd-4726-a5f3-d77f911363a9.instructions', 'null'),
('fields.d64dba0e-b3dd-4726-a5f3-d77f911363a9.name', '\"Block ID\"'),
('fields.d64dba0e-b3dd-4726-a5f3-d77f911363a9.searchable', 'false'),
('fields.d64dba0e-b3dd-4726-a5f3-d77f911363a9.settings.byteLimit', 'null'),
('fields.d64dba0e-b3dd-4726-a5f3-d77f911363a9.settings.charLimit', 'null'),
('fields.d64dba0e-b3dd-4726-a5f3-d77f911363a9.settings.code', 'false'),
('fields.d64dba0e-b3dd-4726-a5f3-d77f911363a9.settings.columnType', 'null'),
('fields.d64dba0e-b3dd-4726-a5f3-d77f911363a9.settings.initialRows', '4'),
('fields.d64dba0e-b3dd-4726-a5f3-d77f911363a9.settings.multiline', 'false'),
('fields.d64dba0e-b3dd-4726-a5f3-d77f911363a9.settings.placeholder', 'null'),
('fields.d64dba0e-b3dd-4726-a5f3-d77f911363a9.settings.uiMode', '\"normal\"'),
('fields.d64dba0e-b3dd-4726-a5f3-d77f911363a9.translationKeyFormat', 'null'),
('fields.d64dba0e-b3dd-4726-a5f3-d77f911363a9.translationMethod', '\"none\"'),
('fields.d64dba0e-b3dd-4726-a5f3-d77f911363a9.type', '\"craft\\\\fields\\\\PlainText\"'),
('fields.deaa8b20-e3e8-49a2-9555-3f6a7839613e.columnSuffix', 'null'),
('fields.deaa8b20-e3e8-49a2-9555-3f6a7839613e.contentColumnType', '\"string\"'),
('fields.deaa8b20-e3e8-49a2-9555-3f6a7839613e.fieldGroup', '\"5d2ba0b1-fb49-4ddd-9890-cd397a5e9f88\"'),
('fields.deaa8b20-e3e8-49a2-9555-3f6a7839613e.handle', '\"services\"'),
('fields.deaa8b20-e3e8-49a2-9555-3f6a7839613e.instructions', 'null'),
('fields.deaa8b20-e3e8-49a2-9555-3f6a7839613e.name', '\"Services\"'),
('fields.deaa8b20-e3e8-49a2-9555-3f6a7839613e.searchable', 'false'),
('fields.deaa8b20-e3e8-49a2-9555-3f6a7839613e.settings.allowSelfRelations', 'false'),
('fields.deaa8b20-e3e8-49a2-9555-3f6a7839613e.settings.localizeRelations', 'false'),
('fields.deaa8b20-e3e8-49a2-9555-3f6a7839613e.settings.maxRelations', 'null'),
('fields.deaa8b20-e3e8-49a2-9555-3f6a7839613e.settings.minRelations', 'null'),
('fields.deaa8b20-e3e8-49a2-9555-3f6a7839613e.settings.selectionCondition.__assoc__.0.0', '\"elementType\"'),
('fields.deaa8b20-e3e8-49a2-9555-3f6a7839613e.settings.selectionCondition.__assoc__.0.1', '\"craft\\\\elements\\\\Entry\"'),
('fields.deaa8b20-e3e8-49a2-9555-3f6a7839613e.settings.selectionCondition.__assoc__.1.0', '\"fieldContext\"'),
('fields.deaa8b20-e3e8-49a2-9555-3f6a7839613e.settings.selectionCondition.__assoc__.1.1', '\"global\"'),
('fields.deaa8b20-e3e8-49a2-9555-3f6a7839613e.settings.selectionCondition.__assoc__.2.0', '\"class\"'),
('fields.deaa8b20-e3e8-49a2-9555-3f6a7839613e.settings.selectionCondition.__assoc__.2.1', '\"craft\\\\elements\\\\conditions\\\\entries\\\\EntryCondition\"'),
('fields.deaa8b20-e3e8-49a2-9555-3f6a7839613e.settings.selectionLabel', 'null'),
('fields.deaa8b20-e3e8-49a2-9555-3f6a7839613e.settings.showSiteMenu', 'false'),
('fields.deaa8b20-e3e8-49a2-9555-3f6a7839613e.settings.source', 'null'),
('fields.deaa8b20-e3e8-49a2-9555-3f6a7839613e.settings.sources.0', '\"section:339c5328-db0a-4a11-91fb-567215e5cbca\"'),
('fields.deaa8b20-e3e8-49a2-9555-3f6a7839613e.settings.targetSiteId', 'null'),
('fields.deaa8b20-e3e8-49a2-9555-3f6a7839613e.settings.validateRelatedElements', 'false'),
('fields.deaa8b20-e3e8-49a2-9555-3f6a7839613e.settings.viewMode', 'null'),
('fields.deaa8b20-e3e8-49a2-9555-3f6a7839613e.translationKeyFormat', 'null'),
('fields.deaa8b20-e3e8-49a2-9555-3f6a7839613e.translationMethod', '\"site\"'),
('fields.deaa8b20-e3e8-49a2-9555-3f6a7839613e.type', '\"craft\\\\fields\\\\Entries\"'),
('fields.e5fb7200-8192-4c3a-b270-625e56a1197d.columnSuffix', 'null'),
('fields.e5fb7200-8192-4c3a-b270-625e56a1197d.contentColumnType', '\"string\"'),
('fields.e5fb7200-8192-4c3a-b270-625e56a1197d.fieldGroup', '\"1732d711-cc92-4fbd-adc5-0089e90fad79\"'),
('fields.e5fb7200-8192-4c3a-b270-625e56a1197d.handle', '\"logo\"'),
('fields.e5fb7200-8192-4c3a-b270-625e56a1197d.instructions', 'null'),
('fields.e5fb7200-8192-4c3a-b270-625e56a1197d.name', '\"Logo\"'),
('fields.e5fb7200-8192-4c3a-b270-625e56a1197d.searchable', 'false'),
('fields.e5fb7200-8192-4c3a-b270-625e56a1197d.settings.allowedKinds.0', '\"image\"'),
('fields.e5fb7200-8192-4c3a-b270-625e56a1197d.settings.allowSelfRelations', 'false'),
('fields.e5fb7200-8192-4c3a-b270-625e56a1197d.settings.allowSubfolders', 'false'),
('fields.e5fb7200-8192-4c3a-b270-625e56a1197d.settings.allowUploads', 'true'),
('fields.e5fb7200-8192-4c3a-b270-625e56a1197d.settings.defaultUploadLocationSource', '\"volume:f3d4e367-d7dd-459c-a9de-11dd87a70cdc\"'),
('fields.e5fb7200-8192-4c3a-b270-625e56a1197d.settings.defaultUploadLocationSubpath', 'null'),
('fields.e5fb7200-8192-4c3a-b270-625e56a1197d.settings.localizeRelations', 'false'),
('fields.e5fb7200-8192-4c3a-b270-625e56a1197d.settings.maxRelations', '1'),
('fields.e5fb7200-8192-4c3a-b270-625e56a1197d.settings.minRelations', 'null'),
('fields.e5fb7200-8192-4c3a-b270-625e56a1197d.settings.previewMode', '\"full\"'),
('fields.e5fb7200-8192-4c3a-b270-625e56a1197d.settings.restrictedDefaultUploadSubpath', 'null'),
('fields.e5fb7200-8192-4c3a-b270-625e56a1197d.settings.restrictedLocationSource', '\"volume:f3d4e367-d7dd-459c-a9de-11dd87a70cdc\"'),
('fields.e5fb7200-8192-4c3a-b270-625e56a1197d.settings.restrictedLocationSubpath', 'null'),
('fields.e5fb7200-8192-4c3a-b270-625e56a1197d.settings.restrictFiles', 'true'),
('fields.e5fb7200-8192-4c3a-b270-625e56a1197d.settings.restrictLocation', 'false'),
('fields.e5fb7200-8192-4c3a-b270-625e56a1197d.settings.selectionCondition.__assoc__.0.0', '\"elementType\"'),
('fields.e5fb7200-8192-4c3a-b270-625e56a1197d.settings.selectionCondition.__assoc__.0.1', '\"craft\\\\elements\\\\Asset\"'),
('fields.e5fb7200-8192-4c3a-b270-625e56a1197d.settings.selectionCondition.__assoc__.1.0', '\"fieldContext\"'),
('fields.e5fb7200-8192-4c3a-b270-625e56a1197d.settings.selectionCondition.__assoc__.1.1', '\"global\"'),
('fields.e5fb7200-8192-4c3a-b270-625e56a1197d.settings.selectionCondition.__assoc__.2.0', '\"class\"'),
('fields.e5fb7200-8192-4c3a-b270-625e56a1197d.settings.selectionCondition.__assoc__.2.1', '\"craft\\\\elements\\\\conditions\\\\assets\\\\AssetCondition\"'),
('fields.e5fb7200-8192-4c3a-b270-625e56a1197d.settings.selectionLabel', 'null'),
('fields.e5fb7200-8192-4c3a-b270-625e56a1197d.settings.showSiteMenu', 'false'),
('fields.e5fb7200-8192-4c3a-b270-625e56a1197d.settings.showUnpermittedFiles', 'false'),
('fields.e5fb7200-8192-4c3a-b270-625e56a1197d.settings.showUnpermittedVolumes', 'false'),
('fields.e5fb7200-8192-4c3a-b270-625e56a1197d.settings.source', 'null'),
('fields.e5fb7200-8192-4c3a-b270-625e56a1197d.settings.sources.0', '\"volume:f3d4e367-d7dd-459c-a9de-11dd87a70cdc\"'),
('fields.e5fb7200-8192-4c3a-b270-625e56a1197d.settings.targetSiteId', 'null'),
('fields.e5fb7200-8192-4c3a-b270-625e56a1197d.settings.validateRelatedElements', 'false'),
('fields.e5fb7200-8192-4c3a-b270-625e56a1197d.settings.viewMode', '\"list\"'),
('fields.e5fb7200-8192-4c3a-b270-625e56a1197d.translationKeyFormat', 'null'),
('fields.e5fb7200-8192-4c3a-b270-625e56a1197d.translationMethod', '\"site\"'),
('fields.e5fb7200-8192-4c3a-b270-625e56a1197d.type', '\"craft\\\\fields\\\\Assets\"'),
('fs.icons.hasUrls', 'true'),
('fs.icons.name', '\"Icons\"'),
('fs.icons.settings.path', '\"@webroot/assets/uploads/icons\"'),
('fs.icons.type', '\"craft\\\\fs\\\\Local\"'),
('fs.icons.url', '\"@web/assets/uploads/icons\"'),
('fs.images.hasUrls', 'true'),
('fs.images.name', '\"Images\"'),
('fs.images.settings.path', '\"@webroot/assets/uploads/images\"'),
('fs.images.type', '\"craft\\\\fs\\\\Local\"'),
('fs.images.url', '\"@web/assets/uploads/images\"'),
('fs.videos.hasUrls', 'true'),
('fs.videos.name', '\"Videos\"'),
('fs.videos.settings.path', '\"@webroot/assets/uploads/videos\"'),
('fs.videos.type', '\"craft\\\\fs\\\\Local\"'),
('fs.videos.url', '\"@web/assets/uploads/videos\"'),
('globalSets.4ad1595b-34de-4602-a12c-a31fd7b2f553.fieldLayouts.88248128-2327-47c1-af92-df0a20514a73.tabs.0.elementCondition', 'null'),
('globalSets.4ad1595b-34de-4602-a12c-a31fd7b2f553.fieldLayouts.88248128-2327-47c1-af92-df0a20514a73.tabs.0.elements.0.elementCondition', 'null'),
('globalSets.4ad1595b-34de-4602-a12c-a31fd7b2f553.fieldLayouts.88248128-2327-47c1-af92-df0a20514a73.tabs.0.elements.0.fieldUid', '\"bbb252a6-5a9a-42ac-b9c1-d77c07a0582b\"'),
('globalSets.4ad1595b-34de-4602-a12c-a31fd7b2f553.fieldLayouts.88248128-2327-47c1-af92-df0a20514a73.tabs.0.elements.0.instructions', 'null'),
('globalSets.4ad1595b-34de-4602-a12c-a31fd7b2f553.fieldLayouts.88248128-2327-47c1-af92-df0a20514a73.tabs.0.elements.0.label', 'null'),
('globalSets.4ad1595b-34de-4602-a12c-a31fd7b2f553.fieldLayouts.88248128-2327-47c1-af92-df0a20514a73.tabs.0.elements.0.required', 'false'),
('globalSets.4ad1595b-34de-4602-a12c-a31fd7b2f553.fieldLayouts.88248128-2327-47c1-af92-df0a20514a73.tabs.0.elements.0.tip', 'null'),
('globalSets.4ad1595b-34de-4602-a12c-a31fd7b2f553.fieldLayouts.88248128-2327-47c1-af92-df0a20514a73.tabs.0.elements.0.type', '\"craft\\\\fieldlayoutelements\\\\CustomField\"'),
('globalSets.4ad1595b-34de-4602-a12c-a31fd7b2f553.fieldLayouts.88248128-2327-47c1-af92-df0a20514a73.tabs.0.elements.0.uid', '\"717a5761-07a9-4dd4-b5de-f492b33df6b0\"'),
('globalSets.4ad1595b-34de-4602-a12c-a31fd7b2f553.fieldLayouts.88248128-2327-47c1-af92-df0a20514a73.tabs.0.elements.0.userCondition', 'null'),
('globalSets.4ad1595b-34de-4602-a12c-a31fd7b2f553.fieldLayouts.88248128-2327-47c1-af92-df0a20514a73.tabs.0.elements.0.warning', 'null'),
('globalSets.4ad1595b-34de-4602-a12c-a31fd7b2f553.fieldLayouts.88248128-2327-47c1-af92-df0a20514a73.tabs.0.elements.0.width', '100'),
('globalSets.4ad1595b-34de-4602-a12c-a31fd7b2f553.fieldLayouts.88248128-2327-47c1-af92-df0a20514a73.tabs.0.elements.1.elementCondition', 'null'),
('globalSets.4ad1595b-34de-4602-a12c-a31fd7b2f553.fieldLayouts.88248128-2327-47c1-af92-df0a20514a73.tabs.0.elements.1.fieldUid', '\"993b0220-7fbc-4c8f-94e6-10a6bffad528\"'),
('globalSets.4ad1595b-34de-4602-a12c-a31fd7b2f553.fieldLayouts.88248128-2327-47c1-af92-df0a20514a73.tabs.0.elements.1.instructions', 'null'),
('globalSets.4ad1595b-34de-4602-a12c-a31fd7b2f553.fieldLayouts.88248128-2327-47c1-af92-df0a20514a73.tabs.0.elements.1.label', 'null'),
('globalSets.4ad1595b-34de-4602-a12c-a31fd7b2f553.fieldLayouts.88248128-2327-47c1-af92-df0a20514a73.tabs.0.elements.1.required', 'false'),
('globalSets.4ad1595b-34de-4602-a12c-a31fd7b2f553.fieldLayouts.88248128-2327-47c1-af92-df0a20514a73.tabs.0.elements.1.tip', 'null'),
('globalSets.4ad1595b-34de-4602-a12c-a31fd7b2f553.fieldLayouts.88248128-2327-47c1-af92-df0a20514a73.tabs.0.elements.1.type', '\"craft\\\\fieldlayoutelements\\\\CustomField\"'),
('globalSets.4ad1595b-34de-4602-a12c-a31fd7b2f553.fieldLayouts.88248128-2327-47c1-af92-df0a20514a73.tabs.0.elements.1.uid', '\"c6c2bad2-46ee-4ed6-b89d-c5157d76d992\"'),
('globalSets.4ad1595b-34de-4602-a12c-a31fd7b2f553.fieldLayouts.88248128-2327-47c1-af92-df0a20514a73.tabs.0.elements.1.userCondition', 'null'),
('globalSets.4ad1595b-34de-4602-a12c-a31fd7b2f553.fieldLayouts.88248128-2327-47c1-af92-df0a20514a73.tabs.0.elements.1.warning', 'null'),
('globalSets.4ad1595b-34de-4602-a12c-a31fd7b2f553.fieldLayouts.88248128-2327-47c1-af92-df0a20514a73.tabs.0.elements.1.width', '100'),
('globalSets.4ad1595b-34de-4602-a12c-a31fd7b2f553.fieldLayouts.88248128-2327-47c1-af92-df0a20514a73.tabs.0.elements.2.elementCondition', 'null'),
('globalSets.4ad1595b-34de-4602-a12c-a31fd7b2f553.fieldLayouts.88248128-2327-47c1-af92-df0a20514a73.tabs.0.elements.2.fieldUid', '\"e5fb7200-8192-4c3a-b270-625e56a1197d\"'),
('globalSets.4ad1595b-34de-4602-a12c-a31fd7b2f553.fieldLayouts.88248128-2327-47c1-af92-df0a20514a73.tabs.0.elements.2.instructions', 'null'),
('globalSets.4ad1595b-34de-4602-a12c-a31fd7b2f553.fieldLayouts.88248128-2327-47c1-af92-df0a20514a73.tabs.0.elements.2.label', 'null'),
('globalSets.4ad1595b-34de-4602-a12c-a31fd7b2f553.fieldLayouts.88248128-2327-47c1-af92-df0a20514a73.tabs.0.elements.2.required', 'false'),
('globalSets.4ad1595b-34de-4602-a12c-a31fd7b2f553.fieldLayouts.88248128-2327-47c1-af92-df0a20514a73.tabs.0.elements.2.tip', 'null'),
('globalSets.4ad1595b-34de-4602-a12c-a31fd7b2f553.fieldLayouts.88248128-2327-47c1-af92-df0a20514a73.tabs.0.elements.2.type', '\"craft\\\\fieldlayoutelements\\\\CustomField\"'),
('globalSets.4ad1595b-34de-4602-a12c-a31fd7b2f553.fieldLayouts.88248128-2327-47c1-af92-df0a20514a73.tabs.0.elements.2.uid', '\"b6e8aa3b-37d8-46a5-b04d-d6e86cbf5bfc\"'),
('globalSets.4ad1595b-34de-4602-a12c-a31fd7b2f553.fieldLayouts.88248128-2327-47c1-af92-df0a20514a73.tabs.0.elements.2.userCondition', 'null'),
('globalSets.4ad1595b-34de-4602-a12c-a31fd7b2f553.fieldLayouts.88248128-2327-47c1-af92-df0a20514a73.tabs.0.elements.2.warning', 'null'),
('globalSets.4ad1595b-34de-4602-a12c-a31fd7b2f553.fieldLayouts.88248128-2327-47c1-af92-df0a20514a73.tabs.0.elements.2.width', '100'),
('globalSets.4ad1595b-34de-4602-a12c-a31fd7b2f553.fieldLayouts.88248128-2327-47c1-af92-df0a20514a73.tabs.0.elements.3.elementCondition', 'null'),
('globalSets.4ad1595b-34de-4602-a12c-a31fd7b2f553.fieldLayouts.88248128-2327-47c1-af92-df0a20514a73.tabs.0.elements.3.fieldUid', '\"05d35468-8a78-4c4e-9c05-3e5635b35456\"'),
('globalSets.4ad1595b-34de-4602-a12c-a31fd7b2f553.fieldLayouts.88248128-2327-47c1-af92-df0a20514a73.tabs.0.elements.3.instructions', 'null'),
('globalSets.4ad1595b-34de-4602-a12c-a31fd7b2f553.fieldLayouts.88248128-2327-47c1-af92-df0a20514a73.tabs.0.elements.3.label', 'null'),
('globalSets.4ad1595b-34de-4602-a12c-a31fd7b2f553.fieldLayouts.88248128-2327-47c1-af92-df0a20514a73.tabs.0.elements.3.required', 'false'),
('globalSets.4ad1595b-34de-4602-a12c-a31fd7b2f553.fieldLayouts.88248128-2327-47c1-af92-df0a20514a73.tabs.0.elements.3.tip', 'null'),
('globalSets.4ad1595b-34de-4602-a12c-a31fd7b2f553.fieldLayouts.88248128-2327-47c1-af92-df0a20514a73.tabs.0.elements.3.type', '\"craft\\\\fieldlayoutelements\\\\CustomField\"'),
('globalSets.4ad1595b-34de-4602-a12c-a31fd7b2f553.fieldLayouts.88248128-2327-47c1-af92-df0a20514a73.tabs.0.elements.3.uid', '\"b3cc9d91-17f0-4620-be8d-7430d9d55ef2\"'),
('globalSets.4ad1595b-34de-4602-a12c-a31fd7b2f553.fieldLayouts.88248128-2327-47c1-af92-df0a20514a73.tabs.0.elements.3.userCondition', 'null'),
('globalSets.4ad1595b-34de-4602-a12c-a31fd7b2f553.fieldLayouts.88248128-2327-47c1-af92-df0a20514a73.tabs.0.elements.3.warning', 'null'),
('globalSets.4ad1595b-34de-4602-a12c-a31fd7b2f553.fieldLayouts.88248128-2327-47c1-af92-df0a20514a73.tabs.0.elements.3.width', '100'),
('globalSets.4ad1595b-34de-4602-a12c-a31fd7b2f553.fieldLayouts.88248128-2327-47c1-af92-df0a20514a73.tabs.0.name', '\"Content\"'),
('globalSets.4ad1595b-34de-4602-a12c-a31fd7b2f553.fieldLayouts.88248128-2327-47c1-af92-df0a20514a73.tabs.0.uid', '\"976bf6d2-921b-4885-ae50-7f7f83a90b24\"'),
('globalSets.4ad1595b-34de-4602-a12c-a31fd7b2f553.fieldLayouts.88248128-2327-47c1-af92-df0a20514a73.tabs.0.userCondition', 'null'),
('globalSets.4ad1595b-34de-4602-a12c-a31fd7b2f553.handle', '\"about\"'),
('globalSets.4ad1595b-34de-4602-a12c-a31fd7b2f553.name', '\"About\"'),
('globalSets.4ad1595b-34de-4602-a12c-a31fd7b2f553.sortOrder', '2'),
('globalSets.652597c5-d700-4e7d-bcc9-c6499bca66b1.fieldLayouts.5b005744-09ce-49b1-a1bf-5af778704d3c.tabs.0.elementCondition', 'null'),
('globalSets.652597c5-d700-4e7d-bcc9-c6499bca66b1.fieldLayouts.5b005744-09ce-49b1-a1bf-5af778704d3c.tabs.0.elements.0.elementCondition', 'null'),
('globalSets.652597c5-d700-4e7d-bcc9-c6499bca66b1.fieldLayouts.5b005744-09ce-49b1-a1bf-5af778704d3c.tabs.0.elements.0.fieldUid', '\"c454d863-60f4-46a6-a8f3-51bc5e3e2db8\"'),
('globalSets.652597c5-d700-4e7d-bcc9-c6499bca66b1.fieldLayouts.5b005744-09ce-49b1-a1bf-5af778704d3c.tabs.0.elements.0.instructions', 'null'),
('globalSets.652597c5-d700-4e7d-bcc9-c6499bca66b1.fieldLayouts.5b005744-09ce-49b1-a1bf-5af778704d3c.tabs.0.elements.0.label', 'null'),
('globalSets.652597c5-d700-4e7d-bcc9-c6499bca66b1.fieldLayouts.5b005744-09ce-49b1-a1bf-5af778704d3c.tabs.0.elements.0.required', 'false'),
('globalSets.652597c5-d700-4e7d-bcc9-c6499bca66b1.fieldLayouts.5b005744-09ce-49b1-a1bf-5af778704d3c.tabs.0.elements.0.tip', 'null'),
('globalSets.652597c5-d700-4e7d-bcc9-c6499bca66b1.fieldLayouts.5b005744-09ce-49b1-a1bf-5af778704d3c.tabs.0.elements.0.type', '\"craft\\\\fieldlayoutelements\\\\CustomField\"'),
('globalSets.652597c5-d700-4e7d-bcc9-c6499bca66b1.fieldLayouts.5b005744-09ce-49b1-a1bf-5af778704d3c.tabs.0.elements.0.uid', '\"3eba6756-26ce-4c29-820f-0efd0c79167a\"'),
('globalSets.652597c5-d700-4e7d-bcc9-c6499bca66b1.fieldLayouts.5b005744-09ce-49b1-a1bf-5af778704d3c.tabs.0.elements.0.userCondition', 'null'),
('globalSets.652597c5-d700-4e7d-bcc9-c6499bca66b1.fieldLayouts.5b005744-09ce-49b1-a1bf-5af778704d3c.tabs.0.elements.0.warning', 'null'),
('globalSets.652597c5-d700-4e7d-bcc9-c6499bca66b1.fieldLayouts.5b005744-09ce-49b1-a1bf-5af778704d3c.tabs.0.elements.0.width', '100'),
('globalSets.652597c5-d700-4e7d-bcc9-c6499bca66b1.fieldLayouts.5b005744-09ce-49b1-a1bf-5af778704d3c.tabs.0.name', '\"Navigation\"'),
('globalSets.652597c5-d700-4e7d-bcc9-c6499bca66b1.fieldLayouts.5b005744-09ce-49b1-a1bf-5af778704d3c.tabs.0.uid', '\"129e582a-2a61-4f1e-a0be-f68080f5ef6c\"'),
('globalSets.652597c5-d700-4e7d-bcc9-c6499bca66b1.fieldLayouts.5b005744-09ce-49b1-a1bf-5af778704d3c.tabs.0.userCondition', 'null'),
('globalSets.652597c5-d700-4e7d-bcc9-c6499bca66b1.handle', '\"mainNavigation\"'),
('globalSets.652597c5-d700-4e7d-bcc9-c6499bca66b1.name', '\"Main navigation\"'),
('globalSets.652597c5-d700-4e7d-bcc9-c6499bca66b1.sortOrder', '1'),
('globalSets.890c3a89-36ab-4d56-99cd-59710425c44a.fieldLayouts.db34fafc-88bc-4cb0-909c-a0d010b8532e.tabs.0.elementCondition', 'null'),
('globalSets.890c3a89-36ab-4d56-99cd-59710425c44a.fieldLayouts.db34fafc-88bc-4cb0-909c-a0d010b8532e.tabs.0.elements.0.elementCondition', 'null'),
('globalSets.890c3a89-36ab-4d56-99cd-59710425c44a.fieldLayouts.db34fafc-88bc-4cb0-909c-a0d010b8532e.tabs.0.elements.0.fieldUid', '\"9b85cb2e-64d9-43b5-8693-68097a618895\"'),
('globalSets.890c3a89-36ab-4d56-99cd-59710425c44a.fieldLayouts.db34fafc-88bc-4cb0-909c-a0d010b8532e.tabs.0.elements.0.instructions', 'null'),
('globalSets.890c3a89-36ab-4d56-99cd-59710425c44a.fieldLayouts.db34fafc-88bc-4cb0-909c-a0d010b8532e.tabs.0.elements.0.label', 'null'),
('globalSets.890c3a89-36ab-4d56-99cd-59710425c44a.fieldLayouts.db34fafc-88bc-4cb0-909c-a0d010b8532e.tabs.0.elements.0.required', 'false'),
('globalSets.890c3a89-36ab-4d56-99cd-59710425c44a.fieldLayouts.db34fafc-88bc-4cb0-909c-a0d010b8532e.tabs.0.elements.0.tip', 'null'),
('globalSets.890c3a89-36ab-4d56-99cd-59710425c44a.fieldLayouts.db34fafc-88bc-4cb0-909c-a0d010b8532e.tabs.0.elements.0.type', '\"craft\\\\fieldlayoutelements\\\\CustomField\"'),
('globalSets.890c3a89-36ab-4d56-99cd-59710425c44a.fieldLayouts.db34fafc-88bc-4cb0-909c-a0d010b8532e.tabs.0.elements.0.uid', '\"cfe7bb3b-566d-4e30-80c9-c3d090b0fa64\"'),
('globalSets.890c3a89-36ab-4d56-99cd-59710425c44a.fieldLayouts.db34fafc-88bc-4cb0-909c-a0d010b8532e.tabs.0.elements.0.userCondition', 'null'),
('globalSets.890c3a89-36ab-4d56-99cd-59710425c44a.fieldLayouts.db34fafc-88bc-4cb0-909c-a0d010b8532e.tabs.0.elements.0.warning', 'null'),
('globalSets.890c3a89-36ab-4d56-99cd-59710425c44a.fieldLayouts.db34fafc-88bc-4cb0-909c-a0d010b8532e.tabs.0.elements.0.width', '100'),
('globalSets.890c3a89-36ab-4d56-99cd-59710425c44a.fieldLayouts.db34fafc-88bc-4cb0-909c-a0d010b8532e.tabs.0.elements.1.elementCondition', 'null'),
('globalSets.890c3a89-36ab-4d56-99cd-59710425c44a.fieldLayouts.db34fafc-88bc-4cb0-909c-a0d010b8532e.tabs.0.elements.1.fieldUid', '\"ad2057fb-7a69-4edc-add1-60ca888e8e08\"'),
('globalSets.890c3a89-36ab-4d56-99cd-59710425c44a.fieldLayouts.db34fafc-88bc-4cb0-909c-a0d010b8532e.tabs.0.elements.1.instructions', 'null'),
('globalSets.890c3a89-36ab-4d56-99cd-59710425c44a.fieldLayouts.db34fafc-88bc-4cb0-909c-a0d010b8532e.tabs.0.elements.1.label', 'null'),
('globalSets.890c3a89-36ab-4d56-99cd-59710425c44a.fieldLayouts.db34fafc-88bc-4cb0-909c-a0d010b8532e.tabs.0.elements.1.required', 'false'),
('globalSets.890c3a89-36ab-4d56-99cd-59710425c44a.fieldLayouts.db34fafc-88bc-4cb0-909c-a0d010b8532e.tabs.0.elements.1.tip', 'null'),
('globalSets.890c3a89-36ab-4d56-99cd-59710425c44a.fieldLayouts.db34fafc-88bc-4cb0-909c-a0d010b8532e.tabs.0.elements.1.type', '\"craft\\\\fieldlayoutelements\\\\CustomField\"'),
('globalSets.890c3a89-36ab-4d56-99cd-59710425c44a.fieldLayouts.db34fafc-88bc-4cb0-909c-a0d010b8532e.tabs.0.elements.1.uid', '\"ff7e531a-5fd8-4f5d-a326-85d4e48d0984\"'),
('globalSets.890c3a89-36ab-4d56-99cd-59710425c44a.fieldLayouts.db34fafc-88bc-4cb0-909c-a0d010b8532e.tabs.0.elements.1.userCondition', 'null'),
('globalSets.890c3a89-36ab-4d56-99cd-59710425c44a.fieldLayouts.db34fafc-88bc-4cb0-909c-a0d010b8532e.tabs.0.elements.1.warning', 'null'),
('globalSets.890c3a89-36ab-4d56-99cd-59710425c44a.fieldLayouts.db34fafc-88bc-4cb0-909c-a0d010b8532e.tabs.0.elements.1.width', '100'),
('globalSets.890c3a89-36ab-4d56-99cd-59710425c44a.fieldLayouts.db34fafc-88bc-4cb0-909c-a0d010b8532e.tabs.0.elements.2.elementCondition', 'null'),
('globalSets.890c3a89-36ab-4d56-99cd-59710425c44a.fieldLayouts.db34fafc-88bc-4cb0-909c-a0d010b8532e.tabs.0.elements.2.fieldUid', '\"13c96ebc-56f6-4f07-bfc2-066ef6497efe\"'),
('globalSets.890c3a89-36ab-4d56-99cd-59710425c44a.fieldLayouts.db34fafc-88bc-4cb0-909c-a0d010b8532e.tabs.0.elements.2.instructions', 'null'),
('globalSets.890c3a89-36ab-4d56-99cd-59710425c44a.fieldLayouts.db34fafc-88bc-4cb0-909c-a0d010b8532e.tabs.0.elements.2.label', 'null'),
('globalSets.890c3a89-36ab-4d56-99cd-59710425c44a.fieldLayouts.db34fafc-88bc-4cb0-909c-a0d010b8532e.tabs.0.elements.2.required', 'false'),
('globalSets.890c3a89-36ab-4d56-99cd-59710425c44a.fieldLayouts.db34fafc-88bc-4cb0-909c-a0d010b8532e.tabs.0.elements.2.tip', 'null'),
('globalSets.890c3a89-36ab-4d56-99cd-59710425c44a.fieldLayouts.db34fafc-88bc-4cb0-909c-a0d010b8532e.tabs.0.elements.2.type', '\"craft\\\\fieldlayoutelements\\\\CustomField\"'),
('globalSets.890c3a89-36ab-4d56-99cd-59710425c44a.fieldLayouts.db34fafc-88bc-4cb0-909c-a0d010b8532e.tabs.0.elements.2.uid', '\"2057afe1-e682-4b51-a00b-3468ceec1868\"'),
('globalSets.890c3a89-36ab-4d56-99cd-59710425c44a.fieldLayouts.db34fafc-88bc-4cb0-909c-a0d010b8532e.tabs.0.elements.2.userCondition', 'null'),
('globalSets.890c3a89-36ab-4d56-99cd-59710425c44a.fieldLayouts.db34fafc-88bc-4cb0-909c-a0d010b8532e.tabs.0.elements.2.warning', 'null'),
('globalSets.890c3a89-36ab-4d56-99cd-59710425c44a.fieldLayouts.db34fafc-88bc-4cb0-909c-a0d010b8532e.tabs.0.elements.2.width', '100'),
('globalSets.890c3a89-36ab-4d56-99cd-59710425c44a.fieldLayouts.db34fafc-88bc-4cb0-909c-a0d010b8532e.tabs.0.name', '\"Content\"'),
('globalSets.890c3a89-36ab-4d56-99cd-59710425c44a.fieldLayouts.db34fafc-88bc-4cb0-909c-a0d010b8532e.tabs.0.uid', '\"363a580e-8fa3-4489-ac36-19c299db717f\"'),
('globalSets.890c3a89-36ab-4d56-99cd-59710425c44a.fieldLayouts.db34fafc-88bc-4cb0-909c-a0d010b8532e.tabs.0.userCondition', 'null'),
('globalSets.890c3a89-36ab-4d56-99cd-59710425c44a.handle', '\"cta\"'),
('globalSets.890c3a89-36ab-4d56-99cd-59710425c44a.name', '\"CTA\"'),
('globalSets.890c3a89-36ab-4d56-99cd-59710425c44a.sortOrder', '3'),
('globalSets.8f6be66c-9368-4b7e-9f53-400fdc713896.fieldLayouts.fa8c8ceb-27dd-4b90-a55f-72a230488c5b.tabs.0.elementCondition', 'null'),
('globalSets.8f6be66c-9368-4b7e-9f53-400fdc713896.fieldLayouts.fa8c8ceb-27dd-4b90-a55f-72a230488c5b.tabs.0.elements.0.elementCondition', 'null'),
('globalSets.8f6be66c-9368-4b7e-9f53-400fdc713896.fieldLayouts.fa8c8ceb-27dd-4b90-a55f-72a230488c5b.tabs.0.elements.0.fieldUid', '\"c454d863-60f4-46a6-a8f3-51bc5e3e2db8\"'),
('globalSets.8f6be66c-9368-4b7e-9f53-400fdc713896.fieldLayouts.fa8c8ceb-27dd-4b90-a55f-72a230488c5b.tabs.0.elements.0.instructions', 'null'),
('globalSets.8f6be66c-9368-4b7e-9f53-400fdc713896.fieldLayouts.fa8c8ceb-27dd-4b90-a55f-72a230488c5b.tabs.0.elements.0.label', 'null'),
('globalSets.8f6be66c-9368-4b7e-9f53-400fdc713896.fieldLayouts.fa8c8ceb-27dd-4b90-a55f-72a230488c5b.tabs.0.elements.0.required', 'false'),
('globalSets.8f6be66c-9368-4b7e-9f53-400fdc713896.fieldLayouts.fa8c8ceb-27dd-4b90-a55f-72a230488c5b.tabs.0.elements.0.tip', 'null'),
('globalSets.8f6be66c-9368-4b7e-9f53-400fdc713896.fieldLayouts.fa8c8ceb-27dd-4b90-a55f-72a230488c5b.tabs.0.elements.0.type', '\"craft\\\\fieldlayoutelements\\\\CustomField\"'),
('globalSets.8f6be66c-9368-4b7e-9f53-400fdc713896.fieldLayouts.fa8c8ceb-27dd-4b90-a55f-72a230488c5b.tabs.0.elements.0.uid', '\"30aca451-734f-4502-915b-5990b1a766b1\"'),
('globalSets.8f6be66c-9368-4b7e-9f53-400fdc713896.fieldLayouts.fa8c8ceb-27dd-4b90-a55f-72a230488c5b.tabs.0.elements.0.userCondition', 'null'),
('globalSets.8f6be66c-9368-4b7e-9f53-400fdc713896.fieldLayouts.fa8c8ceb-27dd-4b90-a55f-72a230488c5b.tabs.0.elements.0.warning', 'null'),
('globalSets.8f6be66c-9368-4b7e-9f53-400fdc713896.fieldLayouts.fa8c8ceb-27dd-4b90-a55f-72a230488c5b.tabs.0.elements.0.width', '100'),
('globalSets.8f6be66c-9368-4b7e-9f53-400fdc713896.fieldLayouts.fa8c8ceb-27dd-4b90-a55f-72a230488c5b.tabs.0.name', '\"Links\"'),
('globalSets.8f6be66c-9368-4b7e-9f53-400fdc713896.fieldLayouts.fa8c8ceb-27dd-4b90-a55f-72a230488c5b.tabs.0.uid', '\"deae571e-3a5c-4f8f-883e-e37cf6e914a4\"'),
('globalSets.8f6be66c-9368-4b7e-9f53-400fdc713896.fieldLayouts.fa8c8ceb-27dd-4b90-a55f-72a230488c5b.tabs.0.userCondition', 'null'),
('globalSets.8f6be66c-9368-4b7e-9f53-400fdc713896.handle', '\"socialLinks\"'),
('globalSets.8f6be66c-9368-4b7e-9f53-400fdc713896.name', '\"Social links\"'),
('globalSets.8f6be66c-9368-4b7e-9f53-400fdc713896.sortOrder', '4'),
('meta.__names__.05d35468-8a78-4c4e-9c05-3e5635b35456', '\"Logo (footer)\"'),
('meta.__names__.08623209-825c-4569-a171-0a31c07cf041', '\"Listing image\"'),
('meta.__names__.0cb8f772-dc44-4b7e-9676-63945bf54cb7', '\"Pages\"'),
('meta.__names__.1047f1b3-790b-447f-87d5-7726dcba5c67', '\"Subheading\"'),
('meta.__names__.13c96ebc-56f6-4f07-bfc2-066ef6497efe', '\"Link\"'),
('meta.__names__.1484d35d-6b08-4143-bec7-e3548c730586', '\"Default\"'),
('meta.__names__.1732d711-cc92-4fbd-adc5-0089e90fad79', '\"About\"'),
('meta.__names__.198e01cf-fe33-4de7-9fe1-95b9cb70802e', '\"Listing image overlay\"');

INSERT INTO `projectconfig` (`path`, `value`) VALUES
('meta.__names__.1bd2ee21-62b1-4ccb-88de-f68075a4423a', '\"Images\"'),
('meta.__names__.249aace2-bd89-4989-b2b3-504ad6214021', '\"Clients\"'),
('meta.__names__.24bb6f49-5a05-4f93-8dea-a874654c6cbd', '\"Projects\"'),
('meta.__names__.28c7f5ca-4920-4e23-8fd1-369583af47ab', '\"Home\"'),
('meta.__names__.339c5328-db0a-4a11-91fb-567215e5cbca', '\"Services\"'),
('meta.__names__.34ddd9c0-0028-4716-b50c-73aa40ea6920', '\"Caption\"'),
('meta.__names__.4541f1d9-e14f-4091-82c8-95b7e8c3ae0d', '\"Video\"'),
('meta.__names__.4ad1595b-34de-4602-a12c-a31fd7b2f553', '\"About\"'),
('meta.__names__.4c74dba2-6366-46e7-b4ae-a02582b4677c', '\"Related work\"'),
('meta.__names__.51dc1ca6-1aae-44ed-89dd-a7b0b687c681', '\"Image\"'),
('meta.__names__.555fd320-2ab5-4e25-be59-575cf4566201', '\"CTA\"'),
('meta.__names__.5d2ba0b1-fb49-4ddd-9890-cd397a5e9f88', '\"Entries\"'),
('meta.__names__.60672f45-b489-43b1-b11c-dab8706a43b7', '\"Page\"'),
('meta.__names__.62200b20-36fe-447f-aaec-97df6bb416a1', '\"Website\"'),
('meta.__names__.64df5511-450c-476f-bad5-c8bdb50a32d8', '\"Default\"'),
('meta.__names__.652597c5-d700-4e7d-bcc9-c6499bca66b1', '\"Main navigation\"'),
('meta.__names__.67249a37-36c6-4e25-859f-2b83cd163be0', '\"Form\"'),
('meta.__names__.6b186c3a-d3e2-4d9b-b349-b37fb2fd2227', '\"Background image\"'),
('meta.__names__.6c870524-7160-4e88-b357-1b6747f3c7ea', '\"Icons\"'),
('meta.__names__.76140e88-ea52-4bcd-9518-7dab11324050', '\"Alt title\"'),
('meta.__names__.773ad08c-8c39-4df1-9029-2a8b4f7e872e', '\"Image\"'),
('meta.__names__.890c3a89-36ab-4d56-99cd-59710425c44a', '\"CTA\"'),
('meta.__names__.8ab53871-23f1-4e4a-aa3e-2ad3e0857665', '\"Images\"'),
('meta.__names__.8f6be66c-9368-4b7e-9f53-400fdc713896', '\"Social links\"'),
('meta.__names__.932d3d9e-80c2-4456-9702-a476fbd8d6be', '\"Work\"'),
('meta.__names__.937f08fb-c57a-4702-a099-98dd7db74e7f', '\"Blocks\"'),
('meta.__names__.95efe7fb-840a-4c0c-818b-f44d3458d1b4', '\"SEO\"'),
('meta.__names__.993b0220-7fbc-4c8f-94e6-10a6bffad528', '\"Email address\"'),
('meta.__names__.9af558ff-8f1f-4d0f-ae70-4f0a5c2c5add', '\"Item\"'),
('meta.__names__.9b85cb2e-64d9-43b5-8693-68097a618895', '\"Heading\"'),
('meta.__names__.a0d82af4-339f-430f-9bb8-f2f455642252', '\"Videos\"'),
('meta.__names__.a0e4f2eb-7480-4c82-a5e0-1675bebe0a16', '\"Form\"'),
('meta.__names__.a4159753-8a1a-4a33-be53-8b3d4014a610', '\"Portfolio\"'),
('meta.__names__.a6b876e1-27af-4290-b76e-235413141039', '\"Icon\"'),
('meta.__names__.a9064f86-9264-425f-9101-7268b79f4974', '\"Clients\"'),
('meta.__names__.ad2057fb-7a69-4edc-add1-60ca888e8e08', '\"Body\"'),
('meta.__names__.bbb252a6-5a9a-42ac-b9c1-d77c07a0582b', '\"Available for work?\"'),
('meta.__names__.bde7c81d-d2a1-4bc3-976f-6ec01ee758b7', '\"Portfolio\"'),
('meta.__names__.c454d863-60f4-46a6-a8f3-51bc5e3e2db8', '\"Links\"'),
('meta.__names__.cf5f5e72-28df-4127-a227-73ba21d1716b', '\"Default\"'),
('meta.__names__.d427bda4-aa54-4d50-968f-7c634fad08cd', '\"Text\"'),
('meta.__names__.d64dba0e-b3dd-4726-a5f3-d77f911363a9', '\"Block ID\"'),
('meta.__names__.deaa8b20-e3e8-49a2-9555-3f6a7839613e', '\"Services\"'),
('meta.__names__.e5fb7200-8192-4c3a-b270-625e56a1197d', '\"Logo\"'),
('meta.__names__.ed4f4722-db0d-4f33-ac6c-827e244388d7', '\"Common\"'),
('meta.__names__.f3d4e367-d7dd-459c-a9de-11dd87a70cdc', '\"Images\"'),
('neoBlockTypes.555fd320-2ab5-4e25-be59-575cf4566201.childBlocks', 'null'),
('neoBlockTypes.555fd320-2ab5-4e25-be59-575cf4566201.conditions', 'null'),
('neoBlockTypes.555fd320-2ab5-4e25-be59-575cf4566201.description', '\"\"'),
('neoBlockTypes.555fd320-2ab5-4e25-be59-575cf4566201.enabled', 'true'),
('neoBlockTypes.555fd320-2ab5-4e25-be59-575cf4566201.field', '\"937f08fb-c57a-4702-a099-98dd7db74e7f\"'),
('neoBlockTypes.555fd320-2ab5-4e25-be59-575cf4566201.fieldLayouts.694515d2-1c97-4dbc-8193-72d104f4db26.tabs.0.elementCondition', 'null'),
('neoBlockTypes.555fd320-2ab5-4e25-be59-575cf4566201.fieldLayouts.694515d2-1c97-4dbc-8193-72d104f4db26.tabs.0.elements.0.elementCondition', 'null'),
('neoBlockTypes.555fd320-2ab5-4e25-be59-575cf4566201.fieldLayouts.694515d2-1c97-4dbc-8193-72d104f4db26.tabs.0.elements.0.fieldUid', '\"d64dba0e-b3dd-4726-a5f3-d77f911363a9\"'),
('neoBlockTypes.555fd320-2ab5-4e25-be59-575cf4566201.fieldLayouts.694515d2-1c97-4dbc-8193-72d104f4db26.tabs.0.elements.0.instructions', 'null'),
('neoBlockTypes.555fd320-2ab5-4e25-be59-575cf4566201.fieldLayouts.694515d2-1c97-4dbc-8193-72d104f4db26.tabs.0.elements.0.label', 'null'),
('neoBlockTypes.555fd320-2ab5-4e25-be59-575cf4566201.fieldLayouts.694515d2-1c97-4dbc-8193-72d104f4db26.tabs.0.elements.0.required', 'false'),
('neoBlockTypes.555fd320-2ab5-4e25-be59-575cf4566201.fieldLayouts.694515d2-1c97-4dbc-8193-72d104f4db26.tabs.0.elements.0.tip', 'null'),
('neoBlockTypes.555fd320-2ab5-4e25-be59-575cf4566201.fieldLayouts.694515d2-1c97-4dbc-8193-72d104f4db26.tabs.0.elements.0.type', '\"craft\\\\fieldlayoutelements\\\\CustomField\"'),
('neoBlockTypes.555fd320-2ab5-4e25-be59-575cf4566201.fieldLayouts.694515d2-1c97-4dbc-8193-72d104f4db26.tabs.0.elements.0.uid', '\"f761e1b1-4a2d-4cb4-a10a-9beff8ddcfe7\"'),
('neoBlockTypes.555fd320-2ab5-4e25-be59-575cf4566201.fieldLayouts.694515d2-1c97-4dbc-8193-72d104f4db26.tabs.0.elements.0.userCondition', 'null'),
('neoBlockTypes.555fd320-2ab5-4e25-be59-575cf4566201.fieldLayouts.694515d2-1c97-4dbc-8193-72d104f4db26.tabs.0.elements.0.warning', 'null'),
('neoBlockTypes.555fd320-2ab5-4e25-be59-575cf4566201.fieldLayouts.694515d2-1c97-4dbc-8193-72d104f4db26.tabs.0.elements.0.width', '100'),
('neoBlockTypes.555fd320-2ab5-4e25-be59-575cf4566201.fieldLayouts.694515d2-1c97-4dbc-8193-72d104f4db26.tabs.0.elements.1.elementCondition', 'null'),
('neoBlockTypes.555fd320-2ab5-4e25-be59-575cf4566201.fieldLayouts.694515d2-1c97-4dbc-8193-72d104f4db26.tabs.0.elements.1.fieldUid', '\"9b85cb2e-64d9-43b5-8693-68097a618895\"'),
('neoBlockTypes.555fd320-2ab5-4e25-be59-575cf4566201.fieldLayouts.694515d2-1c97-4dbc-8193-72d104f4db26.tabs.0.elements.1.instructions', 'null'),
('neoBlockTypes.555fd320-2ab5-4e25-be59-575cf4566201.fieldLayouts.694515d2-1c97-4dbc-8193-72d104f4db26.tabs.0.elements.1.label', 'null'),
('neoBlockTypes.555fd320-2ab5-4e25-be59-575cf4566201.fieldLayouts.694515d2-1c97-4dbc-8193-72d104f4db26.tabs.0.elements.1.required', 'false'),
('neoBlockTypes.555fd320-2ab5-4e25-be59-575cf4566201.fieldLayouts.694515d2-1c97-4dbc-8193-72d104f4db26.tabs.0.elements.1.tip', 'null'),
('neoBlockTypes.555fd320-2ab5-4e25-be59-575cf4566201.fieldLayouts.694515d2-1c97-4dbc-8193-72d104f4db26.tabs.0.elements.1.type', '\"craft\\\\fieldlayoutelements\\\\CustomField\"'),
('neoBlockTypes.555fd320-2ab5-4e25-be59-575cf4566201.fieldLayouts.694515d2-1c97-4dbc-8193-72d104f4db26.tabs.0.elements.1.uid', '\"9857a15c-cbe3-4a45-a6ae-9d9f032cd2c5\"'),
('neoBlockTypes.555fd320-2ab5-4e25-be59-575cf4566201.fieldLayouts.694515d2-1c97-4dbc-8193-72d104f4db26.tabs.0.elements.1.userCondition', 'null'),
('neoBlockTypes.555fd320-2ab5-4e25-be59-575cf4566201.fieldLayouts.694515d2-1c97-4dbc-8193-72d104f4db26.tabs.0.elements.1.warning', 'null'),
('neoBlockTypes.555fd320-2ab5-4e25-be59-575cf4566201.fieldLayouts.694515d2-1c97-4dbc-8193-72d104f4db26.tabs.0.elements.1.width', '100'),
('neoBlockTypes.555fd320-2ab5-4e25-be59-575cf4566201.fieldLayouts.694515d2-1c97-4dbc-8193-72d104f4db26.tabs.0.elements.2.elementCondition', 'null'),
('neoBlockTypes.555fd320-2ab5-4e25-be59-575cf4566201.fieldLayouts.694515d2-1c97-4dbc-8193-72d104f4db26.tabs.0.elements.2.fieldUid', '\"ad2057fb-7a69-4edc-add1-60ca888e8e08\"'),
('neoBlockTypes.555fd320-2ab5-4e25-be59-575cf4566201.fieldLayouts.694515d2-1c97-4dbc-8193-72d104f4db26.tabs.0.elements.2.instructions', 'null'),
('neoBlockTypes.555fd320-2ab5-4e25-be59-575cf4566201.fieldLayouts.694515d2-1c97-4dbc-8193-72d104f4db26.tabs.0.elements.2.label', 'null'),
('neoBlockTypes.555fd320-2ab5-4e25-be59-575cf4566201.fieldLayouts.694515d2-1c97-4dbc-8193-72d104f4db26.tabs.0.elements.2.required', 'false'),
('neoBlockTypes.555fd320-2ab5-4e25-be59-575cf4566201.fieldLayouts.694515d2-1c97-4dbc-8193-72d104f4db26.tabs.0.elements.2.tip', 'null'),
('neoBlockTypes.555fd320-2ab5-4e25-be59-575cf4566201.fieldLayouts.694515d2-1c97-4dbc-8193-72d104f4db26.tabs.0.elements.2.type', '\"craft\\\\fieldlayoutelements\\\\CustomField\"'),
('neoBlockTypes.555fd320-2ab5-4e25-be59-575cf4566201.fieldLayouts.694515d2-1c97-4dbc-8193-72d104f4db26.tabs.0.elements.2.uid', '\"87032fbd-b65c-4247-8758-70fd9b8180ac\"'),
('neoBlockTypes.555fd320-2ab5-4e25-be59-575cf4566201.fieldLayouts.694515d2-1c97-4dbc-8193-72d104f4db26.tabs.0.elements.2.userCondition', 'null'),
('neoBlockTypes.555fd320-2ab5-4e25-be59-575cf4566201.fieldLayouts.694515d2-1c97-4dbc-8193-72d104f4db26.tabs.0.elements.2.warning', 'null'),
('neoBlockTypes.555fd320-2ab5-4e25-be59-575cf4566201.fieldLayouts.694515d2-1c97-4dbc-8193-72d104f4db26.tabs.0.elements.2.width', '100'),
('neoBlockTypes.555fd320-2ab5-4e25-be59-575cf4566201.fieldLayouts.694515d2-1c97-4dbc-8193-72d104f4db26.tabs.0.elements.3.elementCondition', 'null'),
('neoBlockTypes.555fd320-2ab5-4e25-be59-575cf4566201.fieldLayouts.694515d2-1c97-4dbc-8193-72d104f4db26.tabs.0.elements.3.fieldUid', '\"13c96ebc-56f6-4f07-bfc2-066ef6497efe\"'),
('neoBlockTypes.555fd320-2ab5-4e25-be59-575cf4566201.fieldLayouts.694515d2-1c97-4dbc-8193-72d104f4db26.tabs.0.elements.3.instructions', 'null'),
('neoBlockTypes.555fd320-2ab5-4e25-be59-575cf4566201.fieldLayouts.694515d2-1c97-4dbc-8193-72d104f4db26.tabs.0.elements.3.label', 'null'),
('neoBlockTypes.555fd320-2ab5-4e25-be59-575cf4566201.fieldLayouts.694515d2-1c97-4dbc-8193-72d104f4db26.tabs.0.elements.3.required', 'false'),
('neoBlockTypes.555fd320-2ab5-4e25-be59-575cf4566201.fieldLayouts.694515d2-1c97-4dbc-8193-72d104f4db26.tabs.0.elements.3.tip', 'null'),
('neoBlockTypes.555fd320-2ab5-4e25-be59-575cf4566201.fieldLayouts.694515d2-1c97-4dbc-8193-72d104f4db26.tabs.0.elements.3.type', '\"craft\\\\fieldlayoutelements\\\\CustomField\"'),
('neoBlockTypes.555fd320-2ab5-4e25-be59-575cf4566201.fieldLayouts.694515d2-1c97-4dbc-8193-72d104f4db26.tabs.0.elements.3.uid', '\"dcaba240-3236-4b08-a58d-c22ec23b71be\"'),
('neoBlockTypes.555fd320-2ab5-4e25-be59-575cf4566201.fieldLayouts.694515d2-1c97-4dbc-8193-72d104f4db26.tabs.0.elements.3.userCondition', 'null'),
('neoBlockTypes.555fd320-2ab5-4e25-be59-575cf4566201.fieldLayouts.694515d2-1c97-4dbc-8193-72d104f4db26.tabs.0.elements.3.warning', 'null'),
('neoBlockTypes.555fd320-2ab5-4e25-be59-575cf4566201.fieldLayouts.694515d2-1c97-4dbc-8193-72d104f4db26.tabs.0.elements.3.width', '100'),
('neoBlockTypes.555fd320-2ab5-4e25-be59-575cf4566201.fieldLayouts.694515d2-1c97-4dbc-8193-72d104f4db26.tabs.0.name', '\"Content\"'),
('neoBlockTypes.555fd320-2ab5-4e25-be59-575cf4566201.fieldLayouts.694515d2-1c97-4dbc-8193-72d104f4db26.tabs.0.uid', '\"c7875983-0fde-47b0-84b7-723df4eeca39\"'),
('neoBlockTypes.555fd320-2ab5-4e25-be59-575cf4566201.fieldLayouts.694515d2-1c97-4dbc-8193-72d104f4db26.tabs.0.userCondition', 'null'),
('neoBlockTypes.555fd320-2ab5-4e25-be59-575cf4566201.group', 'null'),
('neoBlockTypes.555fd320-2ab5-4e25-be59-575cf4566201.groupChildBlockTypes', 'true'),
('neoBlockTypes.555fd320-2ab5-4e25-be59-575cf4566201.handle', '\"ctaBlock\"'),
('neoBlockTypes.555fd320-2ab5-4e25-be59-575cf4566201.icon', 'null'),
('neoBlockTypes.555fd320-2ab5-4e25-be59-575cf4566201.ignorePermissions', 'true'),
('neoBlockTypes.555fd320-2ab5-4e25-be59-575cf4566201.maxBlocks', '0'),
('neoBlockTypes.555fd320-2ab5-4e25-be59-575cf4566201.maxChildBlocks', '0'),
('neoBlockTypes.555fd320-2ab5-4e25-be59-575cf4566201.maxSiblingBlocks', '0'),
('neoBlockTypes.555fd320-2ab5-4e25-be59-575cf4566201.minBlocks', '0'),
('neoBlockTypes.555fd320-2ab5-4e25-be59-575cf4566201.minChildBlocks', '0'),
('neoBlockTypes.555fd320-2ab5-4e25-be59-575cf4566201.minSiblingBlocks', '0'),
('neoBlockTypes.555fd320-2ab5-4e25-be59-575cf4566201.name', '\"CTA\"'),
('neoBlockTypes.555fd320-2ab5-4e25-be59-575cf4566201.sortOrder', '5'),
('neoBlockTypes.555fd320-2ab5-4e25-be59-575cf4566201.topLevel', 'true'),
('neoBlockTypes.67249a37-36c6-4e25-859f-2b83cd163be0.childBlocks', 'null'),
('neoBlockTypes.67249a37-36c6-4e25-859f-2b83cd163be0.conditions', 'null'),
('neoBlockTypes.67249a37-36c6-4e25-859f-2b83cd163be0.description', '\"\"'),
('neoBlockTypes.67249a37-36c6-4e25-859f-2b83cd163be0.enabled', 'true'),
('neoBlockTypes.67249a37-36c6-4e25-859f-2b83cd163be0.field', '\"937f08fb-c57a-4702-a099-98dd7db74e7f\"'),
('neoBlockTypes.67249a37-36c6-4e25-859f-2b83cd163be0.fieldLayouts.5ede7087-645c-40f0-af74-46dd558ab3f8.tabs.0.elementCondition', 'null'),
('neoBlockTypes.67249a37-36c6-4e25-859f-2b83cd163be0.fieldLayouts.5ede7087-645c-40f0-af74-46dd558ab3f8.tabs.0.elements.0.elementCondition', 'null'),
('neoBlockTypes.67249a37-36c6-4e25-859f-2b83cd163be0.fieldLayouts.5ede7087-645c-40f0-af74-46dd558ab3f8.tabs.0.elements.0.fieldUid', '\"d64dba0e-b3dd-4726-a5f3-d77f911363a9\"'),
('neoBlockTypes.67249a37-36c6-4e25-859f-2b83cd163be0.fieldLayouts.5ede7087-645c-40f0-af74-46dd558ab3f8.tabs.0.elements.0.instructions', 'null'),
('neoBlockTypes.67249a37-36c6-4e25-859f-2b83cd163be0.fieldLayouts.5ede7087-645c-40f0-af74-46dd558ab3f8.tabs.0.elements.0.label', 'null'),
('neoBlockTypes.67249a37-36c6-4e25-859f-2b83cd163be0.fieldLayouts.5ede7087-645c-40f0-af74-46dd558ab3f8.tabs.0.elements.0.required', 'false'),
('neoBlockTypes.67249a37-36c6-4e25-859f-2b83cd163be0.fieldLayouts.5ede7087-645c-40f0-af74-46dd558ab3f8.tabs.0.elements.0.tip', 'null'),
('neoBlockTypes.67249a37-36c6-4e25-859f-2b83cd163be0.fieldLayouts.5ede7087-645c-40f0-af74-46dd558ab3f8.tabs.0.elements.0.type', '\"craft\\\\fieldlayoutelements\\\\CustomField\"'),
('neoBlockTypes.67249a37-36c6-4e25-859f-2b83cd163be0.fieldLayouts.5ede7087-645c-40f0-af74-46dd558ab3f8.tabs.0.elements.0.uid', '\"1d3df06b-758a-408f-9c55-00e11778fdf6\"'),
('neoBlockTypes.67249a37-36c6-4e25-859f-2b83cd163be0.fieldLayouts.5ede7087-645c-40f0-af74-46dd558ab3f8.tabs.0.elements.0.userCondition', 'null'),
('neoBlockTypes.67249a37-36c6-4e25-859f-2b83cd163be0.fieldLayouts.5ede7087-645c-40f0-af74-46dd558ab3f8.tabs.0.elements.0.warning', 'null'),
('neoBlockTypes.67249a37-36c6-4e25-859f-2b83cd163be0.fieldLayouts.5ede7087-645c-40f0-af74-46dd558ab3f8.tabs.0.elements.0.width', '100'),
('neoBlockTypes.67249a37-36c6-4e25-859f-2b83cd163be0.fieldLayouts.5ede7087-645c-40f0-af74-46dd558ab3f8.tabs.0.elements.1.elementCondition', 'null'),
('neoBlockTypes.67249a37-36c6-4e25-859f-2b83cd163be0.fieldLayouts.5ede7087-645c-40f0-af74-46dd558ab3f8.tabs.0.elements.1.fieldUid', '\"9b85cb2e-64d9-43b5-8693-68097a618895\"'),
('neoBlockTypes.67249a37-36c6-4e25-859f-2b83cd163be0.fieldLayouts.5ede7087-645c-40f0-af74-46dd558ab3f8.tabs.0.elements.1.instructions', 'null'),
('neoBlockTypes.67249a37-36c6-4e25-859f-2b83cd163be0.fieldLayouts.5ede7087-645c-40f0-af74-46dd558ab3f8.tabs.0.elements.1.label', 'null'),
('neoBlockTypes.67249a37-36c6-4e25-859f-2b83cd163be0.fieldLayouts.5ede7087-645c-40f0-af74-46dd558ab3f8.tabs.0.elements.1.required', 'false'),
('neoBlockTypes.67249a37-36c6-4e25-859f-2b83cd163be0.fieldLayouts.5ede7087-645c-40f0-af74-46dd558ab3f8.tabs.0.elements.1.tip', 'null'),
('neoBlockTypes.67249a37-36c6-4e25-859f-2b83cd163be0.fieldLayouts.5ede7087-645c-40f0-af74-46dd558ab3f8.tabs.0.elements.1.type', '\"craft\\\\fieldlayoutelements\\\\CustomField\"'),
('neoBlockTypes.67249a37-36c6-4e25-859f-2b83cd163be0.fieldLayouts.5ede7087-645c-40f0-af74-46dd558ab3f8.tabs.0.elements.1.uid', '\"42bd7d75-55a5-4568-aa44-09a9bfdc7164\"'),
('neoBlockTypes.67249a37-36c6-4e25-859f-2b83cd163be0.fieldLayouts.5ede7087-645c-40f0-af74-46dd558ab3f8.tabs.0.elements.1.userCondition', 'null'),
('neoBlockTypes.67249a37-36c6-4e25-859f-2b83cd163be0.fieldLayouts.5ede7087-645c-40f0-af74-46dd558ab3f8.tabs.0.elements.1.warning', 'null'),
('neoBlockTypes.67249a37-36c6-4e25-859f-2b83cd163be0.fieldLayouts.5ede7087-645c-40f0-af74-46dd558ab3f8.tabs.0.elements.1.width', '100'),
('neoBlockTypes.67249a37-36c6-4e25-859f-2b83cd163be0.fieldLayouts.5ede7087-645c-40f0-af74-46dd558ab3f8.tabs.0.elements.2.elementCondition', 'null'),
('neoBlockTypes.67249a37-36c6-4e25-859f-2b83cd163be0.fieldLayouts.5ede7087-645c-40f0-af74-46dd558ab3f8.tabs.0.elements.2.fieldUid', '\"a0e4f2eb-7480-4c82-a5e0-1675bebe0a16\"'),
('neoBlockTypes.67249a37-36c6-4e25-859f-2b83cd163be0.fieldLayouts.5ede7087-645c-40f0-af74-46dd558ab3f8.tabs.0.elements.2.instructions', 'null'),
('neoBlockTypes.67249a37-36c6-4e25-859f-2b83cd163be0.fieldLayouts.5ede7087-645c-40f0-af74-46dd558ab3f8.tabs.0.elements.2.label', 'null'),
('neoBlockTypes.67249a37-36c6-4e25-859f-2b83cd163be0.fieldLayouts.5ede7087-645c-40f0-af74-46dd558ab3f8.tabs.0.elements.2.required', 'false'),
('neoBlockTypes.67249a37-36c6-4e25-859f-2b83cd163be0.fieldLayouts.5ede7087-645c-40f0-af74-46dd558ab3f8.tabs.0.elements.2.tip', 'null'),
('neoBlockTypes.67249a37-36c6-4e25-859f-2b83cd163be0.fieldLayouts.5ede7087-645c-40f0-af74-46dd558ab3f8.tabs.0.elements.2.type', '\"craft\\\\fieldlayoutelements\\\\CustomField\"'),
('neoBlockTypes.67249a37-36c6-4e25-859f-2b83cd163be0.fieldLayouts.5ede7087-645c-40f0-af74-46dd558ab3f8.tabs.0.elements.2.uid', '\"8ecbf008-2aaa-4064-a4b2-ee34c88b0887\"'),
('neoBlockTypes.67249a37-36c6-4e25-859f-2b83cd163be0.fieldLayouts.5ede7087-645c-40f0-af74-46dd558ab3f8.tabs.0.elements.2.userCondition', 'null'),
('neoBlockTypes.67249a37-36c6-4e25-859f-2b83cd163be0.fieldLayouts.5ede7087-645c-40f0-af74-46dd558ab3f8.tabs.0.elements.2.warning', 'null'),
('neoBlockTypes.67249a37-36c6-4e25-859f-2b83cd163be0.fieldLayouts.5ede7087-645c-40f0-af74-46dd558ab3f8.tabs.0.elements.2.width', '100'),
('neoBlockTypes.67249a37-36c6-4e25-859f-2b83cd163be0.fieldLayouts.5ede7087-645c-40f0-af74-46dd558ab3f8.tabs.0.name', '\"Content\"'),
('neoBlockTypes.67249a37-36c6-4e25-859f-2b83cd163be0.fieldLayouts.5ede7087-645c-40f0-af74-46dd558ab3f8.tabs.0.uid', '\"a81c28a2-a6a2-4933-832c-995839b388d3\"'),
('neoBlockTypes.67249a37-36c6-4e25-859f-2b83cd163be0.fieldLayouts.5ede7087-645c-40f0-af74-46dd558ab3f8.tabs.0.userCondition', 'null'),
('neoBlockTypes.67249a37-36c6-4e25-859f-2b83cd163be0.group', 'null'),
('neoBlockTypes.67249a37-36c6-4e25-859f-2b83cd163be0.groupChildBlockTypes', 'true'),
('neoBlockTypes.67249a37-36c6-4e25-859f-2b83cd163be0.handle', '\"formBlock\"'),
('neoBlockTypes.67249a37-36c6-4e25-859f-2b83cd163be0.icon', 'null'),
('neoBlockTypes.67249a37-36c6-4e25-859f-2b83cd163be0.ignorePermissions', 'true'),
('neoBlockTypes.67249a37-36c6-4e25-859f-2b83cd163be0.maxBlocks', '0'),
('neoBlockTypes.67249a37-36c6-4e25-859f-2b83cd163be0.maxChildBlocks', '0'),
('neoBlockTypes.67249a37-36c6-4e25-859f-2b83cd163be0.maxSiblingBlocks', '0'),
('neoBlockTypes.67249a37-36c6-4e25-859f-2b83cd163be0.minBlocks', '0'),
('neoBlockTypes.67249a37-36c6-4e25-859f-2b83cd163be0.minChildBlocks', '0'),
('neoBlockTypes.67249a37-36c6-4e25-859f-2b83cd163be0.minSiblingBlocks', '0'),
('neoBlockTypes.67249a37-36c6-4e25-859f-2b83cd163be0.name', '\"Form\"'),
('neoBlockTypes.67249a37-36c6-4e25-859f-2b83cd163be0.sortOrder', '4'),
('neoBlockTypes.67249a37-36c6-4e25-859f-2b83cd163be0.topLevel', 'true'),
('neoBlockTypes.773ad08c-8c39-4df1-9029-2a8b4f7e872e.childBlocks', 'null'),
('neoBlockTypes.773ad08c-8c39-4df1-9029-2a8b4f7e872e.conditions', 'null'),
('neoBlockTypes.773ad08c-8c39-4df1-9029-2a8b4f7e872e.description', '\"\"'),
('neoBlockTypes.773ad08c-8c39-4df1-9029-2a8b4f7e872e.enabled', 'true'),
('neoBlockTypes.773ad08c-8c39-4df1-9029-2a8b4f7e872e.field', '\"937f08fb-c57a-4702-a099-98dd7db74e7f\"'),
('neoBlockTypes.773ad08c-8c39-4df1-9029-2a8b4f7e872e.fieldLayouts.133a595f-3917-4485-a0d7-5e6aceeaffb5.tabs.0.elementCondition', 'null'),
('neoBlockTypes.773ad08c-8c39-4df1-9029-2a8b4f7e872e.fieldLayouts.133a595f-3917-4485-a0d7-5e6aceeaffb5.tabs.0.elements.0.elementCondition', 'null'),
('neoBlockTypes.773ad08c-8c39-4df1-9029-2a8b4f7e872e.fieldLayouts.133a595f-3917-4485-a0d7-5e6aceeaffb5.tabs.0.elements.0.fieldUid', '\"d64dba0e-b3dd-4726-a5f3-d77f911363a9\"'),
('neoBlockTypes.773ad08c-8c39-4df1-9029-2a8b4f7e872e.fieldLayouts.133a595f-3917-4485-a0d7-5e6aceeaffb5.tabs.0.elements.0.instructions', 'null'),
('neoBlockTypes.773ad08c-8c39-4df1-9029-2a8b4f7e872e.fieldLayouts.133a595f-3917-4485-a0d7-5e6aceeaffb5.tabs.0.elements.0.label', 'null'),
('neoBlockTypes.773ad08c-8c39-4df1-9029-2a8b4f7e872e.fieldLayouts.133a595f-3917-4485-a0d7-5e6aceeaffb5.tabs.0.elements.0.required', 'false'),
('neoBlockTypes.773ad08c-8c39-4df1-9029-2a8b4f7e872e.fieldLayouts.133a595f-3917-4485-a0d7-5e6aceeaffb5.tabs.0.elements.0.tip', 'null'),
('neoBlockTypes.773ad08c-8c39-4df1-9029-2a8b4f7e872e.fieldLayouts.133a595f-3917-4485-a0d7-5e6aceeaffb5.tabs.0.elements.0.type', '\"craft\\\\fieldlayoutelements\\\\CustomField\"'),
('neoBlockTypes.773ad08c-8c39-4df1-9029-2a8b4f7e872e.fieldLayouts.133a595f-3917-4485-a0d7-5e6aceeaffb5.tabs.0.elements.0.uid', '\"89c3a0f6-b7f2-4e8e-bb28-878705d08e98\"'),
('neoBlockTypes.773ad08c-8c39-4df1-9029-2a8b4f7e872e.fieldLayouts.133a595f-3917-4485-a0d7-5e6aceeaffb5.tabs.0.elements.0.userCondition', 'null'),
('neoBlockTypes.773ad08c-8c39-4df1-9029-2a8b4f7e872e.fieldLayouts.133a595f-3917-4485-a0d7-5e6aceeaffb5.tabs.0.elements.0.warning', 'null'),
('neoBlockTypes.773ad08c-8c39-4df1-9029-2a8b4f7e872e.fieldLayouts.133a595f-3917-4485-a0d7-5e6aceeaffb5.tabs.0.elements.0.width', '100'),
('neoBlockTypes.773ad08c-8c39-4df1-9029-2a8b4f7e872e.fieldLayouts.133a595f-3917-4485-a0d7-5e6aceeaffb5.tabs.0.elements.1.elementCondition', 'null'),
('neoBlockTypes.773ad08c-8c39-4df1-9029-2a8b4f7e872e.fieldLayouts.133a595f-3917-4485-a0d7-5e6aceeaffb5.tabs.0.elements.1.fieldUid', '\"51dc1ca6-1aae-44ed-89dd-a7b0b687c681\"'),
('neoBlockTypes.773ad08c-8c39-4df1-9029-2a8b4f7e872e.fieldLayouts.133a595f-3917-4485-a0d7-5e6aceeaffb5.tabs.0.elements.1.instructions', 'null'),
('neoBlockTypes.773ad08c-8c39-4df1-9029-2a8b4f7e872e.fieldLayouts.133a595f-3917-4485-a0d7-5e6aceeaffb5.tabs.0.elements.1.label', 'null'),
('neoBlockTypes.773ad08c-8c39-4df1-9029-2a8b4f7e872e.fieldLayouts.133a595f-3917-4485-a0d7-5e6aceeaffb5.tabs.0.elements.1.required', 'false'),
('neoBlockTypes.773ad08c-8c39-4df1-9029-2a8b4f7e872e.fieldLayouts.133a595f-3917-4485-a0d7-5e6aceeaffb5.tabs.0.elements.1.tip', 'null'),
('neoBlockTypes.773ad08c-8c39-4df1-9029-2a8b4f7e872e.fieldLayouts.133a595f-3917-4485-a0d7-5e6aceeaffb5.tabs.0.elements.1.type', '\"craft\\\\fieldlayoutelements\\\\CustomField\"'),
('neoBlockTypes.773ad08c-8c39-4df1-9029-2a8b4f7e872e.fieldLayouts.133a595f-3917-4485-a0d7-5e6aceeaffb5.tabs.0.elements.1.uid', '\"d2ef8b9f-6dee-45c8-bfa5-dda9c08b6b50\"'),
('neoBlockTypes.773ad08c-8c39-4df1-9029-2a8b4f7e872e.fieldLayouts.133a595f-3917-4485-a0d7-5e6aceeaffb5.tabs.0.elements.1.userCondition', 'null'),
('neoBlockTypes.773ad08c-8c39-4df1-9029-2a8b4f7e872e.fieldLayouts.133a595f-3917-4485-a0d7-5e6aceeaffb5.tabs.0.elements.1.warning', 'null'),
('neoBlockTypes.773ad08c-8c39-4df1-9029-2a8b4f7e872e.fieldLayouts.133a595f-3917-4485-a0d7-5e6aceeaffb5.tabs.0.elements.1.width', '100'),
('neoBlockTypes.773ad08c-8c39-4df1-9029-2a8b4f7e872e.fieldLayouts.133a595f-3917-4485-a0d7-5e6aceeaffb5.tabs.0.name', '\"Content\"'),
('neoBlockTypes.773ad08c-8c39-4df1-9029-2a8b4f7e872e.fieldLayouts.133a595f-3917-4485-a0d7-5e6aceeaffb5.tabs.0.uid', '\"2011d008-82c8-4144-ae32-61dc54f83f4d\"'),
('neoBlockTypes.773ad08c-8c39-4df1-9029-2a8b4f7e872e.fieldLayouts.133a595f-3917-4485-a0d7-5e6aceeaffb5.tabs.0.userCondition', 'null'),
('neoBlockTypes.773ad08c-8c39-4df1-9029-2a8b4f7e872e.group', 'null'),
('neoBlockTypes.773ad08c-8c39-4df1-9029-2a8b4f7e872e.groupChildBlockTypes', 'true'),
('neoBlockTypes.773ad08c-8c39-4df1-9029-2a8b4f7e872e.handle', '\"imageBlock\"'),
('neoBlockTypes.773ad08c-8c39-4df1-9029-2a8b4f7e872e.icon', 'null'),
('neoBlockTypes.773ad08c-8c39-4df1-9029-2a8b4f7e872e.ignorePermissions', 'true'),
('neoBlockTypes.773ad08c-8c39-4df1-9029-2a8b4f7e872e.maxBlocks', '0'),
('neoBlockTypes.773ad08c-8c39-4df1-9029-2a8b4f7e872e.maxChildBlocks', '0'),
('neoBlockTypes.773ad08c-8c39-4df1-9029-2a8b4f7e872e.maxSiblingBlocks', '0'),
('neoBlockTypes.773ad08c-8c39-4df1-9029-2a8b4f7e872e.minBlocks', '0'),
('neoBlockTypes.773ad08c-8c39-4df1-9029-2a8b4f7e872e.minChildBlocks', '0'),
('neoBlockTypes.773ad08c-8c39-4df1-9029-2a8b4f7e872e.minSiblingBlocks', '0'),
('neoBlockTypes.773ad08c-8c39-4df1-9029-2a8b4f7e872e.name', '\"Image\"'),
('neoBlockTypes.773ad08c-8c39-4df1-9029-2a8b4f7e872e.sortOrder', '2'),
('neoBlockTypes.773ad08c-8c39-4df1-9029-2a8b4f7e872e.topLevel', 'true'),
('neoBlockTypes.8ab53871-23f1-4e4a-aa3e-2ad3e0857665.childBlocks', 'null'),
('neoBlockTypes.8ab53871-23f1-4e4a-aa3e-2ad3e0857665.conditions', 'null'),
('neoBlockTypes.8ab53871-23f1-4e4a-aa3e-2ad3e0857665.description', '\"\"'),
('neoBlockTypes.8ab53871-23f1-4e4a-aa3e-2ad3e0857665.enabled', 'true'),
('neoBlockTypes.8ab53871-23f1-4e4a-aa3e-2ad3e0857665.field', '\"937f08fb-c57a-4702-a099-98dd7db74e7f\"'),
('neoBlockTypes.8ab53871-23f1-4e4a-aa3e-2ad3e0857665.fieldLayouts.851b7c3e-6001-4133-85dd-2d255746e3f1.tabs.0.elementCondition', 'null'),
('neoBlockTypes.8ab53871-23f1-4e4a-aa3e-2ad3e0857665.fieldLayouts.851b7c3e-6001-4133-85dd-2d255746e3f1.tabs.0.elements.0.elementCondition', 'null'),
('neoBlockTypes.8ab53871-23f1-4e4a-aa3e-2ad3e0857665.fieldLayouts.851b7c3e-6001-4133-85dd-2d255746e3f1.tabs.0.elements.0.fieldUid', '\"d64dba0e-b3dd-4726-a5f3-d77f911363a9\"'),
('neoBlockTypes.8ab53871-23f1-4e4a-aa3e-2ad3e0857665.fieldLayouts.851b7c3e-6001-4133-85dd-2d255746e3f1.tabs.0.elements.0.instructions', 'null'),
('neoBlockTypes.8ab53871-23f1-4e4a-aa3e-2ad3e0857665.fieldLayouts.851b7c3e-6001-4133-85dd-2d255746e3f1.tabs.0.elements.0.label', 'null'),
('neoBlockTypes.8ab53871-23f1-4e4a-aa3e-2ad3e0857665.fieldLayouts.851b7c3e-6001-4133-85dd-2d255746e3f1.tabs.0.elements.0.required', 'false'),
('neoBlockTypes.8ab53871-23f1-4e4a-aa3e-2ad3e0857665.fieldLayouts.851b7c3e-6001-4133-85dd-2d255746e3f1.tabs.0.elements.0.tip', 'null'),
('neoBlockTypes.8ab53871-23f1-4e4a-aa3e-2ad3e0857665.fieldLayouts.851b7c3e-6001-4133-85dd-2d255746e3f1.tabs.0.elements.0.type', '\"craft\\\\fieldlayoutelements\\\\CustomField\"'),
('neoBlockTypes.8ab53871-23f1-4e4a-aa3e-2ad3e0857665.fieldLayouts.851b7c3e-6001-4133-85dd-2d255746e3f1.tabs.0.elements.0.uid', '\"82770b87-69a2-4706-a630-562b75f7117e\"'),
('neoBlockTypes.8ab53871-23f1-4e4a-aa3e-2ad3e0857665.fieldLayouts.851b7c3e-6001-4133-85dd-2d255746e3f1.tabs.0.elements.0.userCondition', 'null'),
('neoBlockTypes.8ab53871-23f1-4e4a-aa3e-2ad3e0857665.fieldLayouts.851b7c3e-6001-4133-85dd-2d255746e3f1.tabs.0.elements.0.warning', 'null'),
('neoBlockTypes.8ab53871-23f1-4e4a-aa3e-2ad3e0857665.fieldLayouts.851b7c3e-6001-4133-85dd-2d255746e3f1.tabs.0.elements.0.width', '100'),
('neoBlockTypes.8ab53871-23f1-4e4a-aa3e-2ad3e0857665.fieldLayouts.851b7c3e-6001-4133-85dd-2d255746e3f1.tabs.0.elements.1.elementCondition', 'null'),
('neoBlockTypes.8ab53871-23f1-4e4a-aa3e-2ad3e0857665.fieldLayouts.851b7c3e-6001-4133-85dd-2d255746e3f1.tabs.0.elements.1.fieldUid', '\"1bd2ee21-62b1-4ccb-88de-f68075a4423a\"'),
('neoBlockTypes.8ab53871-23f1-4e4a-aa3e-2ad3e0857665.fieldLayouts.851b7c3e-6001-4133-85dd-2d255746e3f1.tabs.0.elements.1.instructions', 'null'),
('neoBlockTypes.8ab53871-23f1-4e4a-aa3e-2ad3e0857665.fieldLayouts.851b7c3e-6001-4133-85dd-2d255746e3f1.tabs.0.elements.1.label', 'null'),
('neoBlockTypes.8ab53871-23f1-4e4a-aa3e-2ad3e0857665.fieldLayouts.851b7c3e-6001-4133-85dd-2d255746e3f1.tabs.0.elements.1.required', 'false'),
('neoBlockTypes.8ab53871-23f1-4e4a-aa3e-2ad3e0857665.fieldLayouts.851b7c3e-6001-4133-85dd-2d255746e3f1.tabs.0.elements.1.tip', 'null'),
('neoBlockTypes.8ab53871-23f1-4e4a-aa3e-2ad3e0857665.fieldLayouts.851b7c3e-6001-4133-85dd-2d255746e3f1.tabs.0.elements.1.type', '\"craft\\\\fieldlayoutelements\\\\CustomField\"'),
('neoBlockTypes.8ab53871-23f1-4e4a-aa3e-2ad3e0857665.fieldLayouts.851b7c3e-6001-4133-85dd-2d255746e3f1.tabs.0.elements.1.uid', '\"3d6bfca4-25f8-41e7-8200-33fbf833ba64\"'),
('neoBlockTypes.8ab53871-23f1-4e4a-aa3e-2ad3e0857665.fieldLayouts.851b7c3e-6001-4133-85dd-2d255746e3f1.tabs.0.elements.1.userCondition', 'null'),
('neoBlockTypes.8ab53871-23f1-4e4a-aa3e-2ad3e0857665.fieldLayouts.851b7c3e-6001-4133-85dd-2d255746e3f1.tabs.0.elements.1.warning', 'null'),
('neoBlockTypes.8ab53871-23f1-4e4a-aa3e-2ad3e0857665.fieldLayouts.851b7c3e-6001-4133-85dd-2d255746e3f1.tabs.0.elements.1.width', '100'),
('neoBlockTypes.8ab53871-23f1-4e4a-aa3e-2ad3e0857665.fieldLayouts.851b7c3e-6001-4133-85dd-2d255746e3f1.tabs.0.name', '\"Content\"'),
('neoBlockTypes.8ab53871-23f1-4e4a-aa3e-2ad3e0857665.fieldLayouts.851b7c3e-6001-4133-85dd-2d255746e3f1.tabs.0.uid', '\"81e8ad91-16ea-42b6-abfe-1c187a85d5a2\"'),
('neoBlockTypes.8ab53871-23f1-4e4a-aa3e-2ad3e0857665.fieldLayouts.851b7c3e-6001-4133-85dd-2d255746e3f1.tabs.0.userCondition', 'null'),
('neoBlockTypes.8ab53871-23f1-4e4a-aa3e-2ad3e0857665.group', 'null'),
('neoBlockTypes.8ab53871-23f1-4e4a-aa3e-2ad3e0857665.groupChildBlockTypes', 'true'),
('neoBlockTypes.8ab53871-23f1-4e4a-aa3e-2ad3e0857665.handle', '\"imagesBlock\"'),
('neoBlockTypes.8ab53871-23f1-4e4a-aa3e-2ad3e0857665.icon', 'null'),
('neoBlockTypes.8ab53871-23f1-4e4a-aa3e-2ad3e0857665.ignorePermissions', 'true'),
('neoBlockTypes.8ab53871-23f1-4e4a-aa3e-2ad3e0857665.maxBlocks', '0'),
('neoBlockTypes.8ab53871-23f1-4e4a-aa3e-2ad3e0857665.maxChildBlocks', '0'),
('neoBlockTypes.8ab53871-23f1-4e4a-aa3e-2ad3e0857665.maxSiblingBlocks', '0'),
('neoBlockTypes.8ab53871-23f1-4e4a-aa3e-2ad3e0857665.minBlocks', '0'),
('neoBlockTypes.8ab53871-23f1-4e4a-aa3e-2ad3e0857665.minChildBlocks', '0'),
('neoBlockTypes.8ab53871-23f1-4e4a-aa3e-2ad3e0857665.minSiblingBlocks', '0'),
('neoBlockTypes.8ab53871-23f1-4e4a-aa3e-2ad3e0857665.name', '\"Images\"'),
('neoBlockTypes.8ab53871-23f1-4e4a-aa3e-2ad3e0857665.sortOrder', '3'),
('neoBlockTypes.8ab53871-23f1-4e4a-aa3e-2ad3e0857665.topLevel', 'true'),
('neoBlockTypes.d427bda4-aa54-4d50-968f-7c634fad08cd.childBlocks', 'null'),
('neoBlockTypes.d427bda4-aa54-4d50-968f-7c634fad08cd.conditions', 'null'),
('neoBlockTypes.d427bda4-aa54-4d50-968f-7c634fad08cd.description', '\"\"'),
('neoBlockTypes.d427bda4-aa54-4d50-968f-7c634fad08cd.enabled', 'true'),
('neoBlockTypes.d427bda4-aa54-4d50-968f-7c634fad08cd.field', '\"937f08fb-c57a-4702-a099-98dd7db74e7f\"'),
('neoBlockTypes.d427bda4-aa54-4d50-968f-7c634fad08cd.fieldLayouts.bd893402-85a8-4bc6-912f-bac523ccec4d.tabs.0.elementCondition', 'null'),
('neoBlockTypes.d427bda4-aa54-4d50-968f-7c634fad08cd.fieldLayouts.bd893402-85a8-4bc6-912f-bac523ccec4d.tabs.0.elements.0.elementCondition', 'null'),
('neoBlockTypes.d427bda4-aa54-4d50-968f-7c634fad08cd.fieldLayouts.bd893402-85a8-4bc6-912f-bac523ccec4d.tabs.0.elements.0.fieldUid', '\"d64dba0e-b3dd-4726-a5f3-d77f911363a9\"'),
('neoBlockTypes.d427bda4-aa54-4d50-968f-7c634fad08cd.fieldLayouts.bd893402-85a8-4bc6-912f-bac523ccec4d.tabs.0.elements.0.instructions', 'null'),
('neoBlockTypes.d427bda4-aa54-4d50-968f-7c634fad08cd.fieldLayouts.bd893402-85a8-4bc6-912f-bac523ccec4d.tabs.0.elements.0.label', 'null'),
('neoBlockTypes.d427bda4-aa54-4d50-968f-7c634fad08cd.fieldLayouts.bd893402-85a8-4bc6-912f-bac523ccec4d.tabs.0.elements.0.required', 'false'),
('neoBlockTypes.d427bda4-aa54-4d50-968f-7c634fad08cd.fieldLayouts.bd893402-85a8-4bc6-912f-bac523ccec4d.tabs.0.elements.0.tip', 'null'),
('neoBlockTypes.d427bda4-aa54-4d50-968f-7c634fad08cd.fieldLayouts.bd893402-85a8-4bc6-912f-bac523ccec4d.tabs.0.elements.0.type', '\"craft\\\\fieldlayoutelements\\\\CustomField\"'),
('neoBlockTypes.d427bda4-aa54-4d50-968f-7c634fad08cd.fieldLayouts.bd893402-85a8-4bc6-912f-bac523ccec4d.tabs.0.elements.0.uid', '\"5806ebc0-614f-4c4a-be64-14c1cc73c309\"'),
('neoBlockTypes.d427bda4-aa54-4d50-968f-7c634fad08cd.fieldLayouts.bd893402-85a8-4bc6-912f-bac523ccec4d.tabs.0.elements.0.userCondition', 'null'),
('neoBlockTypes.d427bda4-aa54-4d50-968f-7c634fad08cd.fieldLayouts.bd893402-85a8-4bc6-912f-bac523ccec4d.tabs.0.elements.0.warning', 'null'),
('neoBlockTypes.d427bda4-aa54-4d50-968f-7c634fad08cd.fieldLayouts.bd893402-85a8-4bc6-912f-bac523ccec4d.tabs.0.elements.0.width', '100'),
('neoBlockTypes.d427bda4-aa54-4d50-968f-7c634fad08cd.fieldLayouts.bd893402-85a8-4bc6-912f-bac523ccec4d.tabs.0.elements.1.elementCondition', 'null'),
('neoBlockTypes.d427bda4-aa54-4d50-968f-7c634fad08cd.fieldLayouts.bd893402-85a8-4bc6-912f-bac523ccec4d.tabs.0.elements.1.fieldUid', '\"9b85cb2e-64d9-43b5-8693-68097a618895\"'),
('neoBlockTypes.d427bda4-aa54-4d50-968f-7c634fad08cd.fieldLayouts.bd893402-85a8-4bc6-912f-bac523ccec4d.tabs.0.elements.1.instructions', 'null'),
('neoBlockTypes.d427bda4-aa54-4d50-968f-7c634fad08cd.fieldLayouts.bd893402-85a8-4bc6-912f-bac523ccec4d.tabs.0.elements.1.label', 'null'),
('neoBlockTypes.d427bda4-aa54-4d50-968f-7c634fad08cd.fieldLayouts.bd893402-85a8-4bc6-912f-bac523ccec4d.tabs.0.elements.1.required', 'false'),
('neoBlockTypes.d427bda4-aa54-4d50-968f-7c634fad08cd.fieldLayouts.bd893402-85a8-4bc6-912f-bac523ccec4d.tabs.0.elements.1.tip', 'null'),
('neoBlockTypes.d427bda4-aa54-4d50-968f-7c634fad08cd.fieldLayouts.bd893402-85a8-4bc6-912f-bac523ccec4d.tabs.0.elements.1.type', '\"craft\\\\fieldlayoutelements\\\\CustomField\"'),
('neoBlockTypes.d427bda4-aa54-4d50-968f-7c634fad08cd.fieldLayouts.bd893402-85a8-4bc6-912f-bac523ccec4d.tabs.0.elements.1.uid', '\"8fe80afb-6e40-4b1c-81c6-ecff76d666da\"'),
('neoBlockTypes.d427bda4-aa54-4d50-968f-7c634fad08cd.fieldLayouts.bd893402-85a8-4bc6-912f-bac523ccec4d.tabs.0.elements.1.userCondition', 'null'),
('neoBlockTypes.d427bda4-aa54-4d50-968f-7c634fad08cd.fieldLayouts.bd893402-85a8-4bc6-912f-bac523ccec4d.tabs.0.elements.1.warning', 'null'),
('neoBlockTypes.d427bda4-aa54-4d50-968f-7c634fad08cd.fieldLayouts.bd893402-85a8-4bc6-912f-bac523ccec4d.tabs.0.elements.1.width', '100'),
('neoBlockTypes.d427bda4-aa54-4d50-968f-7c634fad08cd.fieldLayouts.bd893402-85a8-4bc6-912f-bac523ccec4d.tabs.0.elements.2.elementCondition', 'null'),
('neoBlockTypes.d427bda4-aa54-4d50-968f-7c634fad08cd.fieldLayouts.bd893402-85a8-4bc6-912f-bac523ccec4d.tabs.0.elements.2.fieldUid', '\"ad2057fb-7a69-4edc-add1-60ca888e8e08\"'),
('neoBlockTypes.d427bda4-aa54-4d50-968f-7c634fad08cd.fieldLayouts.bd893402-85a8-4bc6-912f-bac523ccec4d.tabs.0.elements.2.instructions', 'null'),
('neoBlockTypes.d427bda4-aa54-4d50-968f-7c634fad08cd.fieldLayouts.bd893402-85a8-4bc6-912f-bac523ccec4d.tabs.0.elements.2.label', 'null'),
('neoBlockTypes.d427bda4-aa54-4d50-968f-7c634fad08cd.fieldLayouts.bd893402-85a8-4bc6-912f-bac523ccec4d.tabs.0.elements.2.required', 'false'),
('neoBlockTypes.d427bda4-aa54-4d50-968f-7c634fad08cd.fieldLayouts.bd893402-85a8-4bc6-912f-bac523ccec4d.tabs.0.elements.2.tip', 'null'),
('neoBlockTypes.d427bda4-aa54-4d50-968f-7c634fad08cd.fieldLayouts.bd893402-85a8-4bc6-912f-bac523ccec4d.tabs.0.elements.2.type', '\"craft\\\\fieldlayoutelements\\\\CustomField\"'),
('neoBlockTypes.d427bda4-aa54-4d50-968f-7c634fad08cd.fieldLayouts.bd893402-85a8-4bc6-912f-bac523ccec4d.tabs.0.elements.2.uid', '\"f8f5ddcf-9370-4a75-950e-59c73ab20f6b\"'),
('neoBlockTypes.d427bda4-aa54-4d50-968f-7c634fad08cd.fieldLayouts.bd893402-85a8-4bc6-912f-bac523ccec4d.tabs.0.elements.2.userCondition', 'null'),
('neoBlockTypes.d427bda4-aa54-4d50-968f-7c634fad08cd.fieldLayouts.bd893402-85a8-4bc6-912f-bac523ccec4d.tabs.0.elements.2.warning', 'null'),
('neoBlockTypes.d427bda4-aa54-4d50-968f-7c634fad08cd.fieldLayouts.bd893402-85a8-4bc6-912f-bac523ccec4d.tabs.0.elements.2.width', '100'),
('neoBlockTypes.d427bda4-aa54-4d50-968f-7c634fad08cd.fieldLayouts.bd893402-85a8-4bc6-912f-bac523ccec4d.tabs.0.name', '\"Content\"'),
('neoBlockTypes.d427bda4-aa54-4d50-968f-7c634fad08cd.fieldLayouts.bd893402-85a8-4bc6-912f-bac523ccec4d.tabs.0.uid', '\"0c266d91-65b0-4f15-9240-f99b8fab3428\"'),
('neoBlockTypes.d427bda4-aa54-4d50-968f-7c634fad08cd.fieldLayouts.bd893402-85a8-4bc6-912f-bac523ccec4d.tabs.0.userCondition', 'null'),
('neoBlockTypes.d427bda4-aa54-4d50-968f-7c634fad08cd.group', 'null'),
('neoBlockTypes.d427bda4-aa54-4d50-968f-7c634fad08cd.groupChildBlockTypes', 'true'),
('neoBlockTypes.d427bda4-aa54-4d50-968f-7c634fad08cd.handle', '\"textBlock\"'),
('neoBlockTypes.d427bda4-aa54-4d50-968f-7c634fad08cd.icon', 'null'),
('neoBlockTypes.d427bda4-aa54-4d50-968f-7c634fad08cd.ignorePermissions', 'true'),
('neoBlockTypes.d427bda4-aa54-4d50-968f-7c634fad08cd.maxBlocks', '0'),
('neoBlockTypes.d427bda4-aa54-4d50-968f-7c634fad08cd.maxChildBlocks', '0'),
('neoBlockTypes.d427bda4-aa54-4d50-968f-7c634fad08cd.maxSiblingBlocks', '0'),
('neoBlockTypes.d427bda4-aa54-4d50-968f-7c634fad08cd.minBlocks', '0'),
('neoBlockTypes.d427bda4-aa54-4d50-968f-7c634fad08cd.minChildBlocks', '0'),
('neoBlockTypes.d427bda4-aa54-4d50-968f-7c634fad08cd.minSiblingBlocks', '0'),
('neoBlockTypes.d427bda4-aa54-4d50-968f-7c634fad08cd.name', '\"Text\"'),
('neoBlockTypes.d427bda4-aa54-4d50-968f-7c634fad08cd.sortOrder', '1'),
('neoBlockTypes.d427bda4-aa54-4d50-968f-7c634fad08cd.topLevel', 'true'),
('plugins.cloner.edition', '\"standard\"'),
('plugins.cloner.enabled', 'true'),
('plugins.cloner.schemaVersion', '\"1.0.0\"'),
('plugins.contact-form-extensions.edition', '\"standard\"'),
('plugins.contact-form-extensions.enabled', 'true'),
('plugins.contact-form-extensions.schemaVersion', '\"1.0.1\"'),
('plugins.contact-form-honeypot.edition', '\"standard\"'),
('plugins.contact-form-honeypot.enabled', 'true'),
('plugins.contact-form-honeypot.schemaVersion', '\"1.0.0\"'),
('plugins.contact-form-honeypot.settings.honeypotParam', '\"honeypot\"'),
('plugins.contact-form.edition', '\"standard\"'),
('plugins.contact-form.enabled', 'true'),
('plugins.contact-form.schemaVersion', '\"1.0.0\"'),
('plugins.contact-form.settings.allowAttachments', '\"\"'),
('plugins.contact-form.settings.allowedMessageFields', 'null'),
('plugins.contact-form.settings.prependSender', '\"On behalf of\"'),
('plugins.contact-form.settings.prependSubject', '\"New message from Portfolio\"'),
('plugins.contact-form.settings.successFlashMessage', '\"Your message has been sent.\"'),
('plugins.contact-form.settings.toEmail', '\"$EMAIL_ADDRESS\"'),
('plugins.field-manager.edition', '\"standard\"'),
('plugins.field-manager.enabled', 'true'),
('plugins.field-manager.schemaVersion', '\"1.0.0\"'),
('plugins.image-resizer.edition', '\"standard\"'),
('plugins.image-resizer.enabled', 'true'),
('plugins.image-resizer.schemaVersion', '\"2.0.0\"'),
('plugins.image-resizer.settings.enabled', 'true'),
('plugins.image-resizer.settings.imageHeight', '0'),
('plugins.image-resizer.settings.imageQuality', '100'),
('plugins.image-resizer.settings.imageWidth', '2500'),
('plugins.image-resizer.settings.nonDestructiveCrop', 'false'),
('plugins.image-resizer.settings.nonDestructiveResize', 'false'),
('plugins.image-resizer.settings.skipLarger', 'true'),
('plugins.neo.edition', '\"standard\"'),
('plugins.neo.enabled', 'true'),
('plugins.neo.licenseKey', '\"CF5JXKB2TT2JM5U0O9BS17EZ\"'),
('plugins.neo.schemaVersion', '\"3.6.2\"'),
('plugins.redactor.edition', '\"standard\"'),
('plugins.redactor.enabled', 'true'),
('plugins.redactor.schemaVersion', '\"2.3.0\"'),
('plugins.seo.edition', '\"standard\"'),
('plugins.seo.enabled', 'true'),
('plugins.seo.schemaVersion', '\"3.2.0\"'),
('plugins.super-table.edition', '\"standard\"'),
('plugins.super-table.enabled', 'true'),
('plugins.super-table.schemaVersion', '\"3.0.0\"'),
('plugins.typedlinkfield.edition', '\"standard\"'),
('plugins.typedlinkfield.enabled', 'true'),
('plugins.typedlinkfield.schemaVersion', '\"2.0.0\"'),
('sections.0cb8f772-dc44-4b7e-9676-63945bf54cb7.defaultPlacement', '\"end\"'),
('sections.0cb8f772-dc44-4b7e-9676-63945bf54cb7.enableVersioning', 'true'),
('sections.0cb8f772-dc44-4b7e-9676-63945bf54cb7.handle', '\"pages\"'),
('sections.0cb8f772-dc44-4b7e-9676-63945bf54cb7.name', '\"Pages\"'),
('sections.0cb8f772-dc44-4b7e-9676-63945bf54cb7.propagationMethod', '\"all\"'),
('sections.0cb8f772-dc44-4b7e-9676-63945bf54cb7.siteSettings.a4159753-8a1a-4a33-be53-8b3d4014a610.enabledByDefault', 'true'),
('sections.0cb8f772-dc44-4b7e-9676-63945bf54cb7.siteSettings.a4159753-8a1a-4a33-be53-8b3d4014a610.hasUrls', 'true'),
('sections.0cb8f772-dc44-4b7e-9676-63945bf54cb7.siteSettings.a4159753-8a1a-4a33-be53-8b3d4014a610.template', '\"pages/_entry\"'),
('sections.0cb8f772-dc44-4b7e-9676-63945bf54cb7.siteSettings.a4159753-8a1a-4a33-be53-8b3d4014a610.uriFormat', '\"{% if level != 1 %}{parent.uri}{% endif %}/{slug}\"'),
('sections.0cb8f772-dc44-4b7e-9676-63945bf54cb7.structure.maxLevels', 'null'),
('sections.0cb8f772-dc44-4b7e-9676-63945bf54cb7.structure.uid', '\"16e83952-1589-494d-a752-fa48f7e24c37\"'),
('sections.0cb8f772-dc44-4b7e-9676-63945bf54cb7.type', '\"structure\"'),
('sections.249aace2-bd89-4989-b2b3-504ad6214021.defaultPlacement', '\"end\"'),
('sections.249aace2-bd89-4989-b2b3-504ad6214021.enableVersioning', 'true'),
('sections.249aace2-bd89-4989-b2b3-504ad6214021.handle', '\"clients\"'),
('sections.249aace2-bd89-4989-b2b3-504ad6214021.name', '\"Clients\"'),
('sections.249aace2-bd89-4989-b2b3-504ad6214021.propagationMethod', '\"all\"'),
('sections.249aace2-bd89-4989-b2b3-504ad6214021.siteSettings.a4159753-8a1a-4a33-be53-8b3d4014a610.enabledByDefault', 'true'),
('sections.249aace2-bd89-4989-b2b3-504ad6214021.siteSettings.a4159753-8a1a-4a33-be53-8b3d4014a610.hasUrls', 'false'),
('sections.249aace2-bd89-4989-b2b3-504ad6214021.siteSettings.a4159753-8a1a-4a33-be53-8b3d4014a610.template', 'null'),
('sections.249aace2-bd89-4989-b2b3-504ad6214021.siteSettings.a4159753-8a1a-4a33-be53-8b3d4014a610.uriFormat', 'null'),
('sections.249aace2-bd89-4989-b2b3-504ad6214021.type', '\"channel\"'),
('sections.24bb6f49-5a05-4f93-8dea-a874654c6cbd.defaultPlacement', '\"end\"'),
('sections.24bb6f49-5a05-4f93-8dea-a874654c6cbd.enableVersioning', 'true'),
('sections.24bb6f49-5a05-4f93-8dea-a874654c6cbd.handle', '\"projects\"'),
('sections.24bb6f49-5a05-4f93-8dea-a874654c6cbd.name', '\"Projects\"'),
('sections.24bb6f49-5a05-4f93-8dea-a874654c6cbd.propagationMethod', '\"all\"'),
('sections.24bb6f49-5a05-4f93-8dea-a874654c6cbd.siteSettings.a4159753-8a1a-4a33-be53-8b3d4014a610.enabledByDefault', 'true'),
('sections.24bb6f49-5a05-4f93-8dea-a874654c6cbd.siteSettings.a4159753-8a1a-4a33-be53-8b3d4014a610.hasUrls', 'true'),
('sections.24bb6f49-5a05-4f93-8dea-a874654c6cbd.siteSettings.a4159753-8a1a-4a33-be53-8b3d4014a610.template', '\"work/_entry\"'),
('sections.24bb6f49-5a05-4f93-8dea-a874654c6cbd.siteSettings.a4159753-8a1a-4a33-be53-8b3d4014a610.uriFormat', '\"work/{slug}\"'),
('sections.24bb6f49-5a05-4f93-8dea-a874654c6cbd.type', '\"channel\"'),
('sections.339c5328-db0a-4a11-91fb-567215e5cbca.defaultPlacement', '\"end\"'),
('sections.339c5328-db0a-4a11-91fb-567215e5cbca.enableVersioning', 'true'),
('sections.339c5328-db0a-4a11-91fb-567215e5cbca.handle', '\"services\"'),
('sections.339c5328-db0a-4a11-91fb-567215e5cbca.name', '\"Services\"'),
('sections.339c5328-db0a-4a11-91fb-567215e5cbca.propagationMethod', '\"all\"'),
('sections.339c5328-db0a-4a11-91fb-567215e5cbca.siteSettings.a4159753-8a1a-4a33-be53-8b3d4014a610.enabledByDefault', 'true'),
('sections.339c5328-db0a-4a11-91fb-567215e5cbca.siteSettings.a4159753-8a1a-4a33-be53-8b3d4014a610.hasUrls', 'false'),
('sections.339c5328-db0a-4a11-91fb-567215e5cbca.siteSettings.a4159753-8a1a-4a33-be53-8b3d4014a610.template', 'null'),
('sections.339c5328-db0a-4a11-91fb-567215e5cbca.siteSettings.a4159753-8a1a-4a33-be53-8b3d4014a610.uriFormat', 'null'),
('sections.339c5328-db0a-4a11-91fb-567215e5cbca.type', '\"channel\"'),
('siteGroups.bde7c81d-d2a1-4bc3-976f-6ec01ee758b7.name', '\"Portfolio\"'),
('sites.a4159753-8a1a-4a33-be53-8b3d4014a610.baseUrl', '\"$PRIMARY_SITE_URL\"'),
('sites.a4159753-8a1a-4a33-be53-8b3d4014a610.handle', '\"default\"'),
('sites.a4159753-8a1a-4a33-be53-8b3d4014a610.hasUrls', 'true'),
('sites.a4159753-8a1a-4a33-be53-8b3d4014a610.language', '\"en-US\"'),
('sites.a4159753-8a1a-4a33-be53-8b3d4014a610.name', '\"Portfolio\"'),
('sites.a4159753-8a1a-4a33-be53-8b3d4014a610.primary', 'true'),
('sites.a4159753-8a1a-4a33-be53-8b3d4014a610.siteGroup', '\"bde7c81d-d2a1-4bc3-976f-6ec01ee758b7\"'),
('sites.a4159753-8a1a-4a33-be53-8b3d4014a610.sortOrder', '1'),
('superTableBlockTypes.323427b1-e1ce-44a0-bccc-2b7c44a00ffd.changedFieldIndicator', '1644358740'),
('superTableBlockTypes.323427b1-e1ce-44a0-bccc-2b7c44a00ffd.field', '\"c454d863-60f4-46a6-a8f3-51bc5e3e2db8\"'),
('superTableBlockTypes.323427b1-e1ce-44a0-bccc-2b7c44a00ffd.fieldLayouts.851cdf8e-9a2f-4215-993b-d25e369b5f0f.tabs.0.elementCondition', 'null'),
('superTableBlockTypes.323427b1-e1ce-44a0-bccc-2b7c44a00ffd.fieldLayouts.851cdf8e-9a2f-4215-993b-d25e369b5f0f.tabs.0.elements.0.elementCondition', 'null'),
('superTableBlockTypes.323427b1-e1ce-44a0-bccc-2b7c44a00ffd.fieldLayouts.851cdf8e-9a2f-4215-993b-d25e369b5f0f.tabs.0.elements.0.fieldUid', '\"9af558ff-8f1f-4d0f-ae70-4f0a5c2c5add\"'),
('superTableBlockTypes.323427b1-e1ce-44a0-bccc-2b7c44a00ffd.fieldLayouts.851cdf8e-9a2f-4215-993b-d25e369b5f0f.tabs.0.elements.0.instructions', 'null'),
('superTableBlockTypes.323427b1-e1ce-44a0-bccc-2b7c44a00ffd.fieldLayouts.851cdf8e-9a2f-4215-993b-d25e369b5f0f.tabs.0.elements.0.label', 'null'),
('superTableBlockTypes.323427b1-e1ce-44a0-bccc-2b7c44a00ffd.fieldLayouts.851cdf8e-9a2f-4215-993b-d25e369b5f0f.tabs.0.elements.0.required', 'false'),
('superTableBlockTypes.323427b1-e1ce-44a0-bccc-2b7c44a00ffd.fieldLayouts.851cdf8e-9a2f-4215-993b-d25e369b5f0f.tabs.0.elements.0.tip', 'null'),
('superTableBlockTypes.323427b1-e1ce-44a0-bccc-2b7c44a00ffd.fieldLayouts.851cdf8e-9a2f-4215-993b-d25e369b5f0f.tabs.0.elements.0.type', '\"craft\\\\fieldlayoutelements\\\\CustomField\"'),
('superTableBlockTypes.323427b1-e1ce-44a0-bccc-2b7c44a00ffd.fieldLayouts.851cdf8e-9a2f-4215-993b-d25e369b5f0f.tabs.0.elements.0.uid', '\"6783c357-18ce-4401-818c-222f4e0d3eff\"'),
('superTableBlockTypes.323427b1-e1ce-44a0-bccc-2b7c44a00ffd.fieldLayouts.851cdf8e-9a2f-4215-993b-d25e369b5f0f.tabs.0.elements.0.userCondition', 'null'),
('superTableBlockTypes.323427b1-e1ce-44a0-bccc-2b7c44a00ffd.fieldLayouts.851cdf8e-9a2f-4215-993b-d25e369b5f0f.tabs.0.elements.0.warning', 'null'),
('superTableBlockTypes.323427b1-e1ce-44a0-bccc-2b7c44a00ffd.fieldLayouts.851cdf8e-9a2f-4215-993b-d25e369b5f0f.tabs.0.elements.0.width', '100'),
('superTableBlockTypes.323427b1-e1ce-44a0-bccc-2b7c44a00ffd.fieldLayouts.851cdf8e-9a2f-4215-993b-d25e369b5f0f.tabs.0.name', '\"Content\"'),
('superTableBlockTypes.323427b1-e1ce-44a0-bccc-2b7c44a00ffd.fieldLayouts.851cdf8e-9a2f-4215-993b-d25e369b5f0f.tabs.0.uid', '\"1eeb9a32-baf7-4a50-8d78-2d758444140a\"'),
('superTableBlockTypes.323427b1-e1ce-44a0-bccc-2b7c44a00ffd.fieldLayouts.851cdf8e-9a2f-4215-993b-d25e369b5f0f.tabs.0.userCondition', 'null'),
('superTableBlockTypes.323427b1-e1ce-44a0-bccc-2b7c44a00ffd.fields.9af558ff-8f1f-4d0f-ae70-4f0a5c2c5add.columnSuffix', 'null'),
('superTableBlockTypes.323427b1-e1ce-44a0-bccc-2b7c44a00ffd.fields.9af558ff-8f1f-4d0f-ae70-4f0a5c2c5add.contentColumnType', '\"string\"'),
('superTableBlockTypes.323427b1-e1ce-44a0-bccc-2b7c44a00ffd.fields.9af558ff-8f1f-4d0f-ae70-4f0a5c2c5add.fieldGroup', 'null'),
('superTableBlockTypes.323427b1-e1ce-44a0-bccc-2b7c44a00ffd.fields.9af558ff-8f1f-4d0f-ae70-4f0a5c2c5add.handle', '\"item\"'),
('superTableBlockTypes.323427b1-e1ce-44a0-bccc-2b7c44a00ffd.fields.9af558ff-8f1f-4d0f-ae70-4f0a5c2c5add.instructions', 'null'),
('superTableBlockTypes.323427b1-e1ce-44a0-bccc-2b7c44a00ffd.fields.9af558ff-8f1f-4d0f-ae70-4f0a5c2c5add.name', '\"Item\"'),
('superTableBlockTypes.323427b1-e1ce-44a0-bccc-2b7c44a00ffd.fields.9af558ff-8f1f-4d0f-ae70-4f0a5c2c5add.searchable', 'false'),
('superTableBlockTypes.323427b1-e1ce-44a0-bccc-2b7c44a00ffd.fields.9af558ff-8f1f-4d0f-ae70-4f0a5c2c5add.settings.allowCustomText', 'true'),
('superTableBlockTypes.323427b1-e1ce-44a0-bccc-2b7c44a00ffd.fields.9af558ff-8f1f-4d0f-ae70-4f0a5c2c5add.settings.allowTarget', 'true'),
('superTableBlockTypes.323427b1-e1ce-44a0-bccc-2b7c44a00ffd.fields.9af558ff-8f1f-4d0f-ae70-4f0a5c2c5add.settings.autoNoReferrer', 'true'),
('superTableBlockTypes.323427b1-e1ce-44a0-bccc-2b7c44a00ffd.fields.9af558ff-8f1f-4d0f-ae70-4f0a5c2c5add.settings.customTextMaxLength', '0'),
('superTableBlockTypes.323427b1-e1ce-44a0-bccc-2b7c44a00ffd.fields.9af558ff-8f1f-4d0f-ae70-4f0a5c2c5add.settings.customTextRequired', 'false'),
('superTableBlockTypes.323427b1-e1ce-44a0-bccc-2b7c44a00ffd.fields.9af558ff-8f1f-4d0f-ae70-4f0a5c2c5add.settings.defaultLinkName', '\"asset\"'),
('superTableBlockTypes.323427b1-e1ce-44a0-bccc-2b7c44a00ffd.fields.9af558ff-8f1f-4d0f-ae70-4f0a5c2c5add.settings.defaultText', '\"\"'),
('superTableBlockTypes.323427b1-e1ce-44a0-bccc-2b7c44a00ffd.fields.9af558ff-8f1f-4d0f-ae70-4f0a5c2c5add.settings.enableAllLinkTypes', 'false'),
('superTableBlockTypes.323427b1-e1ce-44a0-bccc-2b7c44a00ffd.fields.9af558ff-8f1f-4d0f-ae70-4f0a5c2c5add.settings.enableAriaLabel', 'false'),
('superTableBlockTypes.323427b1-e1ce-44a0-bccc-2b7c44a00ffd.fields.9af558ff-8f1f-4d0f-ae70-4f0a5c2c5add.settings.enableElementCache', 'false'),
('superTableBlockTypes.323427b1-e1ce-44a0-bccc-2b7c44a00ffd.fields.9af558ff-8f1f-4d0f-ae70-4f0a5c2c5add.settings.enableTitle', 'false'),
('superTableBlockTypes.323427b1-e1ce-44a0-bccc-2b7c44a00ffd.fields.9af558ff-8f1f-4d0f-ae70-4f0a5c2c5add.settings.typeSettings.asset.allowCrossSiteLink', 'false'),
('superTableBlockTypes.323427b1-e1ce-44a0-bccc-2b7c44a00ffd.fields.9af558ff-8f1f-4d0f-ae70-4f0a5c2c5add.settings.typeSettings.asset.allowCustomQuery', 'false'),
('superTableBlockTypes.323427b1-e1ce-44a0-bccc-2b7c44a00ffd.fields.9af558ff-8f1f-4d0f-ae70-4f0a5c2c5add.settings.typeSettings.asset.enabled', 'false'),
('superTableBlockTypes.323427b1-e1ce-44a0-bccc-2b7c44a00ffd.fields.9af558ff-8f1f-4d0f-ae70-4f0a5c2c5add.settings.typeSettings.asset.sources', '\"*\"'),
('superTableBlockTypes.323427b1-e1ce-44a0-bccc-2b7c44a00ffd.fields.9af558ff-8f1f-4d0f-ae70-4f0a5c2c5add.settings.typeSettings.category.allowCrossSiteLink', 'false'),
('superTableBlockTypes.323427b1-e1ce-44a0-bccc-2b7c44a00ffd.fields.9af558ff-8f1f-4d0f-ae70-4f0a5c2c5add.settings.typeSettings.category.allowCustomQuery', 'false'),
('superTableBlockTypes.323427b1-e1ce-44a0-bccc-2b7c44a00ffd.fields.9af558ff-8f1f-4d0f-ae70-4f0a5c2c5add.settings.typeSettings.category.enabled', 'false'),
('superTableBlockTypes.323427b1-e1ce-44a0-bccc-2b7c44a00ffd.fields.9af558ff-8f1f-4d0f-ae70-4f0a5c2c5add.settings.typeSettings.category.sources', '\"*\"'),
('superTableBlockTypes.323427b1-e1ce-44a0-bccc-2b7c44a00ffd.fields.9af558ff-8f1f-4d0f-ae70-4f0a5c2c5add.settings.typeSettings.custom.allowAliases', 'false'),
('superTableBlockTypes.323427b1-e1ce-44a0-bccc-2b7c44a00ffd.fields.9af558ff-8f1f-4d0f-ae70-4f0a5c2c5add.settings.typeSettings.custom.disableValidation', 'false'),
('superTableBlockTypes.323427b1-e1ce-44a0-bccc-2b7c44a00ffd.fields.9af558ff-8f1f-4d0f-ae70-4f0a5c2c5add.settings.typeSettings.custom.enabled', 'false'),
('superTableBlockTypes.323427b1-e1ce-44a0-bccc-2b7c44a00ffd.fields.9af558ff-8f1f-4d0f-ae70-4f0a5c2c5add.settings.typeSettings.email.allowAliases', 'false'),
('superTableBlockTypes.323427b1-e1ce-44a0-bccc-2b7c44a00ffd.fields.9af558ff-8f1f-4d0f-ae70-4f0a5c2c5add.settings.typeSettings.email.disableValidation', 'false'),
('superTableBlockTypes.323427b1-e1ce-44a0-bccc-2b7c44a00ffd.fields.9af558ff-8f1f-4d0f-ae70-4f0a5c2c5add.settings.typeSettings.email.enabled', 'false'),
('superTableBlockTypes.323427b1-e1ce-44a0-bccc-2b7c44a00ffd.fields.9af558ff-8f1f-4d0f-ae70-4f0a5c2c5add.settings.typeSettings.entry.allowCrossSiteLink', 'false'),
('superTableBlockTypes.323427b1-e1ce-44a0-bccc-2b7c44a00ffd.fields.9af558ff-8f1f-4d0f-ae70-4f0a5c2c5add.settings.typeSettings.entry.allowCustomQuery', 'false'),
('superTableBlockTypes.323427b1-e1ce-44a0-bccc-2b7c44a00ffd.fields.9af558ff-8f1f-4d0f-ae70-4f0a5c2c5add.settings.typeSettings.entry.enabled', 'true'),
('superTableBlockTypes.323427b1-e1ce-44a0-bccc-2b7c44a00ffd.fields.9af558ff-8f1f-4d0f-ae70-4f0a5c2c5add.settings.typeSettings.entry.sources.0', '\"section:24bb6f49-5a05-4f93-8dea-a874654c6cbd\"'),
('superTableBlockTypes.323427b1-e1ce-44a0-bccc-2b7c44a00ffd.fields.9af558ff-8f1f-4d0f-ae70-4f0a5c2c5add.settings.typeSettings.entry.sources.1', '\"section:0cb8f772-dc44-4b7e-9676-63945bf54cb7\"'),
('superTableBlockTypes.323427b1-e1ce-44a0-bccc-2b7c44a00ffd.fields.9af558ff-8f1f-4d0f-ae70-4f0a5c2c5add.settings.typeSettings.site.enabled', 'false'),
('superTableBlockTypes.323427b1-e1ce-44a0-bccc-2b7c44a00ffd.fields.9af558ff-8f1f-4d0f-ae70-4f0a5c2c5add.settings.typeSettings.site.sites', '\"*\"'),
('superTableBlockTypes.323427b1-e1ce-44a0-bccc-2b7c44a00ffd.fields.9af558ff-8f1f-4d0f-ae70-4f0a5c2c5add.settings.typeSettings.tel.allowAliases', 'false'),
('superTableBlockTypes.323427b1-e1ce-44a0-bccc-2b7c44a00ffd.fields.9af558ff-8f1f-4d0f-ae70-4f0a5c2c5add.settings.typeSettings.tel.disableValidation', 'false'),
('superTableBlockTypes.323427b1-e1ce-44a0-bccc-2b7c44a00ffd.fields.9af558ff-8f1f-4d0f-ae70-4f0a5c2c5add.settings.typeSettings.tel.enabled', 'false'),
('superTableBlockTypes.323427b1-e1ce-44a0-bccc-2b7c44a00ffd.fields.9af558ff-8f1f-4d0f-ae70-4f0a5c2c5add.settings.typeSettings.url.allowAliases', 'false'),
('superTableBlockTypes.323427b1-e1ce-44a0-bccc-2b7c44a00ffd.fields.9af558ff-8f1f-4d0f-ae70-4f0a5c2c5add.settings.typeSettings.url.disableValidation', 'true'),
('superTableBlockTypes.323427b1-e1ce-44a0-bccc-2b7c44a00ffd.fields.9af558ff-8f1f-4d0f-ae70-4f0a5c2c5add.settings.typeSettings.url.enabled', 'true'),
('superTableBlockTypes.323427b1-e1ce-44a0-bccc-2b7c44a00ffd.fields.9af558ff-8f1f-4d0f-ae70-4f0a5c2c5add.settings.typeSettings.user.allowCrossSiteLink', 'false'),
('superTableBlockTypes.323427b1-e1ce-44a0-bccc-2b7c44a00ffd.fields.9af558ff-8f1f-4d0f-ae70-4f0a5c2c5add.settings.typeSettings.user.allowCustomQuery', 'false'),
('superTableBlockTypes.323427b1-e1ce-44a0-bccc-2b7c44a00ffd.fields.9af558ff-8f1f-4d0f-ae70-4f0a5c2c5add.settings.typeSettings.user.enabled', 'false'),
('superTableBlockTypes.323427b1-e1ce-44a0-bccc-2b7c44a00ffd.fields.9af558ff-8f1f-4d0f-ae70-4f0a5c2c5add.settings.typeSettings.user.sources', '\"*\"'),
('superTableBlockTypes.323427b1-e1ce-44a0-bccc-2b7c44a00ffd.fields.9af558ff-8f1f-4d0f-ae70-4f0a5c2c5add.translationKeyFormat', 'null'),
('superTableBlockTypes.323427b1-e1ce-44a0-bccc-2b7c44a00ffd.fields.9af558ff-8f1f-4d0f-ae70-4f0a5c2c5add.translationMethod', '\"none\"'),
('superTableBlockTypes.323427b1-e1ce-44a0-bccc-2b7c44a00ffd.fields.9af558ff-8f1f-4d0f-ae70-4f0a5c2c5add.type', '\"lenz\\\\linkfield\\\\fields\\\\LinkField\"'),
('system.edition', '\"solo\"'),
('system.live', 'true'),
('system.name', '\"Portfolio\"'),
('system.retryDuration', 'null'),
('system.schemaVersion', '\"4.0.0.9\"'),
('system.timeZone', '\"Europe/London\"'),
('users.allowPublicRegistration', 'false'),
('users.defaultGroup', 'null'),
('users.photoSubpath', 'null'),
('users.photoVolumeUid', 'null'),
('users.requireEmailVerification', 'true'),
('volumes.6c870524-7160-4e88-b357-1b6747f3c7ea.fieldLayouts.2d33dd3f-da0c-4991-ba0a-1daa2bed8bae.tabs.0.elementCondition', 'null'),
('volumes.6c870524-7160-4e88-b357-1b6747f3c7ea.fieldLayouts.2d33dd3f-da0c-4991-ba0a-1daa2bed8bae.tabs.0.elements.0.autocapitalize', 'true'),
('volumes.6c870524-7160-4e88-b357-1b6747f3c7ea.fieldLayouts.2d33dd3f-da0c-4991-ba0a-1daa2bed8bae.tabs.0.elements.0.autocomplete', 'false'),
('volumes.6c870524-7160-4e88-b357-1b6747f3c7ea.fieldLayouts.2d33dd3f-da0c-4991-ba0a-1daa2bed8bae.tabs.0.elements.0.autocorrect', 'true'),
('volumes.6c870524-7160-4e88-b357-1b6747f3c7ea.fieldLayouts.2d33dd3f-da0c-4991-ba0a-1daa2bed8bae.tabs.0.elements.0.class', 'null'),
('volumes.6c870524-7160-4e88-b357-1b6747f3c7ea.fieldLayouts.2d33dd3f-da0c-4991-ba0a-1daa2bed8bae.tabs.0.elements.0.disabled', 'false');

INSERT INTO `projectconfig` (`path`, `value`) VALUES
('volumes.6c870524-7160-4e88-b357-1b6747f3c7ea.fieldLayouts.2d33dd3f-da0c-4991-ba0a-1daa2bed8bae.tabs.0.elements.0.elementCondition', 'null'),
('volumes.6c870524-7160-4e88-b357-1b6747f3c7ea.fieldLayouts.2d33dd3f-da0c-4991-ba0a-1daa2bed8bae.tabs.0.elements.0.id', 'null'),
('volumes.6c870524-7160-4e88-b357-1b6747f3c7ea.fieldLayouts.2d33dd3f-da0c-4991-ba0a-1daa2bed8bae.tabs.0.elements.0.instructions', 'null'),
('volumes.6c870524-7160-4e88-b357-1b6747f3c7ea.fieldLayouts.2d33dd3f-da0c-4991-ba0a-1daa2bed8bae.tabs.0.elements.0.label', 'null'),
('volumes.6c870524-7160-4e88-b357-1b6747f3c7ea.fieldLayouts.2d33dd3f-da0c-4991-ba0a-1daa2bed8bae.tabs.0.elements.0.max', 'null'),
('volumes.6c870524-7160-4e88-b357-1b6747f3c7ea.fieldLayouts.2d33dd3f-da0c-4991-ba0a-1daa2bed8bae.tabs.0.elements.0.min', 'null'),
('volumes.6c870524-7160-4e88-b357-1b6747f3c7ea.fieldLayouts.2d33dd3f-da0c-4991-ba0a-1daa2bed8bae.tabs.0.elements.0.name', 'null'),
('volumes.6c870524-7160-4e88-b357-1b6747f3c7ea.fieldLayouts.2d33dd3f-da0c-4991-ba0a-1daa2bed8bae.tabs.0.elements.0.orientation', 'null'),
('volumes.6c870524-7160-4e88-b357-1b6747f3c7ea.fieldLayouts.2d33dd3f-da0c-4991-ba0a-1daa2bed8bae.tabs.0.elements.0.placeholder', 'null'),
('volumes.6c870524-7160-4e88-b357-1b6747f3c7ea.fieldLayouts.2d33dd3f-da0c-4991-ba0a-1daa2bed8bae.tabs.0.elements.0.readonly', 'false'),
('volumes.6c870524-7160-4e88-b357-1b6747f3c7ea.fieldLayouts.2d33dd3f-da0c-4991-ba0a-1daa2bed8bae.tabs.0.elements.0.requirable', 'false'),
('volumes.6c870524-7160-4e88-b357-1b6747f3c7ea.fieldLayouts.2d33dd3f-da0c-4991-ba0a-1daa2bed8bae.tabs.0.elements.0.size', 'null'),
('volumes.6c870524-7160-4e88-b357-1b6747f3c7ea.fieldLayouts.2d33dd3f-da0c-4991-ba0a-1daa2bed8bae.tabs.0.elements.0.step', 'null'),
('volumes.6c870524-7160-4e88-b357-1b6747f3c7ea.fieldLayouts.2d33dd3f-da0c-4991-ba0a-1daa2bed8bae.tabs.0.elements.0.tip', 'null'),
('volumes.6c870524-7160-4e88-b357-1b6747f3c7ea.fieldLayouts.2d33dd3f-da0c-4991-ba0a-1daa2bed8bae.tabs.0.elements.0.title', 'null'),
('volumes.6c870524-7160-4e88-b357-1b6747f3c7ea.fieldLayouts.2d33dd3f-da0c-4991-ba0a-1daa2bed8bae.tabs.0.elements.0.type', '\"craft\\\\fieldlayoutelements\\\\assets\\\\AssetTitleField\"'),
('volumes.6c870524-7160-4e88-b357-1b6747f3c7ea.fieldLayouts.2d33dd3f-da0c-4991-ba0a-1daa2bed8bae.tabs.0.elements.0.uid', '\"12166c82-7ef8-4ad8-b016-600b91573e17\"'),
('volumes.6c870524-7160-4e88-b357-1b6747f3c7ea.fieldLayouts.2d33dd3f-da0c-4991-ba0a-1daa2bed8bae.tabs.0.elements.0.userCondition', 'null'),
('volumes.6c870524-7160-4e88-b357-1b6747f3c7ea.fieldLayouts.2d33dd3f-da0c-4991-ba0a-1daa2bed8bae.tabs.0.elements.0.warning', 'null'),
('volumes.6c870524-7160-4e88-b357-1b6747f3c7ea.fieldLayouts.2d33dd3f-da0c-4991-ba0a-1daa2bed8bae.tabs.0.elements.0.width', '100'),
('volumes.6c870524-7160-4e88-b357-1b6747f3c7ea.fieldLayouts.2d33dd3f-da0c-4991-ba0a-1daa2bed8bae.tabs.0.elements.1.attribute', '\"alt\"'),
('volumes.6c870524-7160-4e88-b357-1b6747f3c7ea.fieldLayouts.2d33dd3f-da0c-4991-ba0a-1daa2bed8bae.tabs.0.elements.1.class', 'null'),
('volumes.6c870524-7160-4e88-b357-1b6747f3c7ea.fieldLayouts.2d33dd3f-da0c-4991-ba0a-1daa2bed8bae.tabs.0.elements.1.cols', 'null'),
('volumes.6c870524-7160-4e88-b357-1b6747f3c7ea.fieldLayouts.2d33dd3f-da0c-4991-ba0a-1daa2bed8bae.tabs.0.elements.1.disabled', 'false'),
('volumes.6c870524-7160-4e88-b357-1b6747f3c7ea.fieldLayouts.2d33dd3f-da0c-4991-ba0a-1daa2bed8bae.tabs.0.elements.1.elementCondition', 'null'),
('volumes.6c870524-7160-4e88-b357-1b6747f3c7ea.fieldLayouts.2d33dd3f-da0c-4991-ba0a-1daa2bed8bae.tabs.0.elements.1.id', 'null'),
('volumes.6c870524-7160-4e88-b357-1b6747f3c7ea.fieldLayouts.2d33dd3f-da0c-4991-ba0a-1daa2bed8bae.tabs.0.elements.1.instructions', 'null'),
('volumes.6c870524-7160-4e88-b357-1b6747f3c7ea.fieldLayouts.2d33dd3f-da0c-4991-ba0a-1daa2bed8bae.tabs.0.elements.1.label', 'null'),
('volumes.6c870524-7160-4e88-b357-1b6747f3c7ea.fieldLayouts.2d33dd3f-da0c-4991-ba0a-1daa2bed8bae.tabs.0.elements.1.name', 'null'),
('volumes.6c870524-7160-4e88-b357-1b6747f3c7ea.fieldLayouts.2d33dd3f-da0c-4991-ba0a-1daa2bed8bae.tabs.0.elements.1.orientation', 'null'),
('volumes.6c870524-7160-4e88-b357-1b6747f3c7ea.fieldLayouts.2d33dd3f-da0c-4991-ba0a-1daa2bed8bae.tabs.0.elements.1.placeholder', 'null'),
('volumes.6c870524-7160-4e88-b357-1b6747f3c7ea.fieldLayouts.2d33dd3f-da0c-4991-ba0a-1daa2bed8bae.tabs.0.elements.1.readonly', 'false'),
('volumes.6c870524-7160-4e88-b357-1b6747f3c7ea.fieldLayouts.2d33dd3f-da0c-4991-ba0a-1daa2bed8bae.tabs.0.elements.1.requirable', 'true'),
('volumes.6c870524-7160-4e88-b357-1b6747f3c7ea.fieldLayouts.2d33dd3f-da0c-4991-ba0a-1daa2bed8bae.tabs.0.elements.1.required', 'false'),
('volumes.6c870524-7160-4e88-b357-1b6747f3c7ea.fieldLayouts.2d33dd3f-da0c-4991-ba0a-1daa2bed8bae.tabs.0.elements.1.rows', 'null'),
('volumes.6c870524-7160-4e88-b357-1b6747f3c7ea.fieldLayouts.2d33dd3f-da0c-4991-ba0a-1daa2bed8bae.tabs.0.elements.1.tip', 'null'),
('volumes.6c870524-7160-4e88-b357-1b6747f3c7ea.fieldLayouts.2d33dd3f-da0c-4991-ba0a-1daa2bed8bae.tabs.0.elements.1.title', 'null'),
('volumes.6c870524-7160-4e88-b357-1b6747f3c7ea.fieldLayouts.2d33dd3f-da0c-4991-ba0a-1daa2bed8bae.tabs.0.elements.1.type', '\"craft\\\\fieldlayoutelements\\\\assets\\\\AltField\"'),
('volumes.6c870524-7160-4e88-b357-1b6747f3c7ea.fieldLayouts.2d33dd3f-da0c-4991-ba0a-1daa2bed8bae.tabs.0.elements.1.uid', '\"37b6a168-94ca-4c18-987f-d785a00045c2\"'),
('volumes.6c870524-7160-4e88-b357-1b6747f3c7ea.fieldLayouts.2d33dd3f-da0c-4991-ba0a-1daa2bed8bae.tabs.0.elements.1.userCondition', 'null'),
('volumes.6c870524-7160-4e88-b357-1b6747f3c7ea.fieldLayouts.2d33dd3f-da0c-4991-ba0a-1daa2bed8bae.tabs.0.elements.1.warning', 'null'),
('volumes.6c870524-7160-4e88-b357-1b6747f3c7ea.fieldLayouts.2d33dd3f-da0c-4991-ba0a-1daa2bed8bae.tabs.0.elements.1.width', '100'),
('volumes.6c870524-7160-4e88-b357-1b6747f3c7ea.fieldLayouts.2d33dd3f-da0c-4991-ba0a-1daa2bed8bae.tabs.0.name', '\"Content\"'),
('volumes.6c870524-7160-4e88-b357-1b6747f3c7ea.fieldLayouts.2d33dd3f-da0c-4991-ba0a-1daa2bed8bae.tabs.0.uid', '\"1cb2fba1-a8bb-4aa9-92e5-5126fc485976\"'),
('volumes.6c870524-7160-4e88-b357-1b6747f3c7ea.fieldLayouts.2d33dd3f-da0c-4991-ba0a-1daa2bed8bae.tabs.0.userCondition', 'null'),
('volumes.6c870524-7160-4e88-b357-1b6747f3c7ea.fs', '\"icons\"'),
('volumes.6c870524-7160-4e88-b357-1b6747f3c7ea.handle', '\"icons\"'),
('volumes.6c870524-7160-4e88-b357-1b6747f3c7ea.name', '\"Icons\"'),
('volumes.6c870524-7160-4e88-b357-1b6747f3c7ea.sortOrder', '2'),
('volumes.6c870524-7160-4e88-b357-1b6747f3c7ea.titleTranslationKeyFormat', 'null'),
('volumes.6c870524-7160-4e88-b357-1b6747f3c7ea.titleTranslationMethod', '\"site\"'),
('volumes.6c870524-7160-4e88-b357-1b6747f3c7ea.transformFs', '\"icons\"'),
('volumes.6c870524-7160-4e88-b357-1b6747f3c7ea.transformSubpath', '\"\"'),
('volumes.a0d82af4-339f-430f-9bb8-f2f455642252.fieldLayouts.960511a0-c9e2-4a98-a17a-423e25679c35.tabs.0.elementCondition', 'null'),
('volumes.a0d82af4-339f-430f-9bb8-f2f455642252.fieldLayouts.960511a0-c9e2-4a98-a17a-423e25679c35.tabs.0.elements.0.autocapitalize', 'true'),
('volumes.a0d82af4-339f-430f-9bb8-f2f455642252.fieldLayouts.960511a0-c9e2-4a98-a17a-423e25679c35.tabs.0.elements.0.autocomplete', 'false'),
('volumes.a0d82af4-339f-430f-9bb8-f2f455642252.fieldLayouts.960511a0-c9e2-4a98-a17a-423e25679c35.tabs.0.elements.0.autocorrect', 'true'),
('volumes.a0d82af4-339f-430f-9bb8-f2f455642252.fieldLayouts.960511a0-c9e2-4a98-a17a-423e25679c35.tabs.0.elements.0.class', 'null'),
('volumes.a0d82af4-339f-430f-9bb8-f2f455642252.fieldLayouts.960511a0-c9e2-4a98-a17a-423e25679c35.tabs.0.elements.0.disabled', 'false'),
('volumes.a0d82af4-339f-430f-9bb8-f2f455642252.fieldLayouts.960511a0-c9e2-4a98-a17a-423e25679c35.tabs.0.elements.0.elementCondition', 'null'),
('volumes.a0d82af4-339f-430f-9bb8-f2f455642252.fieldLayouts.960511a0-c9e2-4a98-a17a-423e25679c35.tabs.0.elements.0.id', 'null'),
('volumes.a0d82af4-339f-430f-9bb8-f2f455642252.fieldLayouts.960511a0-c9e2-4a98-a17a-423e25679c35.tabs.0.elements.0.instructions', 'null'),
('volumes.a0d82af4-339f-430f-9bb8-f2f455642252.fieldLayouts.960511a0-c9e2-4a98-a17a-423e25679c35.tabs.0.elements.0.label', 'null'),
('volumes.a0d82af4-339f-430f-9bb8-f2f455642252.fieldLayouts.960511a0-c9e2-4a98-a17a-423e25679c35.tabs.0.elements.0.max', 'null'),
('volumes.a0d82af4-339f-430f-9bb8-f2f455642252.fieldLayouts.960511a0-c9e2-4a98-a17a-423e25679c35.tabs.0.elements.0.min', 'null'),
('volumes.a0d82af4-339f-430f-9bb8-f2f455642252.fieldLayouts.960511a0-c9e2-4a98-a17a-423e25679c35.tabs.0.elements.0.name', 'null'),
('volumes.a0d82af4-339f-430f-9bb8-f2f455642252.fieldLayouts.960511a0-c9e2-4a98-a17a-423e25679c35.tabs.0.elements.0.orientation', 'null'),
('volumes.a0d82af4-339f-430f-9bb8-f2f455642252.fieldLayouts.960511a0-c9e2-4a98-a17a-423e25679c35.tabs.0.elements.0.placeholder', 'null'),
('volumes.a0d82af4-339f-430f-9bb8-f2f455642252.fieldLayouts.960511a0-c9e2-4a98-a17a-423e25679c35.tabs.0.elements.0.readonly', 'false'),
('volumes.a0d82af4-339f-430f-9bb8-f2f455642252.fieldLayouts.960511a0-c9e2-4a98-a17a-423e25679c35.tabs.0.elements.0.requirable', 'false'),
('volumes.a0d82af4-339f-430f-9bb8-f2f455642252.fieldLayouts.960511a0-c9e2-4a98-a17a-423e25679c35.tabs.0.elements.0.size', 'null'),
('volumes.a0d82af4-339f-430f-9bb8-f2f455642252.fieldLayouts.960511a0-c9e2-4a98-a17a-423e25679c35.tabs.0.elements.0.step', 'null'),
('volumes.a0d82af4-339f-430f-9bb8-f2f455642252.fieldLayouts.960511a0-c9e2-4a98-a17a-423e25679c35.tabs.0.elements.0.tip', 'null'),
('volumes.a0d82af4-339f-430f-9bb8-f2f455642252.fieldLayouts.960511a0-c9e2-4a98-a17a-423e25679c35.tabs.0.elements.0.title', 'null'),
('volumes.a0d82af4-339f-430f-9bb8-f2f455642252.fieldLayouts.960511a0-c9e2-4a98-a17a-423e25679c35.tabs.0.elements.0.type', '\"craft\\\\fieldlayoutelements\\\\assets\\\\AssetTitleField\"'),
('volumes.a0d82af4-339f-430f-9bb8-f2f455642252.fieldLayouts.960511a0-c9e2-4a98-a17a-423e25679c35.tabs.0.elements.0.uid', '\"8272b159-4720-4be0-b6de-1ecddd26db07\"'),
('volumes.a0d82af4-339f-430f-9bb8-f2f455642252.fieldLayouts.960511a0-c9e2-4a98-a17a-423e25679c35.tabs.0.elements.0.userCondition', 'null'),
('volumes.a0d82af4-339f-430f-9bb8-f2f455642252.fieldLayouts.960511a0-c9e2-4a98-a17a-423e25679c35.tabs.0.elements.0.warning', 'null'),
('volumes.a0d82af4-339f-430f-9bb8-f2f455642252.fieldLayouts.960511a0-c9e2-4a98-a17a-423e25679c35.tabs.0.elements.0.width', '100'),
('volumes.a0d82af4-339f-430f-9bb8-f2f455642252.fieldLayouts.960511a0-c9e2-4a98-a17a-423e25679c35.tabs.0.elements.1.attribute', '\"alt\"'),
('volumes.a0d82af4-339f-430f-9bb8-f2f455642252.fieldLayouts.960511a0-c9e2-4a98-a17a-423e25679c35.tabs.0.elements.1.class', 'null'),
('volumes.a0d82af4-339f-430f-9bb8-f2f455642252.fieldLayouts.960511a0-c9e2-4a98-a17a-423e25679c35.tabs.0.elements.1.cols', 'null'),
('volumes.a0d82af4-339f-430f-9bb8-f2f455642252.fieldLayouts.960511a0-c9e2-4a98-a17a-423e25679c35.tabs.0.elements.1.disabled', 'false'),
('volumes.a0d82af4-339f-430f-9bb8-f2f455642252.fieldLayouts.960511a0-c9e2-4a98-a17a-423e25679c35.tabs.0.elements.1.elementCondition', 'null'),
('volumes.a0d82af4-339f-430f-9bb8-f2f455642252.fieldLayouts.960511a0-c9e2-4a98-a17a-423e25679c35.tabs.0.elements.1.id', 'null'),
('volumes.a0d82af4-339f-430f-9bb8-f2f455642252.fieldLayouts.960511a0-c9e2-4a98-a17a-423e25679c35.tabs.0.elements.1.instructions', 'null'),
('volumes.a0d82af4-339f-430f-9bb8-f2f455642252.fieldLayouts.960511a0-c9e2-4a98-a17a-423e25679c35.tabs.0.elements.1.label', 'null'),
('volumes.a0d82af4-339f-430f-9bb8-f2f455642252.fieldLayouts.960511a0-c9e2-4a98-a17a-423e25679c35.tabs.0.elements.1.name', 'null'),
('volumes.a0d82af4-339f-430f-9bb8-f2f455642252.fieldLayouts.960511a0-c9e2-4a98-a17a-423e25679c35.tabs.0.elements.1.orientation', 'null'),
('volumes.a0d82af4-339f-430f-9bb8-f2f455642252.fieldLayouts.960511a0-c9e2-4a98-a17a-423e25679c35.tabs.0.elements.1.placeholder', 'null'),
('volumes.a0d82af4-339f-430f-9bb8-f2f455642252.fieldLayouts.960511a0-c9e2-4a98-a17a-423e25679c35.tabs.0.elements.1.readonly', 'false'),
('volumes.a0d82af4-339f-430f-9bb8-f2f455642252.fieldLayouts.960511a0-c9e2-4a98-a17a-423e25679c35.tabs.0.elements.1.requirable', 'true'),
('volumes.a0d82af4-339f-430f-9bb8-f2f455642252.fieldLayouts.960511a0-c9e2-4a98-a17a-423e25679c35.tabs.0.elements.1.required', 'false'),
('volumes.a0d82af4-339f-430f-9bb8-f2f455642252.fieldLayouts.960511a0-c9e2-4a98-a17a-423e25679c35.tabs.0.elements.1.rows', 'null'),
('volumes.a0d82af4-339f-430f-9bb8-f2f455642252.fieldLayouts.960511a0-c9e2-4a98-a17a-423e25679c35.tabs.0.elements.1.tip', 'null'),
('volumes.a0d82af4-339f-430f-9bb8-f2f455642252.fieldLayouts.960511a0-c9e2-4a98-a17a-423e25679c35.tabs.0.elements.1.title', 'null'),
('volumes.a0d82af4-339f-430f-9bb8-f2f455642252.fieldLayouts.960511a0-c9e2-4a98-a17a-423e25679c35.tabs.0.elements.1.type', '\"craft\\\\fieldlayoutelements\\\\assets\\\\AltField\"'),
('volumes.a0d82af4-339f-430f-9bb8-f2f455642252.fieldLayouts.960511a0-c9e2-4a98-a17a-423e25679c35.tabs.0.elements.1.uid', '\"e66e95d7-fb3a-442d-accf-7eaafae2e5d5\"'),
('volumes.a0d82af4-339f-430f-9bb8-f2f455642252.fieldLayouts.960511a0-c9e2-4a98-a17a-423e25679c35.tabs.0.elements.1.userCondition', 'null'),
('volumes.a0d82af4-339f-430f-9bb8-f2f455642252.fieldLayouts.960511a0-c9e2-4a98-a17a-423e25679c35.tabs.0.elements.1.warning', 'null'),
('volumes.a0d82af4-339f-430f-9bb8-f2f455642252.fieldLayouts.960511a0-c9e2-4a98-a17a-423e25679c35.tabs.0.elements.1.width', '100'),
('volumes.a0d82af4-339f-430f-9bb8-f2f455642252.fieldLayouts.960511a0-c9e2-4a98-a17a-423e25679c35.tabs.0.elements.2.elementCondition', 'null'),
('volumes.a0d82af4-339f-430f-9bb8-f2f455642252.fieldLayouts.960511a0-c9e2-4a98-a17a-423e25679c35.tabs.0.elements.2.fieldUid', '\"34ddd9c0-0028-4716-b50c-73aa40ea6920\"'),
('volumes.a0d82af4-339f-430f-9bb8-f2f455642252.fieldLayouts.960511a0-c9e2-4a98-a17a-423e25679c35.tabs.0.elements.2.instructions', 'null'),
('volumes.a0d82af4-339f-430f-9bb8-f2f455642252.fieldLayouts.960511a0-c9e2-4a98-a17a-423e25679c35.tabs.0.elements.2.label', 'null'),
('volumes.a0d82af4-339f-430f-9bb8-f2f455642252.fieldLayouts.960511a0-c9e2-4a98-a17a-423e25679c35.tabs.0.elements.2.required', 'false'),
('volumes.a0d82af4-339f-430f-9bb8-f2f455642252.fieldLayouts.960511a0-c9e2-4a98-a17a-423e25679c35.tabs.0.elements.2.tip', 'null'),
('volumes.a0d82af4-339f-430f-9bb8-f2f455642252.fieldLayouts.960511a0-c9e2-4a98-a17a-423e25679c35.tabs.0.elements.2.type', '\"craft\\\\fieldlayoutelements\\\\CustomField\"'),
('volumes.a0d82af4-339f-430f-9bb8-f2f455642252.fieldLayouts.960511a0-c9e2-4a98-a17a-423e25679c35.tabs.0.elements.2.uid', '\"dcd30b5a-0946-4cd0-99a9-337a971890e4\"'),
('volumes.a0d82af4-339f-430f-9bb8-f2f455642252.fieldLayouts.960511a0-c9e2-4a98-a17a-423e25679c35.tabs.0.elements.2.userCondition', 'null'),
('volumes.a0d82af4-339f-430f-9bb8-f2f455642252.fieldLayouts.960511a0-c9e2-4a98-a17a-423e25679c35.tabs.0.elements.2.warning', 'null'),
('volumes.a0d82af4-339f-430f-9bb8-f2f455642252.fieldLayouts.960511a0-c9e2-4a98-a17a-423e25679c35.tabs.0.elements.2.width', '100'),
('volumes.a0d82af4-339f-430f-9bb8-f2f455642252.fieldLayouts.960511a0-c9e2-4a98-a17a-423e25679c35.tabs.0.name', '\"Content\"'),
('volumes.a0d82af4-339f-430f-9bb8-f2f455642252.fieldLayouts.960511a0-c9e2-4a98-a17a-423e25679c35.tabs.0.uid', '\"e45302fa-6e13-4fd9-84d4-f715c187677a\"'),
('volumes.a0d82af4-339f-430f-9bb8-f2f455642252.fieldLayouts.960511a0-c9e2-4a98-a17a-423e25679c35.tabs.0.userCondition', 'null'),
('volumes.a0d82af4-339f-430f-9bb8-f2f455642252.fs', '\"videos\"'),
('volumes.a0d82af4-339f-430f-9bb8-f2f455642252.handle', '\"videos\"'),
('volumes.a0d82af4-339f-430f-9bb8-f2f455642252.name', '\"Videos\"'),
('volumes.a0d82af4-339f-430f-9bb8-f2f455642252.sortOrder', '3'),
('volumes.a0d82af4-339f-430f-9bb8-f2f455642252.titleTranslationKeyFormat', 'null'),
('volumes.a0d82af4-339f-430f-9bb8-f2f455642252.titleTranslationMethod', '\"site\"'),
('volumes.a0d82af4-339f-430f-9bb8-f2f455642252.transformFs', '\"videos\"'),
('volumes.a0d82af4-339f-430f-9bb8-f2f455642252.transformSubpath', '\"\"'),
('volumes.f3d4e367-d7dd-459c-a9de-11dd87a70cdc.fieldLayouts.59a24a17-961a-45aa-b914-a7c1df84e7b7.tabs.0.elementCondition', 'null'),
('volumes.f3d4e367-d7dd-459c-a9de-11dd87a70cdc.fieldLayouts.59a24a17-961a-45aa-b914-a7c1df84e7b7.tabs.0.elements.0.autocapitalize', 'true'),
('volumes.f3d4e367-d7dd-459c-a9de-11dd87a70cdc.fieldLayouts.59a24a17-961a-45aa-b914-a7c1df84e7b7.tabs.0.elements.0.autocomplete', 'false'),
('volumes.f3d4e367-d7dd-459c-a9de-11dd87a70cdc.fieldLayouts.59a24a17-961a-45aa-b914-a7c1df84e7b7.tabs.0.elements.0.autocorrect', 'true'),
('volumes.f3d4e367-d7dd-459c-a9de-11dd87a70cdc.fieldLayouts.59a24a17-961a-45aa-b914-a7c1df84e7b7.tabs.0.elements.0.class', 'null'),
('volumes.f3d4e367-d7dd-459c-a9de-11dd87a70cdc.fieldLayouts.59a24a17-961a-45aa-b914-a7c1df84e7b7.tabs.0.elements.0.disabled', 'false'),
('volumes.f3d4e367-d7dd-459c-a9de-11dd87a70cdc.fieldLayouts.59a24a17-961a-45aa-b914-a7c1df84e7b7.tabs.0.elements.0.elementCondition', 'null'),
('volumes.f3d4e367-d7dd-459c-a9de-11dd87a70cdc.fieldLayouts.59a24a17-961a-45aa-b914-a7c1df84e7b7.tabs.0.elements.0.id', 'null'),
('volumes.f3d4e367-d7dd-459c-a9de-11dd87a70cdc.fieldLayouts.59a24a17-961a-45aa-b914-a7c1df84e7b7.tabs.0.elements.0.instructions', 'null'),
('volumes.f3d4e367-d7dd-459c-a9de-11dd87a70cdc.fieldLayouts.59a24a17-961a-45aa-b914-a7c1df84e7b7.tabs.0.elements.0.label', 'null'),
('volumes.f3d4e367-d7dd-459c-a9de-11dd87a70cdc.fieldLayouts.59a24a17-961a-45aa-b914-a7c1df84e7b7.tabs.0.elements.0.max', 'null'),
('volumes.f3d4e367-d7dd-459c-a9de-11dd87a70cdc.fieldLayouts.59a24a17-961a-45aa-b914-a7c1df84e7b7.tabs.0.elements.0.min', 'null'),
('volumes.f3d4e367-d7dd-459c-a9de-11dd87a70cdc.fieldLayouts.59a24a17-961a-45aa-b914-a7c1df84e7b7.tabs.0.elements.0.name', 'null'),
('volumes.f3d4e367-d7dd-459c-a9de-11dd87a70cdc.fieldLayouts.59a24a17-961a-45aa-b914-a7c1df84e7b7.tabs.0.elements.0.orientation', 'null'),
('volumes.f3d4e367-d7dd-459c-a9de-11dd87a70cdc.fieldLayouts.59a24a17-961a-45aa-b914-a7c1df84e7b7.tabs.0.elements.0.placeholder', 'null'),
('volumes.f3d4e367-d7dd-459c-a9de-11dd87a70cdc.fieldLayouts.59a24a17-961a-45aa-b914-a7c1df84e7b7.tabs.0.elements.0.readonly', 'false'),
('volumes.f3d4e367-d7dd-459c-a9de-11dd87a70cdc.fieldLayouts.59a24a17-961a-45aa-b914-a7c1df84e7b7.tabs.0.elements.0.requirable', 'false'),
('volumes.f3d4e367-d7dd-459c-a9de-11dd87a70cdc.fieldLayouts.59a24a17-961a-45aa-b914-a7c1df84e7b7.tabs.0.elements.0.size', 'null'),
('volumes.f3d4e367-d7dd-459c-a9de-11dd87a70cdc.fieldLayouts.59a24a17-961a-45aa-b914-a7c1df84e7b7.tabs.0.elements.0.step', 'null'),
('volumes.f3d4e367-d7dd-459c-a9de-11dd87a70cdc.fieldLayouts.59a24a17-961a-45aa-b914-a7c1df84e7b7.tabs.0.elements.0.tip', 'null'),
('volumes.f3d4e367-d7dd-459c-a9de-11dd87a70cdc.fieldLayouts.59a24a17-961a-45aa-b914-a7c1df84e7b7.tabs.0.elements.0.title', 'null'),
('volumes.f3d4e367-d7dd-459c-a9de-11dd87a70cdc.fieldLayouts.59a24a17-961a-45aa-b914-a7c1df84e7b7.tabs.0.elements.0.type', '\"craft\\\\fieldlayoutelements\\\\assets\\\\AssetTitleField\"'),
('volumes.f3d4e367-d7dd-459c-a9de-11dd87a70cdc.fieldLayouts.59a24a17-961a-45aa-b914-a7c1df84e7b7.tabs.0.elements.0.uid', '\"12166c82-7ef8-4ad8-b016-600b91573e17\"'),
('volumes.f3d4e367-d7dd-459c-a9de-11dd87a70cdc.fieldLayouts.59a24a17-961a-45aa-b914-a7c1df84e7b7.tabs.0.elements.0.userCondition', 'null'),
('volumes.f3d4e367-d7dd-459c-a9de-11dd87a70cdc.fieldLayouts.59a24a17-961a-45aa-b914-a7c1df84e7b7.tabs.0.elements.0.warning', 'null'),
('volumes.f3d4e367-d7dd-459c-a9de-11dd87a70cdc.fieldLayouts.59a24a17-961a-45aa-b914-a7c1df84e7b7.tabs.0.elements.0.width', '100'),
('volumes.f3d4e367-d7dd-459c-a9de-11dd87a70cdc.fieldLayouts.59a24a17-961a-45aa-b914-a7c1df84e7b7.tabs.0.elements.1.attribute', '\"alt\"'),
('volumes.f3d4e367-d7dd-459c-a9de-11dd87a70cdc.fieldLayouts.59a24a17-961a-45aa-b914-a7c1df84e7b7.tabs.0.elements.1.class', 'null'),
('volumes.f3d4e367-d7dd-459c-a9de-11dd87a70cdc.fieldLayouts.59a24a17-961a-45aa-b914-a7c1df84e7b7.tabs.0.elements.1.cols', 'null'),
('volumes.f3d4e367-d7dd-459c-a9de-11dd87a70cdc.fieldLayouts.59a24a17-961a-45aa-b914-a7c1df84e7b7.tabs.0.elements.1.disabled', 'false'),
('volumes.f3d4e367-d7dd-459c-a9de-11dd87a70cdc.fieldLayouts.59a24a17-961a-45aa-b914-a7c1df84e7b7.tabs.0.elements.1.elementCondition', 'null'),
('volumes.f3d4e367-d7dd-459c-a9de-11dd87a70cdc.fieldLayouts.59a24a17-961a-45aa-b914-a7c1df84e7b7.tabs.0.elements.1.id', 'null'),
('volumes.f3d4e367-d7dd-459c-a9de-11dd87a70cdc.fieldLayouts.59a24a17-961a-45aa-b914-a7c1df84e7b7.tabs.0.elements.1.instructions', 'null'),
('volumes.f3d4e367-d7dd-459c-a9de-11dd87a70cdc.fieldLayouts.59a24a17-961a-45aa-b914-a7c1df84e7b7.tabs.0.elements.1.label', 'null'),
('volumes.f3d4e367-d7dd-459c-a9de-11dd87a70cdc.fieldLayouts.59a24a17-961a-45aa-b914-a7c1df84e7b7.tabs.0.elements.1.name', 'null'),
('volumes.f3d4e367-d7dd-459c-a9de-11dd87a70cdc.fieldLayouts.59a24a17-961a-45aa-b914-a7c1df84e7b7.tabs.0.elements.1.orientation', 'null'),
('volumes.f3d4e367-d7dd-459c-a9de-11dd87a70cdc.fieldLayouts.59a24a17-961a-45aa-b914-a7c1df84e7b7.tabs.0.elements.1.placeholder', 'null'),
('volumes.f3d4e367-d7dd-459c-a9de-11dd87a70cdc.fieldLayouts.59a24a17-961a-45aa-b914-a7c1df84e7b7.tabs.0.elements.1.readonly', 'false'),
('volumes.f3d4e367-d7dd-459c-a9de-11dd87a70cdc.fieldLayouts.59a24a17-961a-45aa-b914-a7c1df84e7b7.tabs.0.elements.1.requirable', 'true'),
('volumes.f3d4e367-d7dd-459c-a9de-11dd87a70cdc.fieldLayouts.59a24a17-961a-45aa-b914-a7c1df84e7b7.tabs.0.elements.1.required', 'false'),
('volumes.f3d4e367-d7dd-459c-a9de-11dd87a70cdc.fieldLayouts.59a24a17-961a-45aa-b914-a7c1df84e7b7.tabs.0.elements.1.rows', 'null'),
('volumes.f3d4e367-d7dd-459c-a9de-11dd87a70cdc.fieldLayouts.59a24a17-961a-45aa-b914-a7c1df84e7b7.tabs.0.elements.1.tip', 'null'),
('volumes.f3d4e367-d7dd-459c-a9de-11dd87a70cdc.fieldLayouts.59a24a17-961a-45aa-b914-a7c1df84e7b7.tabs.0.elements.1.title', 'null'),
('volumes.f3d4e367-d7dd-459c-a9de-11dd87a70cdc.fieldLayouts.59a24a17-961a-45aa-b914-a7c1df84e7b7.tabs.0.elements.1.type', '\"craft\\\\fieldlayoutelements\\\\assets\\\\AltField\"'),
('volumes.f3d4e367-d7dd-459c-a9de-11dd87a70cdc.fieldLayouts.59a24a17-961a-45aa-b914-a7c1df84e7b7.tabs.0.elements.1.uid', '\"37b6a168-94ca-4c18-987f-d785a00045c2\"'),
('volumes.f3d4e367-d7dd-459c-a9de-11dd87a70cdc.fieldLayouts.59a24a17-961a-45aa-b914-a7c1df84e7b7.tabs.0.elements.1.userCondition', 'null'),
('volumes.f3d4e367-d7dd-459c-a9de-11dd87a70cdc.fieldLayouts.59a24a17-961a-45aa-b914-a7c1df84e7b7.tabs.0.elements.1.warning', 'null'),
('volumes.f3d4e367-d7dd-459c-a9de-11dd87a70cdc.fieldLayouts.59a24a17-961a-45aa-b914-a7c1df84e7b7.tabs.0.elements.1.width', '100'),
('volumes.f3d4e367-d7dd-459c-a9de-11dd87a70cdc.fieldLayouts.59a24a17-961a-45aa-b914-a7c1df84e7b7.tabs.0.elements.2.elementCondition', 'null'),
('volumes.f3d4e367-d7dd-459c-a9de-11dd87a70cdc.fieldLayouts.59a24a17-961a-45aa-b914-a7c1df84e7b7.tabs.0.elements.2.fieldUid', '\"34ddd9c0-0028-4716-b50c-73aa40ea6920\"'),
('volumes.f3d4e367-d7dd-459c-a9de-11dd87a70cdc.fieldLayouts.59a24a17-961a-45aa-b914-a7c1df84e7b7.tabs.0.elements.2.instructions', 'null'),
('volumes.f3d4e367-d7dd-459c-a9de-11dd87a70cdc.fieldLayouts.59a24a17-961a-45aa-b914-a7c1df84e7b7.tabs.0.elements.2.label', 'null'),
('volumes.f3d4e367-d7dd-459c-a9de-11dd87a70cdc.fieldLayouts.59a24a17-961a-45aa-b914-a7c1df84e7b7.tabs.0.elements.2.required', 'false'),
('volumes.f3d4e367-d7dd-459c-a9de-11dd87a70cdc.fieldLayouts.59a24a17-961a-45aa-b914-a7c1df84e7b7.tabs.0.elements.2.tip', 'null'),
('volumes.f3d4e367-d7dd-459c-a9de-11dd87a70cdc.fieldLayouts.59a24a17-961a-45aa-b914-a7c1df84e7b7.tabs.0.elements.2.type', '\"craft\\\\fieldlayoutelements\\\\CustomField\"'),
('volumes.f3d4e367-d7dd-459c-a9de-11dd87a70cdc.fieldLayouts.59a24a17-961a-45aa-b914-a7c1df84e7b7.tabs.0.elements.2.uid', '\"36a1bab8-86c4-4fc5-9f44-c9029f4f06c0\"'),
('volumes.f3d4e367-d7dd-459c-a9de-11dd87a70cdc.fieldLayouts.59a24a17-961a-45aa-b914-a7c1df84e7b7.tabs.0.elements.2.userCondition', 'null'),
('volumes.f3d4e367-d7dd-459c-a9de-11dd87a70cdc.fieldLayouts.59a24a17-961a-45aa-b914-a7c1df84e7b7.tabs.0.elements.2.warning', 'null'),
('volumes.f3d4e367-d7dd-459c-a9de-11dd87a70cdc.fieldLayouts.59a24a17-961a-45aa-b914-a7c1df84e7b7.tabs.0.elements.2.width', '100'),
('volumes.f3d4e367-d7dd-459c-a9de-11dd87a70cdc.fieldLayouts.59a24a17-961a-45aa-b914-a7c1df84e7b7.tabs.0.name', '\"Content\"'),
('volumes.f3d4e367-d7dd-459c-a9de-11dd87a70cdc.fieldLayouts.59a24a17-961a-45aa-b914-a7c1df84e7b7.tabs.0.uid', '\"1cb2fba1-a8bb-4aa9-92e5-5126fc485976\"'),
('volumes.f3d4e367-d7dd-459c-a9de-11dd87a70cdc.fieldLayouts.59a24a17-961a-45aa-b914-a7c1df84e7b7.tabs.0.userCondition', 'null'),
('volumes.f3d4e367-d7dd-459c-a9de-11dd87a70cdc.fs', '\"images\"'),
('volumes.f3d4e367-d7dd-459c-a9de-11dd87a70cdc.handle', '\"images\"'),
('volumes.f3d4e367-d7dd-459c-a9de-11dd87a70cdc.name', '\"Images\"'),
('volumes.f3d4e367-d7dd-459c-a9de-11dd87a70cdc.sortOrder', '1'),
('volumes.f3d4e367-d7dd-459c-a9de-11dd87a70cdc.titleTranslationKeyFormat', 'null'),
('volumes.f3d4e367-d7dd-459c-a9de-11dd87a70cdc.titleTranslationMethod', '\"site\"'),
('volumes.f3d4e367-d7dd-459c-a9de-11dd87a70cdc.transformFs', '\"\"'),
('volumes.f3d4e367-d7dd-459c-a9de-11dd87a70cdc.transformSubpath', '\"\"');

INSERT INTO `relations` (`id`, `fieldId`, `sourceId`, `sourceSiteId`, `targetId`, `sortOrder`, `dateCreated`, `dateUpdated`, `uid`) VALUES
(1, 20, 26, NULL, 22, 1, '2023-02-06 20:50:11', '2023-02-06 20:50:11', '339f5bd4-925e-4dee-aee6-33d7a0642de0'),
(2, 20, 27, NULL, 22, 1, '2023-02-06 20:50:34', '2023-02-06 20:50:34', '57d50149-1e19-45e3-8f0e-ca91d9a497d1'),
(4, 20, 28, NULL, 30, 1, '2023-02-06 21:00:32', '2023-02-06 21:00:32', '4f9e2a69-72d4-42cf-bb80-7683e42e8420'),
(5, 20, 32, NULL, 30, 1, '2023-02-06 21:00:32', '2023-02-06 21:00:32', '957989f4-834c-47ff-91c1-f65ff47e7f5f'),
(6, 11, 33, NULL, 16, 1, '2023-02-06 21:01:03', '2023-02-06 21:01:03', 'c40ea83f-ddcc-4b9c-9582-68e0dffde574'),
(7, 11, 34, NULL, 16, 1, '2023-02-06 21:01:08', '2023-02-06 21:01:08', 'c3f307fc-5fdd-4fbd-ace5-fad0e8c408ec'),
(8, 11, 35, NULL, 15, 1, '2023-02-06 21:01:32', '2023-02-06 21:01:32', '5476dcd3-989d-47b8-95b1-a5d1da209ffd'),
(9, 11, 36, NULL, 15, 1, '2023-02-06 21:01:33', '2023-02-06 21:01:33', '5b429b72-33a6-4ce0-81e5-7e831e68777d'),
(10, 11, 37, NULL, 14, 1, '2023-02-06 21:01:59', '2023-02-06 21:01:59', 'a579b8bf-97f7-42d1-9b98-5558b83a7fc2'),
(11, 11, 38, NULL, 14, 1, '2023-02-06 21:02:00', '2023-02-06 21:02:00', '265cf392-c22d-4f32-b0d5-deef555218b5'),
(12, 11, 39, NULL, 12, 1, '2023-02-06 21:02:34', '2023-02-06 21:02:34', '61155eec-778d-4bbe-9c51-dd04c5844637'),
(13, 11, 40, NULL, 12, 1, '2023-02-06 21:02:36', '2023-02-06 21:02:36', '88ca060e-7946-4622-b84c-b865619e888a'),
(14, 11, 41, NULL, 13, 1, '2023-02-06 21:02:58', '2023-02-06 21:02:58', '47e76bda-fc3e-4e10-a905-0e539a451ba6'),
(15, 11, 42, NULL, 13, 1, '2023-02-06 21:02:59', '2023-02-06 21:02:59', '048c3c78-b801-4a52-90a0-3ec078b6fa1b'),
(16, 11, 43, NULL, 11, 1, '2023-02-06 21:03:13', '2023-02-06 21:03:13', '3b8223fb-c789-4202-929d-46fb250b3053'),
(17, 11, 44, NULL, 11, 1, '2023-02-06 21:03:15', '2023-02-06 21:03:15', '8beb2800-e1e8-4de3-85f1-a0a8b7c81c2d'),
(18, 8, 45, NULL, 28, 1, '2023-02-06 21:04:28', '2023-02-06 21:04:28', '86561f1d-2dc6-4ca7-922f-6deee6e10eb3'),
(19, 8, 46, NULL, 28, 1, '2023-02-06 21:05:00', '2023-02-06 21:05:00', 'cebb123c-f8ad-4ba5-bb50-9ad5675c868c'),
(26, 3, 69, NULL, 53, 1, '2023-02-06 21:07:04', '2023-02-06 21:07:04', 'fb71aeae-81b9-4ad2-999d-b89244c83fe9'),
(27, 4, 72, NULL, 17, 1, '2023-02-06 21:07:04', '2023-02-06 21:07:04', 'd8bbb61b-87a3-4b95-8b73-78da7438f248'),
(28, 4, 72, NULL, 18, 2, '2023-02-06 21:07:04', '2023-02-06 21:07:04', '37abfcf9-f5af-4912-bb50-552143b203e7'),
(29, 4, 72, NULL, 19, 3, '2023-02-06 21:07:04', '2023-02-06 21:07:04', 'ff3ba1f7-568e-4623-9966-e50f5e5eae1b'),
(30, 4, 72, NULL, 20, 4, '2023-02-06 21:07:04', '2023-02-06 21:07:04', 'ab800d51-0bed-4d00-a660-f8ecf0ed5d46'),
(31, 8, 73, NULL, 28, 1, '2023-02-06 21:07:04', '2023-02-06 21:07:04', 'e2e14fd6-ebf3-4aeb-b933-01a54fde1ca0'),
(32, 3, 74, NULL, 53, 1, '2023-02-06 21:07:04', '2023-02-06 21:07:04', '6effd6d3-c59c-48c6-b3f2-16357aacf07a'),
(33, 4, 77, NULL, 17, 1, '2023-02-06 21:07:04', '2023-02-06 21:07:04', '95aa7f52-7274-4e4e-a16d-1531a7ccabab'),
(34, 4, 77, NULL, 18, 2, '2023-02-06 21:07:04', '2023-02-06 21:07:04', 'efb1d1b6-93b2-4128-ac01-3f129eab13e4'),
(35, 4, 77, NULL, 19, 3, '2023-02-06 21:07:04', '2023-02-06 21:07:04', 'd6f14e85-df9d-45dc-9098-95f170df0a4c'),
(36, 4, 77, NULL, 20, 4, '2023-02-06 21:07:04', '2023-02-06 21:07:04', 'a9568489-7a0e-4e48-9f1f-0b19325048db'),
(37, 8, 78, NULL, 28, 1, '2023-02-06 21:07:22', '2023-02-06 21:07:22', 'f2f36472-b78b-4993-936a-218b6dbc6ade'),
(38, 3, 79, NULL, 53, 1, '2023-02-06 21:07:22', '2023-02-06 21:07:22', '6114cfd8-dccd-4e28-9e10-d1bcf5b2fdb6'),
(39, 4, 82, NULL, 17, 1, '2023-02-06 21:07:22', '2023-02-06 21:07:22', 'a8bdf71c-b7a9-443e-83e6-4c53d3f11e57'),
(40, 4, 82, NULL, 18, 2, '2023-02-06 21:07:22', '2023-02-06 21:07:22', 'cf114e9d-10b7-4ecf-8fdc-4622e44e6ad0'),
(41, 4, 82, NULL, 19, 3, '2023-02-06 21:07:22', '2023-02-06 21:07:22', '8038ecd6-751c-4ca4-a2c8-4cc5c98d8da1'),
(42, 4, 82, NULL, 20, 4, '2023-02-06 21:07:22', '2023-02-06 21:07:22', '2a476db5-3528-4510-a4c4-34de6bc25b3b'),
(45, 27, 45, NULL, 83, 1, '2023-02-06 21:37:10', '2023-02-06 21:37:10', '6f78cc19-b973-491d-b8b8-2c16d6428ba4'),
(46, 27, 85, NULL, 83, 1, '2023-02-06 21:37:10', '2023-02-06 21:37:10', '224944b1-cf4b-4f68-9900-14ccaa50c15c'),
(47, 8, 85, NULL, 28, 1, '2023-02-06 21:37:10', '2023-02-06 21:37:10', 'eeeda05f-cf84-477a-b90a-68249692e118'),
(48, 3, 86, NULL, 53, 1, '2023-02-06 21:37:10', '2023-02-06 21:37:10', 'c9b68095-543a-4d5e-829f-1a5f6206945d'),
(49, 4, 89, NULL, 17, 1, '2023-02-06 21:37:10', '2023-02-06 21:37:10', 'b5e7880e-af5f-49a4-b446-872fedb4abc5'),
(50, 4, 89, NULL, 18, 2, '2023-02-06 21:37:10', '2023-02-06 21:37:10', '2dd6a91c-636e-4332-b37d-7b8ad0b0b484'),
(51, 4, 89, NULL, 19, 3, '2023-02-06 21:37:10', '2023-02-06 21:37:10', 'ffbd3c11-0f7c-4fcc-bd89-d8fd50da2f4f'),
(52, 4, 89, NULL, 20, 4, '2023-02-06 21:37:10', '2023-02-06 21:37:10', 'd195764d-0535-46da-a2a2-22b5df684ca7'),
(63, 6, 93, NULL, 33, 1, '2023-02-06 22:07:11', '2023-02-06 22:07:11', '54f29808-d23a-4b91-9e0d-1c01ffb46889'),
(64, 6, 93, NULL, 35, 2, '2023-02-06 22:07:11', '2023-02-06 22:07:11', 'e4a0c36d-6b80-4742-88b3-29f6d9c94fa2'),
(65, 6, 93, NULL, 39, 4, '2023-02-06 22:07:11', '2023-02-08 22:03:31', '397de694-804e-48f6-8c22-40fa6c7ba570'),
(69, 7, 93, NULL, 45, 1, '2023-02-06 22:07:11', '2023-02-06 22:07:11', '8bc375cd-474c-448f-8c56-48a0b0c45376'),
(70, 19, 93, NULL, 91, 1, '2023-02-06 22:07:11', '2023-02-06 22:07:11', '6448a176-75ff-415f-a8cc-efe8b730fe8c'),
(71, 8, 93, NULL, 28, 2, '2023-02-06 22:07:11', '2023-02-08 22:03:31', '2d2f8dda-ee31-4e12-9b53-948701ea84f5'),
(72, 8, 93, NULL, 26, 1, '2023-02-06 22:07:11', '2023-02-08 22:03:31', '4945f68d-44e9-44b3-98d1-b882a0dcb60a'),
(73, 6, 98, NULL, 33, 1, '2023-02-06 22:07:11', '2023-02-06 22:07:11', '20b6d137-f05d-4cd3-b699-bb0621cf0841'),
(74, 6, 98, NULL, 35, 2, '2023-02-06 22:07:11', '2023-02-06 22:07:11', 'fe92f5a1-b815-46d3-8973-c878e571aa1b'),
(75, 6, 98, NULL, 39, 3, '2023-02-06 22:07:11', '2023-02-06 22:07:11', '2d0fcad1-9f48-4e67-9e96-74e668eca769'),
(76, 6, 98, NULL, 41, 4, '2023-02-06 22:07:11', '2023-02-06 22:07:11', '520686df-33d8-40c6-8aa7-84cedf63cd97'),
(77, 6, 98, NULL, 37, 5, '2023-02-06 22:07:11', '2023-02-06 22:07:11', '22065d6a-07cb-4c7c-af27-8df902099787'),
(78, 6, 98, NULL, 43, 6, '2023-02-06 22:07:11', '2023-02-06 22:07:11', 'fb65f979-0b31-43ac-bddc-eadf082408ea'),
(79, 7, 98, NULL, 45, 1, '2023-02-06 22:07:11', '2023-02-06 22:07:11', 'e2120dce-c887-466d-be56-93e47198af4f'),
(80, 19, 98, NULL, 91, 1, '2023-02-06 22:07:11', '2023-02-06 22:07:11', 'f68ca7a6-25dd-46e6-8156-2e78067b32a1'),
(81, 8, 98, NULL, 28, 1, '2023-02-06 22:07:11', '2023-02-06 22:07:11', '580a97a8-5e42-4e46-893b-a510b53a6895'),
(82, 8, 98, NULL, 26, 2, '2023-02-06 22:07:11', '2023-02-06 22:07:11', '41c26d8c-90d6-4198-9ef0-f91d9e3328fa'),
(88, 6, 45, NULL, 35, 1, '2023-02-08 19:20:52', '2023-02-08 23:42:22', 'ee9090f4-b617-4581-aafd-b848542cefb0'),
(89, 27, 100, NULL, 83, 1, '2023-02-08 19:20:52', '2023-02-08 19:20:52', '8d0917bd-eef8-4fa4-82f3-c63538d43ff6'),
(90, 8, 100, NULL, 28, 1, '2023-02-08 19:20:52', '2023-02-08 19:20:52', '54a9b6ab-517a-40f3-9e98-8a979d7b30bf'),
(91, 6, 100, NULL, 33, 1, '2023-02-08 19:20:52', '2023-02-08 19:20:52', '574e961a-d33e-4608-ae9c-01276d40103b'),
(92, 6, 100, NULL, 35, 2, '2023-02-08 19:20:52', '2023-02-08 19:20:52', '3b2f9e3f-afa6-4d09-9727-8a6a7f5019a3'),
(93, 3, 101, NULL, 53, 1, '2023-02-08 19:20:52', '2023-02-08 19:20:52', 'a6f4660b-2d8c-4029-80d3-24bcc404373d'),
(94, 4, 104, NULL, 17, 1, '2023-02-08 19:20:52', '2023-02-08 19:20:52', '1a0ba4f1-db61-4959-b364-ebec602674e0'),
(95, 4, 104, NULL, 18, 2, '2023-02-08 19:20:52', '2023-02-08 19:20:52', '33bae58d-6a5c-416b-afa2-c2cc8d145749'),
(96, 4, 104, NULL, 19, 3, '2023-02-08 19:20:52', '2023-02-08 19:20:52', '82648fbd-e842-4c35-8cbd-65a54a3f1c45'),
(97, 4, 104, NULL, 20, 4, '2023-02-08 19:20:52', '2023-02-08 19:20:52', '0c89984a-51f9-4146-ae53-5fbf575511cd'),
(98, 27, 105, NULL, 83, 1, '2023-02-08 21:06:18', '2023-02-08 21:06:18', '92e79f39-4941-4799-a5e7-0a478fb93211'),
(99, 8, 105, NULL, 28, 1, '2023-02-08 21:06:18', '2023-02-08 21:06:18', 'abb8fe10-685b-4847-8762-abb0d01b1513'),
(100, 6, 105, NULL, 33, 1, '2023-02-08 21:06:18', '2023-02-08 21:06:18', '9ed625ce-1d3b-4977-b467-a6cbfec74750'),
(101, 6, 105, NULL, 35, 2, '2023-02-08 21:06:18', '2023-02-08 21:06:18', 'cd3298f2-891b-49af-9151-6d47e119809f'),
(102, 3, 106, NULL, 53, 1, '2023-02-08 21:06:18', '2023-02-08 21:06:18', '2332b2c4-9b6b-4912-ad4d-c56f494fd0d4'),
(103, 4, 109, NULL, 17, 1, '2023-02-08 21:06:18', '2023-02-08 21:06:18', '0a73d977-f716-4200-81cc-4228b238e76c'),
(104, 4, 109, NULL, 18, 2, '2023-02-08 21:06:18', '2023-02-08 21:06:18', '16319712-3b0a-4c85-94d0-a894029e45b0'),
(105, 4, 109, NULL, 19, 3, '2023-02-08 21:06:18', '2023-02-08 21:06:18', '1a782b4d-f168-4983-867a-fa30850622d2'),
(106, 4, 109, NULL, 20, 4, '2023-02-08 21:06:18', '2023-02-08 21:06:18', '548b1da8-d330-4c15-8ba0-d2e7bea67cdc'),
(107, 27, 110, NULL, 83, 1, '2023-02-08 21:06:18', '2023-02-08 21:06:18', '9a7585e8-7e1e-4cdb-8b9c-c6a59b59a219'),
(108, 8, 110, NULL, 28, 1, '2023-02-08 21:06:18', '2023-02-08 21:06:18', '25e23e03-e986-4de9-bddb-c13088794f1b'),
(109, 6, 110, NULL, 33, 1, '2023-02-08 21:06:18', '2023-02-08 21:06:18', '013af475-70d4-4fac-968d-19c06abeb772'),
(110, 6, 110, NULL, 35, 2, '2023-02-08 21:06:18', '2023-02-08 21:06:18', '9b4a09f5-2a28-40e3-b1b7-44e39a091ee0'),
(111, 3, 111, NULL, 53, 1, '2023-02-08 21:06:18', '2023-02-08 21:06:18', 'bfc53495-fc0f-4297-b18e-a96b0cb91020'),
(112, 4, 114, NULL, 17, 1, '2023-02-08 21:06:18', '2023-02-08 21:06:18', '431f4c73-4816-4597-8870-7ede6d97b69a'),
(113, 4, 114, NULL, 18, 2, '2023-02-08 21:06:18', '2023-02-08 21:06:18', 'f028a3c8-c495-41be-8763-7a048980ae41'),
(114, 4, 114, NULL, 19, 3, '2023-02-08 21:06:18', '2023-02-08 21:06:18', 'db932c85-c19e-4849-8875-a2d000b1693a'),
(115, 4, 114, NULL, 20, 4, '2023-02-08 21:06:18', '2023-02-08 21:06:18', '8f55b3b9-b231-4f2b-9e7f-9976f96f000d'),
(120, 27, 116, NULL, 83, 1, '2023-02-08 21:06:21', '2023-02-08 21:06:21', '815dbfc4-5355-4b5d-976a-9ec8bbf31f4e'),
(121, 8, 116, NULL, 28, 1, '2023-02-08 21:06:21', '2023-02-08 21:06:21', '46689c4d-6831-466e-ab70-437cfd899a3c'),
(122, 6, 116, NULL, 33, 1, '2023-02-08 21:06:21', '2023-02-08 21:06:21', 'e3d79e55-102d-4255-aaaf-a4002373561b'),
(123, 6, 116, NULL, 35, 2, '2023-02-08 21:06:21', '2023-02-08 21:06:21', 'd0f326c0-714a-4629-adae-d6edda4f9098'),
(124, 3, 117, NULL, 53, 1, '2023-02-08 21:06:21', '2023-02-08 21:06:21', 'aa5163a1-5d31-4205-83fa-ca98b4ee788c'),
(125, 4, 120, NULL, 17, 1, '2023-02-08 21:06:21', '2023-02-08 21:06:21', '4b50c783-3d59-4730-b4f1-8a45608b8ae0'),
(126, 4, 120, NULL, 18, 2, '2023-02-08 21:06:21', '2023-02-08 21:06:21', '958b669a-411d-4330-892f-f517c903756c'),
(127, 4, 120, NULL, 19, 3, '2023-02-08 21:06:21', '2023-02-08 21:06:21', '8728dc54-1b4c-4f59-bbbe-f791407a2c8c'),
(128, 4, 120, NULL, 20, 4, '2023-02-08 21:06:21', '2023-02-08 21:06:21', '8651382b-bb6f-4c5c-93c6-05e5cb43ffef'),
(140, 7, 93, NULL, 105, 2, '2023-02-08 21:06:35', '2023-02-08 21:06:35', '01955e3e-1117-461e-b337-22056681cfb7'),
(141, 6, 122, NULL, 33, 1, '2023-02-08 21:06:35', '2023-02-08 21:06:35', '39d3d03a-3852-4272-82e4-9a2b39537056'),
(142, 6, 122, NULL, 35, 2, '2023-02-08 21:06:35', '2023-02-08 21:06:35', 'e76e5a58-ee3c-45d5-8223-42b33458bc75'),
(143, 6, 122, NULL, 39, 3, '2023-02-08 21:06:35', '2023-02-08 21:06:35', '3d090276-bb28-4dd1-9dfc-2fcd295be7d6'),
(144, 6, 122, NULL, 41, 4, '2023-02-08 21:06:35', '2023-02-08 21:06:35', '9239f2ef-db94-4508-b0d9-f1ea9871993d'),
(145, 6, 122, NULL, 37, 5, '2023-02-08 21:06:35', '2023-02-08 21:06:35', '8548b9a2-a9bf-4f92-b0fc-ea11e44621a5'),
(146, 6, 122, NULL, 43, 6, '2023-02-08 21:06:35', '2023-02-08 21:06:35', 'f4d5f785-c393-4e1a-8df4-84d2895419a2'),
(147, 7, 122, NULL, 45, 1, '2023-02-08 21:06:35', '2023-02-08 21:06:35', 'ff19e263-44a3-492d-8090-fbebbbcf3717'),
(148, 7, 122, NULL, 105, 2, '2023-02-08 21:06:35', '2023-02-08 21:06:35', '0759d9d7-65cb-4457-b2c5-2dac31b8d21e'),
(149, 19, 122, NULL, 91, 1, '2023-02-08 21:06:35', '2023-02-08 21:06:35', '9cca8099-1e38-48a9-92c5-e7c8f06f85b0'),
(150, 8, 122, NULL, 28, 1, '2023-02-08 21:06:35', '2023-02-08 21:06:35', '15f2e574-7818-42e1-873a-c159c4ae4ce4'),
(151, 8, 122, NULL, 26, 2, '2023-02-08 21:06:35', '2023-02-08 21:06:35', 'bacf9701-5266-4e03-a29a-111e193d5921'),
(152, 11, 123, NULL, 124, 1, '2023-02-08 21:51:09', '2023-02-08 21:51:09', '96a03d78-8667-453e-a1d6-3f150e08da32'),
(153, 11, 125, NULL, 124, 1, '2023-02-08 21:54:17', '2023-02-08 21:54:17', '5835b1c5-05b6-4365-8094-207c6be06eb1'),
(166, 6, 93, NULL, 123, 3, '2023-02-08 21:54:31', '2023-02-08 22:03:31', '48902bae-3fb5-4323-ba6d-ae358e131324'),
(167, 6, 127, NULL, 33, 1, '2023-02-08 21:54:31', '2023-02-08 21:54:31', 'ac38316a-ac4c-42c3-93e1-2c0573c744f5'),
(168, 6, 127, NULL, 35, 2, '2023-02-08 21:54:31', '2023-02-08 21:54:31', 'a9c6890b-cc85-43fc-8b51-7fbd70e3531c'),
(169, 6, 127, NULL, 39, 3, '2023-02-08 21:54:31', '2023-02-08 21:54:31', '32ad583f-06dc-4906-a887-3e5765b59e44'),
(170, 6, 127, NULL, 41, 4, '2023-02-08 21:54:31', '2023-02-08 21:54:31', 'a744b72c-d94b-447d-ae72-824acbd79242'),
(171, 6, 127, NULL, 37, 5, '2023-02-08 21:54:31', '2023-02-08 21:54:31', '04af0d43-7d32-45d9-ad68-9e048a0bb5cd'),
(172, 6, 127, NULL, 43, 6, '2023-02-08 21:54:31', '2023-02-08 21:54:31', '2852d3e0-4c2a-4d6b-82af-b50abf862504'),
(173, 6, 127, NULL, 123, 7, '2023-02-08 21:54:31', '2023-02-08 21:54:31', 'a8f8d38f-0822-4c7b-ac6e-43b6c209d080'),
(174, 7, 127, NULL, 45, 1, '2023-02-08 21:54:31', '2023-02-08 21:54:31', '86968ec9-4946-490a-8ce7-4e845a1a5b54'),
(175, 7, 127, NULL, 105, 2, '2023-02-08 21:54:31', '2023-02-08 21:54:31', 'd696b6cf-908f-478b-8ee5-e5d83feddece'),
(176, 19, 127, NULL, 91, 1, '2023-02-08 21:54:31', '2023-02-08 21:54:31', '25162342-f963-4c07-baca-c5e95c4853d8'),
(177, 8, 127, NULL, 28, 1, '2023-02-08 21:54:31', '2023-02-08 21:54:31', 'c179fa03-c22e-4e56-9bb4-8a1cd5c82a84'),
(178, 8, 127, NULL, 26, 2, '2023-02-08 21:54:31', '2023-02-08 21:54:31', 'a38ec81d-09dc-48c8-b46b-c592f77b9b5d'),
(180, 11, 129, NULL, 15, 1, '2023-02-08 21:56:58', '2023-02-08 21:56:58', 'ebf4fda2-ad94-4df1-b01f-82ee32fda19e'),
(182, 11, 131, NULL, 16, 1, '2023-02-08 21:58:20', '2023-02-08 21:58:20', 'e2a56d00-267c-44f8-a556-0d3765510977'),
(184, 11, 133, NULL, 12, 1, '2023-02-08 21:59:47', '2023-02-08 21:59:47', '0ff1ccb1-9bf0-4559-ab5e-ad41abb9c7b8'),
(186, 11, 135, NULL, 13, 1, '2023-02-08 22:00:39', '2023-02-08 22:00:39', '6df3f52a-29c8-40ff-97fc-810a83a0d161'),
(200, 11, 138, NULL, 15, 1, '2023-02-08 22:00:50', '2023-02-08 22:00:50', '58767e7c-417b-452b-804e-e45f6ee58f7c'),
(202, 11, 140, NULL, 15, 1, '2023-02-08 22:01:06', '2023-02-08 22:01:06', '50ab465f-8edb-4476-911a-e2c591de5977'),
(204, 11, 142, NULL, 16, 1, '2023-02-08 22:01:11', '2023-02-08 22:01:11', '68eb44f8-9bdb-4f77-9ab2-8e62c54567dd'),
(206, 11, 144, NULL, 14, 1, '2023-02-08 22:02:00', '2023-02-08 22:02:00', '80a776ca-db76-4027-91e5-a12b89758c69'),
(208, 11, 146, NULL, 11, 1, '2023-02-08 22:02:42', '2023-02-08 22:02:42', 'dbad327e-4f23-46ad-9423-30fb85a3f352'),
(209, 6, 147, NULL, 33, 1, '2023-02-08 22:03:31', '2023-02-08 22:03:31', '3e2db22e-eb6f-41a1-a60e-9ba4bfa96709'),
(210, 6, 147, NULL, 35, 2, '2023-02-08 22:03:31', '2023-02-08 22:03:31', '2cfb0c33-e7e1-460b-ab09-0ef16909c1bf'),
(211, 6, 147, NULL, 123, 3, '2023-02-08 22:03:31', '2023-02-08 22:03:31', '4356583e-efd5-4655-ab11-c3f7bd5a805e'),
(212, 6, 147, NULL, 39, 4, '2023-02-08 22:03:31', '2023-02-08 22:03:31', '9f48205a-2db3-49fd-b083-d2fb7834f5b2'),
(213, 6, 147, NULL, 41, 5, '2023-02-08 22:03:31', '2023-02-08 22:03:31', '2890a91e-dca8-432c-b478-973a3ff25b6c'),
(214, 6, 147, NULL, 37, 6, '2023-02-08 22:03:31', '2023-02-08 22:03:31', '6fbe3873-4b32-47da-8a90-61f7b5be62bb'),
(215, 6, 147, NULL, 43, 7, '2023-02-08 22:03:31', '2023-02-08 22:03:31', '3e7bd270-94ca-447b-8c7b-f177e4a36238'),
(216, 7, 147, NULL, 45, 1, '2023-02-08 22:03:31', '2023-02-08 22:03:31', 'b9fb90be-3bdf-4086-b25b-76408caa34fa'),
(217, 7, 147, NULL, 105, 2, '2023-02-08 22:03:31', '2023-02-08 22:03:31', '4a864e7a-fb5c-48eb-a778-2f3a6bef4ed3'),
(218, 19, 147, NULL, 91, 1, '2023-02-08 22:03:31', '2023-02-08 22:03:31', '1cd05856-7bf3-4110-8c7c-3353c3537ddc'),
(219, 8, 147, NULL, 26, 1, '2023-02-08 22:03:31', '2023-02-08 22:03:31', '2b35887c-0bd6-449e-b18c-57c042e214c7'),
(220, 8, 147, NULL, 28, 2, '2023-02-08 22:03:31', '2023-02-08 22:03:31', '269dad04-1965-4eaa-9958-dcc7a4f91469'),
(226, 6, 45, NULL, 148, 2, '2023-02-08 23:42:22', '2023-02-08 23:42:22', '5916f251-10c2-4588-86cb-8a9a2078db4a'),
(227, 27, 151, NULL, 83, 1, '2023-02-08 23:42:22', '2023-02-08 23:42:22', 'db87d095-eabf-4d1a-845e-971903d472f5'),
(228, 8, 151, NULL, 28, 1, '2023-02-08 23:42:22', '2023-02-08 23:42:22', 'b9a77ab8-357f-4c78-8402-21195a7751f9'),
(229, 6, 151, NULL, 35, 1, '2023-02-08 23:42:22', '2023-02-08 23:42:22', '40091319-d768-480a-81f0-55921a5fc313'),
(230, 6, 151, NULL, 148, 2, '2023-02-08 23:42:22', '2023-02-08 23:42:22', 'dabc1f28-ca41-47bf-b02b-8761bf0f4fc7'),
(231, 3, 152, NULL, 53, 1, '2023-02-08 23:42:22', '2023-02-08 23:42:22', 'd88c1814-5690-4c3a-bea0-5aabb67a4f88'),
(232, 4, 155, NULL, 17, 1, '2023-02-08 23:42:22', '2023-02-08 23:42:22', '445c5ad3-d742-4618-98bd-85fe66d773b3'),
(233, 4, 155, NULL, 18, 2, '2023-02-08 23:42:22', '2023-02-08 23:42:22', 'cc8321ac-5a4f-4783-bbb4-b9b61ad69a4f'),
(234, 4, 155, NULL, 19, 3, '2023-02-08 23:42:22', '2023-02-08 23:42:22', '56c77f55-4832-4fca-9d86-b62c6b1758f8'),
(235, 4, 155, NULL, 20, 4, '2023-02-08 23:42:22', '2023-02-08 23:42:22', '1422caf3-aaf1-45b0-be39-1d58b2639a3e'),
(248, 6, 157, NULL, 33, 1, '2023-02-08 23:43:08', '2023-02-08 23:43:08', 'cfea0e4c-2691-49f9-af31-5e2a9523c5e8'),
(249, 6, 157, NULL, 35, 2, '2023-02-08 23:43:08', '2023-02-08 23:43:08', 'f232727f-54f5-49e1-ac3d-241dec58d0ee'),
(250, 6, 157, NULL, 123, 3, '2023-02-08 23:43:08', '2023-02-08 23:43:08', '3cc59d1a-0581-4d56-ae5e-01b03a98ac9e'),
(251, 6, 157, NULL, 39, 4, '2023-02-08 23:43:08', '2023-02-08 23:43:08', 'e8c7d615-d335-40a7-ba81-3f8b58f05484'),
(252, 7, 157, NULL, 45, 1, '2023-02-08 23:43:08', '2023-02-08 23:43:08', '2176ba92-f01e-4652-9323-4e8d8004f9bc'),
(253, 7, 157, NULL, 105, 2, '2023-02-08 23:43:08', '2023-02-08 23:43:08', '920c4081-baf9-4e18-b322-b88ac11714e1'),
(254, 19, 157, NULL, 91, 1, '2023-02-08 23:43:08', '2023-02-08 23:43:08', '24db2188-3bb3-4a9e-afa8-e96ae86403eb'),
(255, 8, 157, NULL, 26, 1, '2023-02-08 23:43:08', '2023-02-08 23:43:08', 'aee10886-a6ce-4577-94a8-df55105d045e'),
(256, 8, 157, NULL, 28, 2, '2023-02-08 23:43:08', '2023-02-08 23:43:08', '9f4db17e-295e-4f06-bfc1-61eceab2be44');

INSERT INTO `resourcepaths` (`hash`, `path`) VALUES
('138f8e5e', '@craft/web/assets/dashboard/dist'),
('1605faae', '@craft/redactor/assets/redactor/dist/redactor-plugins/video'),
('1cf0f2bb', '@craft/web/assets/vue/dist'),
('226cc8be', '@craft/web/assets/fileupload/dist'),
('29e4ebd7', '@craft/web/assets/prismjs/dist'),
('311cf289', '@craft/web/assets/picturefill/dist'),
('331091eb', '@craft/web/assets/elementresizedetector/dist'),
('36f08e03', '@bower/jquery/dist'),
('3761e720', '@craft/redactor/assets/redactor/dist'),
('38c0984d', '@craft/web/assets/craftsupport/dist'),
('3aa44f89', '@craft/web/assets/xregexp/dist'),
('3c171e15', '@craft/web/assets/jqueryui/dist'),
('4f482546', '@verbb/supertable/resources/dist'),
('4f75c522', '@craft/web/assets/fileupload/dist'),
('510e1389', '@craft/web/assets/jqueryui/dist'),
('55d995d1', '@craft/web/assets/craftsupport/dist'),
('57bd4215', '@craft/web/assets/xregexp/dist'),
('5be9839f', '@bower/jquery/dist'),
('5c05ff15', '@craft/web/assets/picturefill/dist'),
('5e099c77', '@craft/web/assets/elementresizedetector/dist'),
('600dfaa9', '@craft/web/assets/jquerytouchevents/dist'),
('605e25cb', '@craft/web/assets/jquerypayment/dist'),
('65c9277c', '@craft/web/assets/velocity/dist'),
('6acca895', '@craft/web/assets/feed/dist'),
('71b10f78', '@craft/web/assets/editsection/dist'),
('71e9ff27', '@craft/web/assets/vue/dist'),
('7590cd1', '@craft/web/assets/htmx/dist'),
('7d5a509', '@craft/web/assets/feed/dist'),
('7e9683c2', '@craft/web/assets/dashboard/dist'),
('8512b7d5', '@craft/web/assets/cp/dist'),
('895a159d', '@craft/web/assets/selectize/dist'),
('8a6123aa', '@craft/web/assets/garnish/dist'),
('8c6987a8', '@craft/web/assets/pluginstore/dist'),
('8d02ae0', '@craft/web/assets/velocity/dist'),
('8e4fafbf', '@craft/web/assets/tailwindreset/dist'),
('9446982b', '@craft/web/assets/iframeresizer/dist'),
('9e8cdd60', '@lenz/linkfield/assets/field/resources'),
('9f27919c', '@craft/web/assets/d3/dist'),
('9f6c6e44', '@craft/web/assets/updateswidget/dist'),
('a1d62c2a', '@craft/web/assets/recententries/dist'),
('a26dccb9', '@craft/redactor/assets/field/dist'),
('a2d314bd', '@craft/web/assets/fabric/dist'),
('a8156a75', '@craft/web/assets/updater/dist'),
('b2f98283', '@craft/web/assets/utilities/dist'),
('b923b973', '@craft/web/assets/axios/dist'),
('c456d32', '@craft/web/assets/matrixsettings/dist'),
('c50c67e9', '@craft/web/assets/updater/dist'),
('cccf21b6', '@craft/web/assets/recententries/dist'),
('cecf06c2', '@ether/seo/web/assets'),
('cf4849e2', '@craft/web/assets/conditionbuilder/dist'),
('cfca1921', '@craft/web/assets/fabric/dist'),
('d14f735', '@craft/web/assets/jquerytouchevents/dist'),
('d43ab4ef', '@craft/web/assets/axios/dist'),
('d472857', '@craft/web/assets/jquerypayment/dist'),
('d86bcf2a', '@craft/redactor/assets/redactor/dist/redactor-plugins/fullscreen'),
('e1708a34', '@craft/web/assets/pluginstore/dist'),
('e356a223', '@craft/web/assets/tailwindreset/dist'),
('e3941ddc', '@verbb/imageresizer/resources/dist'),
('e4431801', '@craft/web/assets/selectize/dist'),
('e7663abf', '@benf/neo/assets/dist'),
('e7782e36', '@craft/web/assets/garnish/dist'),
('e80bba49', '@craft/web/assets/cp/dist'),
('ef4f21f5', '@verbb/base/resources/dist'),
('f23e9c00', '@craft/web/assets/d3/dist'),
('f27563d8', '@craft/web/assets/updateswidget/dist'),
('f95f95b7', '@craft/web/assets/iframeresizer/dist'),
('fb5a3783', '@craft/web/assets/generalsettings/dist'),
('fdfe7e13', '@lenz/linkfield/assets/admin/resources'),
('ff364081', '@craft/web/assets/fieldsettings/dist');

INSERT INTO `revisions` (`id`, `canonicalId`, `creatorId`, `num`, `notes`) VALUES
(1, 26, 1, 1, ''),
(2, 28, 1, 1, ''),
(3, 28, 1, 2, 'Applied Draft 1'),
(4, 33, 1, 1, ''),
(5, 35, 1, 1, ''),
(6, 37, 1, 1, ''),
(7, 39, 1, 1, ''),
(8, 41, 1, 1, ''),
(9, 43, 1, 1, ''),
(10, 45, 1, 1, ''),
(11, 45, 1, 2, 'Applied Draft 1'),
(12, 69, 1, 1, NULL),
(13, 70, 1, 1, NULL),
(14, 71, 1, 1, NULL),
(15, 72, 1, 1, NULL),
(16, 45, 1, 3, ''),
(17, 69, 1, 2, NULL),
(18, 70, 1, 2, NULL),
(19, 71, 1, 2, NULL),
(20, 72, 1, 2, NULL),
(21, 45, 1, 4, 'Applied Draft 1'),
(22, 69, 1, 3, NULL),
(23, 70, 1, 3, NULL),
(24, 71, 1, 3, NULL),
(25, 72, 1, 3, NULL),
(26, 93, 1, 1, ''),
(27, 93, 1, 2, 'Applied Draft 1'),
(28, 93, 1, 3, 'Applied Draft 1'),
(29, 45, 1, 5, 'Applied Draft 1'),
(30, 69, 1, 4, NULL),
(31, 70, 1, 4, NULL),
(32, 71, 1, 4, NULL),
(33, 72, 1, 4, NULL),
(34, 105, 1, 1, NULL),
(35, 106, 1, 1, NULL),
(36, 107, 1, 1, NULL),
(37, 108, 1, 1, NULL),
(38, 109, 1, 1, NULL),
(39, 105, 1, 2, ''),
(40, 106, 1, 2, NULL),
(41, 107, 1, 2, NULL),
(42, 108, 1, 2, NULL),
(43, 109, 1, 2, NULL),
(44, 93, 1, 4, 'Applied Draft 1'),
(45, 123, 1, 1, ''),
(46, 93, 1, 5, 'Applied Draft 1'),
(47, 35, 1, 2, 'Applied Draft 1'),
(48, 33, 1, 2, 'Applied Draft 1'),
(49, 39, 1, 2, 'Applied Draft 1'),
(50, 41, 1, 2, 'Applied Draft 1'),
(51, 35, 1, 3, 'Applied Draft 1'),
(52, 35, 1, 4, 'Applied Draft 1'),
(53, 33, 1, 3, 'Applied Draft 1'),
(54, 37, 1, 2, 'Applied Draft 1'),
(55, 43, 1, 2, 'Applied Draft 1'),
(56, 93, 1, 6, 'Applied Draft 1'),
(57, 148, 1, 1, ''),
(58, 45, 1, 6, 'Applied Draft 1'),
(59, 69, 1, 5, NULL),
(60, 70, 1, 5, NULL),
(61, 71, 1, 5, NULL),
(62, 72, 1, 5, NULL),
(63, 93, 1, 7, 'Applied Draft 1');

INSERT INTO `searchindex` (`elementId`, `attribute`, `fieldId`, `siteId`, `keywords`) VALUES
(1, 'email', 0, 1, ' hassan krafft digital '),
(1, 'firstname', 0, 1, ''),
(1, 'fullname', 0, 1, ''),
(1, 'lastname', 0, 1, ''),
(1, 'slug', 0, 1, ''),
(1, 'username', 0, 1, ' hassan krafft digital '),
(3, 'extension', 0, 1, ' jpg '),
(3, 'filename', 0, 1, ' quater jpg '),
(3, 'kind', 0, 1, ' image '),
(3, 'slug', 0, 1, ''),
(3, 'title', 0, 1, ' quater '),
(4, 'slug', 0, 1, ''),
(5, 'slug', 0, 1, ''),
(6, 'slug', 0, 1, ''),
(7, 'slug', 0, 1, ''),
(8, 'slug', 0, 1, ''),
(9, 'extension', 0, 1, ' svg '),
(9, 'filename', 0, 1, ' logo footer svg '),
(9, 'kind', 0, 1, ' image '),
(9, 'slug', 0, 1, ''),
(9, 'title', 0, 1, ' logo footer '),
(10, 'extension', 0, 1, ' svg '),
(10, 'filename', 0, 1, ' logo svg '),
(10, 'kind', 0, 1, ' image '),
(10, 'slug', 0, 1, ''),
(10, 'title', 0, 1, ' logo '),
(11, 'extension', 0, 1, ' svg '),
(11, 'filename', 0, 1, ' icon branding svg '),
(11, 'kind', 0, 1, ' image '),
(11, 'slug', 0, 1, ''),
(11, 'title', 0, 1, ' icon branding '),
(12, 'extension', 0, 1, ' svg '),
(12, 'filename', 0, 1, ' icon commerce svg '),
(12, 'kind', 0, 1, ' image '),
(12, 'slug', 0, 1, ''),
(12, 'title', 0, 1, ' icon commerce '),
(13, 'extension', 0, 1, ' svg '),
(13, 'filename', 0, 1, ' icon content planning svg '),
(13, 'kind', 0, 1, ' image '),
(13, 'slug', 0, 1, ''),
(13, 'title', 0, 1, ' icon content planning '),
(14, 'extension', 0, 1, ' svg '),
(14, 'filename', 0, 1, ' icon content strategy svg '),
(14, 'kind', 0, 1, ' image '),
(14, 'slug', 0, 1, ''),
(14, 'title', 0, 1, ' icon content strategy '),
(15, 'extension', 0, 1, ' svg '),
(15, 'filename', 0, 1, ' icon design svg '),
(15, 'kind', 0, 1, ' image '),
(15, 'slug', 0, 1, ''),
(15, 'title', 0, 1, ' icon design '),
(16, 'extension', 0, 1, ' svg '),
(16, 'filename', 0, 1, ' icon dev svg '),
(16, 'kind', 0, 1, ' image '),
(16, 'slug', 0, 1, ''),
(16, 'title', 0, 1, ' icon dev '),
(17, 'extension', 0, 1, ' jpg '),
(17, 'filename', 0, 1, ' zabihah 1 jpg '),
(17, 'kind', 0, 1, ' image '),
(17, 'slug', 0, 1, ''),
(17, 'title', 0, 1, ' zabihah 1 '),
(18, 'extension', 0, 1, ' jpg '),
(18, 'filename', 0, 1, ' zabihah 2 jpg '),
(18, 'kind', 0, 1, ' image '),
(18, 'slug', 0, 1, ''),
(18, 'title', 0, 1, ' zabihah 2 '),
(19, 'extension', 0, 1, ' jpg '),
(19, 'filename', 0, 1, ' zabihah 4 jpg '),
(19, 'kind', 0, 1, ' image '),
(19, 'slug', 0, 1, ''),
(19, 'title', 0, 1, ' zabihah 4 '),
(20, 'extension', 0, 1, ' jpg '),
(20, 'filename', 0, 1, ' zabihah main logo jpg '),
(20, 'kind', 0, 1, ' image '),
(20, 'slug', 0, 1, ''),
(20, 'title', 0, 1, ' zabihah main logo '),
(21, 'extension', 0, 1, ' jpg '),
(21, 'filename', 0, 1, ' zabihah main jpg '),
(21, 'kind', 0, 1, ' image '),
(21, 'slug', 0, 1, ''),
(21, 'title', 0, 1, ' zabihah main '),
(22, 'extension', 0, 1, ' svg '),
(22, 'filename', 0, 1, ' zabihah svg '),
(22, 'kind', 0, 1, ' image '),
(22, 'slug', 0, 1, ''),
(22, 'title', 0, 1, ' zabihah '),
(23, 'extension', 0, 1, ' jpg '),
(23, 'filename', 0, 1, ' sample 1 jpg '),
(23, 'kind', 0, 1, ' image '),
(23, 'slug', 0, 1, ''),
(23, 'title', 0, 1, ' sample 1 '),
(24, 'extension', 0, 1, ' jpg '),
(24, 'filename', 0, 1, ' sample 2 jpg '),
(24, 'kind', 0, 1, ' image '),
(24, 'slug', 0, 1, ''),
(24, 'title', 0, 1, ' sample 2 '),
(25, 'extension', 0, 1, ' jpg '),
(25, 'filename', 0, 1, ' krafft jpg '),
(25, 'kind', 0, 1, ' image '),
(25, 'slug', 0, 1, ''),
(25, 'title', 0, 1, ' krafft '),
(26, 'slug', 0, 1, ' zabihah '),
(26, 'title', 0, 1, ' zabihah '),
(28, 'slug', 0, 1, ' krafft '),
(28, 'title', 0, 1, ' krafft '),
(30, 'extension', 0, 1, ' svg '),
(30, 'filename', 0, 1, ' krafft svg '),
(30, 'kind', 0, 1, ' image '),
(30, 'slug', 0, 1, ''),
(30, 'title', 0, 1, ' krafft '),
(33, 'slug', 0, 1, ' web development '),
(33, 'title', 0, 1, ' web development '),
(35, 'slug', 0, 1, ' ui ux design '),
(35, 'title', 0, 1, ' ui design '),
(37, 'slug', 0, 1, ' content strategy '),
(37, 'title', 0, 1, ' content strategy '),
(39, 'slug', 0, 1, ' commerce '),
(39, 'title', 0, 1, ' commerce '),
(41, 'slug', 0, 1, ' content planning '),
(41, 'title', 0, 1, ' content planning '),
(43, 'slug', 0, 1, ' branding '),
(43, 'title', 0, 1, ' branding '),
(45, 'slug', 0, 1, ' zabihah '),
(45, 'title', 0, 1, ' zabihah '),
(49, 'extension', 0, 1, ' jpg '),
(49, 'filename', 0, 1, ' zabihah 1 jpg '),
(49, 'kind', 0, 1, ' image '),
(49, 'slug', 0, 1, ''),
(49, 'title', 0, 1, ' zabihah 1 '),
(50, 'extension', 0, 1, ' jpg '),
(50, 'filename', 0, 1, ' zabihah 2 jpg '),
(50, 'kind', 0, 1, ' image '),
(50, 'slug', 0, 1, ''),
(50, 'title', 0, 1, ' zabihah 2 '),
(51, 'extension', 0, 1, ' jpg '),
(51, 'filename', 0, 1, ' zabihah 4 jpg '),
(51, 'kind', 0, 1, ' image '),
(51, 'slug', 0, 1, ''),
(51, 'title', 0, 1, ' zabihah 4 '),
(52, 'extension', 0, 1, ' jpg '),
(52, 'filename', 0, 1, ' zabihah main logo jpg '),
(52, 'kind', 0, 1, ' image '),
(52, 'slug', 0, 1, ''),
(52, 'title', 0, 1, ' zabihah main logo '),
(53, 'extension', 0, 1, ' jpg '),
(53, 'filename', 0, 1, ' zabihah main jpg '),
(53, 'kind', 0, 1, ' image '),
(53, 'slug', 0, 1, ''),
(53, 'title', 0, 1, ' zabihah main '),
(69, 'slug', 0, 1, ''),
(70, 'slug', 0, 1, ''),
(71, 'slug', 0, 1, ''),
(72, 'slug', 0, 1, ''),
(83, 'extension', 0, 1, ' jpg '),
(83, 'filename', 0, 1, ' zabihah listing jpg '),
(83, 'kind', 0, 1, ' image '),
(83, 'slug', 0, 1, ''),
(83, 'title', 0, 1, ' zabihah listing '),
(90, 'extension', 0, 1, ' jpg '),
(90, 'filename', 0, 1, ' bg dot jpg '),
(90, 'kind', 0, 1, ' image '),
(90, 'slug', 0, 1, ''),
(90, 'title', 0, 1, ' bg dot '),
(91, 'extension', 0, 1, ' png '),
(91, 'filename', 0, 1, ' bg grid large png '),
(91, 'kind', 0, 1, ' image '),
(91, 'slug', 0, 1, ''),
(91, 'title', 0, 1, ' bg grid large '),
(92, 'extension', 0, 1, ' png '),
(92, 'filename', 0, 1, ' bg grid small png '),
(92, 'kind', 0, 1, ' image '),
(92, 'slug', 0, 1, ''),
(92, 'title', 0, 1, ' bg grid small '),
(93, 'slug', 0, 1, ' home '),
(93, 'title', 0, 1, ' home '),
(105, 'slug', 0, 1, ' zabihah 2 '),
(105, 'title', 0, 1, ' zabihah 2 '),
(106, 'slug', 0, 1, ''),
(107, 'slug', 0, 1, ''),
(108, 'slug', 0, 1, ''),
(109, 'slug', 0, 1, ''),
(123, 'slug', 0, 1, ' user experience '),
(123, 'title', 0, 1, ' user experience '),
(124, 'extension', 0, 1, ' svg '),
(124, 'filename', 0, 1, ' icon ux svg '),
(124, 'kind', 0, 1, ' image '),
(124, 'slug', 0, 1, ''),
(124, 'title', 0, 1, ' icon ux '),
(148, 'slug', 0, 1, ' app development '),
(148, 'title', 0, 1, ' app development ');

INSERT INTO `sections` (`id`, `structureId`, `name`, `handle`, `type`, `enableVersioning`, `propagationMethod`, `defaultPlacement`, `previewTargets`, `dateCreated`, `dateUpdated`, `dateDeleted`, `uid`) VALUES
(1, 1, 'Pages', 'pages', 'structure', 1, 'all', 'end', NULL, '2023-02-06 16:13:16', '2023-02-06 16:13:16', NULL, '0cb8f772-dc44-4b7e-9676-63945bf54cb7'),
(2, NULL, 'Clients', 'clients', 'channel', 1, 'all', 'end', NULL, '2023-02-06 16:13:33', '2023-02-06 16:13:33', NULL, '249aace2-bd89-4989-b2b3-504ad6214021'),
(3, NULL, 'Projects', 'projects', 'channel', 1, 'all', 'end', NULL, '2023-02-06 16:14:11', '2023-02-06 16:14:11', NULL, '24bb6f49-5a05-4f93-8dea-a874654c6cbd'),
(4, NULL, 'Services', 'services', 'channel', 1, 'all', 'end', NULL, '2023-02-06 16:14:45', '2023-02-06 16:14:45', NULL, '339c5328-db0a-4a11-91fb-567215e5cbca');

INSERT INTO `sections_sites` (`id`, `sectionId`, `siteId`, `hasUrls`, `uriFormat`, `template`, `enabledByDefault`, `dateCreated`, `dateUpdated`, `uid`) VALUES
(1, 1, 1, 1, '{% if level != 1 %}{parent.uri}{% endif %}/{slug}', 'pages/_entry', 1, '2023-02-06 16:13:16', '2023-02-06 16:13:16', 'c482ee7d-20eb-48fb-9cb9-4c65cb517132'),
(2, 2, 1, 0, NULL, NULL, 1, '2023-02-06 16:13:33', '2023-02-06 16:13:33', 'b26c7ea3-a149-47b3-9b50-7d770cffe6e7'),
(3, 3, 1, 1, 'work/{slug}', 'work/_entry', 1, '2023-02-06 16:14:11', '2023-02-06 16:14:11', 'af7c11f8-3cbe-4277-b439-340e6ca10197'),
(4, 4, 1, 0, NULL, NULL, 1, '2023-02-06 16:14:45', '2023-02-06 16:14:45', 'ea5409be-d842-4066-9e46-1858f5b0a4cc');

INSERT INTO `sitegroups` (`id`, `name`, `dateCreated`, `dateUpdated`, `dateDeleted`, `uid`) VALUES
(1, 'Portfolio', '2023-02-06 14:45:52', '2023-02-06 14:45:52', NULL, 'bde7c81d-d2a1-4bc3-976f-6ec01ee758b7');

INSERT INTO `sites` (`id`, `groupId`, `primary`, `enabled`, `name`, `handle`, `language`, `hasUrls`, `baseUrl`, `sortOrder`, `dateCreated`, `dateUpdated`, `dateDeleted`, `uid`) VALUES
(1, 1, 1, 'true', 'Portfolio', 'default', 'en-US', 1, '$PRIMARY_SITE_URL', 1, '2023-02-06 14:45:52', '2023-02-06 14:45:52', NULL, 'a4159753-8a1a-4a33-be53-8b3d4014a610');

INSERT INTO `stc_links` (`id`, `elementId`, `siteId`, `dateCreated`, `dateUpdated`, `uid`) VALUES
(1, 7, 1, '2023-02-06 16:29:20', '2023-02-06 16:29:20', 'c0ff68ca-dbe4-459f-8394-e0388d97f28b');

INSERT INTO `structureelements` (`id`, `structureId`, `elementId`, `root`, `lft`, `rgt`, `level`, `dateCreated`, `dateUpdated`, `uid`) VALUES
(1, 3, NULL, 1, 1, 4, 0, '2023-02-06 21:05:05', '2023-02-06 21:05:05', '30c81aac-e32d-4e8b-bcc1-7624413f25b3'),
(3, 4, NULL, 3, 1, 4, 0, '2023-02-06 21:06:24', '2023-02-06 21:06:35', 'f10d1846-dc25-4373-b96f-5aa17d494bb6'),
(6, 5, NULL, 6, 1, 4, 0, '2023-02-06 21:06:35', '2023-02-06 21:06:39', '7f86dd3a-fde2-4986-9ff9-54e1d9316d4c'),
(9, 6, NULL, 9, 1, 4, 0, '2023-02-06 21:06:39', '2023-02-06 21:06:40', 'bcda4012-5203-4f9d-a22d-6b8225fa7717'),
(12, 7, NULL, 12, 1, 4, 0, '2023-02-06 21:06:40', '2023-02-06 21:06:46', '6d449899-940a-48b2-9bf6-d029d861ed47'),
(16, 8, NULL, 16, 1, 4, 0, '2023-02-06 21:06:46', '2023-02-06 21:06:49', '733ee5c0-8c9f-4ceb-bd93-0287bb416777'),
(20, 9, NULL, 20, 1, 4, 0, '2023-02-06 21:06:49', '2023-02-06 21:06:50', '39cd2b10-e14e-4044-8a2a-93c4227c5f1f'),
(24, 10, NULL, 24, 1, 4, 0, '2023-02-06 21:06:50', '2023-02-06 21:07:02', '7afcfcc0-2f6a-4a88-8e4a-93d4608fa9fd'),
(29, 11, NULL, 29, 1, 10, 0, '2023-02-06 21:07:02', '2023-02-06 21:07:02', '13327f94-0cc7-4d1b-b8fc-f6c4287c7944'),
(34, 12, NULL, 34, 1, 10, 0, '2023-02-06 21:07:04', '2023-02-06 21:07:04', 'c54c3573-db18-4727-9527-d3451e0c2edf'),
(35, 12, 69, 34, 2, 3, 1, '2023-02-06 21:07:04', '2023-02-06 21:07:04', '96fb643e-bd2d-4f2b-9861-3273d3226126'),
(36, 12, 70, 34, 4, 5, 1, '2023-02-06 21:07:04', '2023-02-06 21:07:04', '7b30a0f5-a933-41a5-9b50-f6d89441fb86'),
(37, 12, 71, 34, 6, 7, 1, '2023-02-06 21:07:04', '2023-02-06 21:07:04', '8e6b976a-03b8-4d7b-a593-17e302673cbe'),
(38, 12, 72, 34, 8, 9, 1, '2023-02-06 21:07:04', '2023-02-06 21:07:04', '1ba428c1-9246-40f7-8e88-643096c924ce'),
(39, 13, NULL, 39, 1, 10, 0, '2023-02-06 21:07:05', '2023-02-06 21:07:05', '6625eb9d-0c57-4fae-9682-08f2d0bdaaa1'),
(40, 13, 74, 39, 2, 3, 1, '2023-02-06 21:07:05', '2023-02-06 21:07:05', '98d576fa-70ac-49ad-85eb-d8c95f4d6f39'),
(41, 13, 75, 39, 4, 5, 1, '2023-02-06 21:07:05', '2023-02-06 21:07:05', 'fa75359e-e922-4020-a5ad-12c8eff2e24e'),
(42, 13, 76, 39, 6, 7, 1, '2023-02-06 21:07:05', '2023-02-06 21:07:05', '30c607eb-fe87-4486-b881-bc47d1626329'),
(43, 13, 77, 39, 8, 9, 1, '2023-02-06 21:07:05', '2023-02-06 21:07:05', 'd8add7ef-4882-4593-87d0-42d109985c90'),
(44, 14, NULL, 44, 1, 10, 0, '2023-02-06 21:07:25', '2023-02-06 21:07:25', 'b5630c82-2dd5-4822-b90f-f7835a18ef45'),
(45, 14, 79, 44, 2, 3, 1, '2023-02-06 21:07:25', '2023-02-06 21:07:25', '3ed3dd13-9546-4641-8ed0-2a91fb1e87a2'),
(46, 14, 80, 44, 4, 5, 1, '2023-02-06 21:07:25', '2023-02-06 21:07:25', 'd0bd7efa-8f25-45c3-baa3-65a5d988a4c8'),
(47, 14, 81, 44, 6, 7, 1, '2023-02-06 21:07:25', '2023-02-06 21:07:25', '918faec8-8a64-4190-91c5-90c316f5cea8'),
(48, 14, 82, 44, 8, 9, 1, '2023-02-06 21:07:25', '2023-02-06 21:07:25', '50f61bdb-69b8-4187-9ba3-8b7b57cf72c5'),
(49, 15, NULL, 49, 1, 10, 0, '2023-02-06 21:37:07', '2023-02-06 21:37:07', '1866df67-e3d1-4f6a-b36b-d54c25949730'),
(50, 15, 69, 49, 2, 3, 1, '2023-02-06 21:37:07', '2023-02-06 21:37:07', 'f5ec7110-35a7-44f6-8360-61eee207cc79'),
(51, 15, 70, 49, 4, 5, 1, '2023-02-06 21:37:07', '2023-02-06 21:37:07', '6612b5da-8fac-439b-8f03-fd22a0299411'),
(52, 15, 71, 49, 6, 7, 1, '2023-02-06 21:37:07', '2023-02-06 21:37:07', '8363be1c-0d3b-4e01-9453-2bbf7cb2eb6f'),
(53, 15, 72, 49, 8, 9, 1, '2023-02-06 21:37:07', '2023-02-06 21:37:07', 'f2b70229-1b81-4c17-959a-ca210e24aeab'),
(54, 16, NULL, 54, 1, 10, 0, '2023-02-06 21:37:10', '2023-02-06 21:37:10', '2a506f1d-b87f-472a-ae98-d7085c2880cc'),
(55, 16, 69, 54, 2, 3, 1, '2023-02-06 21:37:10', '2023-02-06 21:37:10', '06a3be8d-84ae-4497-973c-06576791303e'),
(56, 16, 70, 54, 4, 5, 1, '2023-02-06 21:37:10', '2023-02-06 21:37:10', 'c8f450ef-53fd-4a72-9101-ae3b243ed0c3'),
(57, 16, 71, 54, 6, 7, 1, '2023-02-06 21:37:10', '2023-02-06 21:37:10', 'a10420a7-6e87-4c7b-a62e-2186e21cb779'),
(58, 16, 72, 54, 8, 9, 1, '2023-02-06 21:37:10', '2023-02-06 21:37:10', '67a5ecd0-6bce-4586-8cca-8475cd60eba8'),
(59, 17, NULL, 59, 1, 10, 0, '2023-02-06 21:37:11', '2023-02-06 21:37:11', 'accc0eea-a352-410f-aeef-7bac9f8a9088'),
(60, 17, 86, 59, 2, 3, 1, '2023-02-06 21:37:11', '2023-02-06 21:37:11', '8f5a3279-10a4-48b0-a419-9d81e816ebc3'),
(61, 17, 87, 59, 4, 5, 1, '2023-02-06 21:37:11', '2023-02-06 21:37:11', '5b6e565d-36aa-4fb6-adbc-25499796ea65'),
(62, 17, 88, 59, 6, 7, 1, '2023-02-06 21:37:11', '2023-02-06 21:37:11', '1b3d750a-28c2-43bd-8c21-c16d772cc1e3'),
(63, 17, 89, 59, 8, 9, 1, '2023-02-06 21:37:11', '2023-02-06 21:37:11', 'f8604e89-f8f4-4281-9dec-a4aace4a1278'),
(64, 1, NULL, 64, 1, 4, 0, '2023-02-06 22:04:19', '2023-02-06 22:04:19', '614100cb-e958-4feb-b89f-caa9a96b59dc'),
(65, 1, 93, 64, 2, 3, 1, '2023-02-06 22:04:19', '2023-02-06 22:04:19', '9988d143-a47c-4175-b30d-68b9db5edbc3'),
(66, 22, NULL, 66, 1, 10, 0, '2023-02-08 19:20:48', '2023-02-08 19:20:48', '24d155f4-b096-4821-877c-501efcaac641'),
(67, 22, 69, 66, 2, 3, 1, '2023-02-08 19:20:48', '2023-02-08 19:20:48', 'cb14cb94-3c21-4456-bee3-97335f04ecd0'),
(68, 22, 70, 66, 4, 5, 1, '2023-02-08 19:20:48', '2023-02-08 19:20:48', '97e19bb4-72b2-49cc-af8c-74e385083248'),
(69, 22, 71, 66, 6, 7, 1, '2023-02-08 19:20:48', '2023-02-08 19:20:48', 'a561f6b8-4f15-4737-a379-7a2f6520b631'),
(70, 22, 72, 66, 8, 9, 1, '2023-02-08 19:20:48', '2023-02-08 19:20:48', '601e892c-6180-4bc8-894f-526e6cc3a6e6'),
(71, 23, NULL, 71, 1, 10, 0, '2023-02-08 19:20:52', '2023-02-08 19:20:52', 'a50f3e2b-75ac-40e0-b529-e425b385247f'),
(72, 23, 69, 71, 2, 3, 1, '2023-02-08 19:20:52', '2023-02-08 19:20:52', '6def0fcc-e00c-4fb7-8161-4b0ba4df7140'),
(73, 23, 70, 71, 4, 5, 1, '2023-02-08 19:20:52', '2023-02-08 19:20:52', 'b5ad98b9-30e8-4415-b8d1-d95dcb20ec87'),
(74, 23, 71, 71, 6, 7, 1, '2023-02-08 19:20:52', '2023-02-08 19:20:52', '0489b1c6-e926-40b7-8eca-54bd34d19067'),
(75, 23, 72, 71, 8, 9, 1, '2023-02-08 19:20:52', '2023-02-08 19:20:52', '064fc3c1-a5b2-4f2e-8c91-8afd7b147964'),
(76, 24, NULL, 76, 1, 10, 0, '2023-02-08 19:20:52', '2023-02-08 19:20:53', 'ad61685a-5d25-44ea-b511-19d7c70ef203'),
(77, 24, 101, 76, 2, 3, 1, '2023-02-08 19:20:52', '2023-02-08 19:20:52', 'f1e7abd1-a671-4649-a784-3d28a5e9961a'),
(78, 24, 102, 76, 4, 5, 1, '2023-02-08 19:20:53', '2023-02-08 19:20:53', 'a859b8c7-6764-4264-910f-cda7257f420d'),
(79, 24, 103, 76, 6, 7, 1, '2023-02-08 19:20:53', '2023-02-08 19:20:53', '903a3fe8-98df-4d91-a7be-75270a9fa753'),
(80, 24, 104, 76, 8, 9, 1, '2023-02-08 19:20:53', '2023-02-08 19:20:53', '2d8e6c4c-df30-43f8-b8cf-8d3b34b22228'),
(81, 25, NULL, 81, 1, 10, 0, '2023-02-08 21:06:18', '2023-02-08 21:06:18', '50e0ea24-d417-4eff-b84c-3d26e4f5483b'),
(82, 25, 106, 81, 2, 3, 1, '2023-02-08 21:06:18', '2023-02-08 21:06:18', '069c937a-3bc4-446e-a7e3-dc74b7a005bd'),
(83, 25, 107, 81, 4, 5, 1, '2023-02-08 21:06:18', '2023-02-08 21:06:18', '82f652f7-0d2b-44d1-979f-660e8413797d'),
(84, 25, 108, 81, 6, 7, 1, '2023-02-08 21:06:18', '2023-02-08 21:06:18', 'd3d3aaa6-90d1-4f79-b659-3aa812ff8cbe'),
(85, 25, 109, 81, 8, 9, 1, '2023-02-08 21:06:18', '2023-02-08 21:06:18', '7cd281de-0b4d-45b4-a5d8-dd11385851eb'),
(86, 26, NULL, 86, 1, 10, 0, '2023-02-08 21:06:19', '2023-02-08 21:06:19', 'f2741efb-e8c5-4f58-a17a-535db58b3786'),
(87, 26, 111, 86, 2, 3, 1, '2023-02-08 21:06:19', '2023-02-08 21:06:19', '07a288fc-6888-4fdb-ba75-c4c687ea4488'),
(88, 26, 112, 86, 4, 5, 1, '2023-02-08 21:06:19', '2023-02-08 21:06:19', 'df92ba27-7b83-4dfa-800d-32c435115cef'),
(89, 26, 113, 86, 6, 7, 1, '2023-02-08 21:06:19', '2023-02-08 21:06:19', 'e46cbe5e-a037-43bf-af50-b02a3fc72fbc'),
(90, 26, 114, 86, 8, 9, 1, '2023-02-08 21:06:19', '2023-02-08 21:06:19', 'ea7776f3-93fb-4688-96a6-ca0517f3b507'),
(91, 27, NULL, 91, 1, 10, 0, '2023-02-08 21:06:21', '2023-02-08 21:06:21', '8552c57d-f32c-46df-ab04-93316ae8f45b'),
(92, 27, 106, 91, 2, 3, 1, '2023-02-08 21:06:21', '2023-02-08 21:06:21', '4e47b190-6014-4434-91fd-d4bc8498d2ad'),
(93, 27, 107, 91, 4, 5, 1, '2023-02-08 21:06:21', '2023-02-08 21:06:21', 'fee0407a-734a-4445-8dcc-8b40c7a1da9d'),
(94, 27, 108, 91, 6, 7, 1, '2023-02-08 21:06:21', '2023-02-08 21:06:21', '8995177c-480f-40c2-a55f-ed4334a59a70'),
(95, 27, 109, 91, 8, 9, 1, '2023-02-08 21:06:21', '2023-02-08 21:06:21', '4c9632a5-e1c7-4c27-9945-9e50d6d3b243'),
(96, 28, NULL, 96, 1, 10, 0, '2023-02-08 21:06:22', '2023-02-08 21:06:22', 'e5251ed5-e70c-441d-8c1f-aa890e8c7ce1'),
(97, 28, 117, 96, 2, 3, 1, '2023-02-08 21:06:22', '2023-02-08 21:06:22', '006ff9ac-25ff-48c9-90e1-56c47bfc4433'),
(98, 28, 118, 96, 4, 5, 1, '2023-02-08 21:06:22', '2023-02-08 21:06:22', '13430858-c984-43bc-9582-4fd75510abb4'),
(99, 28, 119, 96, 6, 7, 1, '2023-02-08 21:06:22', '2023-02-08 21:06:22', 'e72ef44f-6424-45f5-b409-af915bdb0317'),
(100, 28, 120, 96, 8, 9, 1, '2023-02-08 21:06:22', '2023-02-08 21:06:22', '2a1dff70-385f-4584-b0a5-ccc843c32691'),
(101, 35, NULL, 101, 1, 10, 0, '2023-02-08 23:42:18', '2023-02-08 23:42:18', 'c0bd4052-316c-4e99-8fd8-ff1b69c307b1'),
(102, 35, 69, 101, 2, 3, 1, '2023-02-08 23:42:18', '2023-02-08 23:42:18', '3b0929b7-34dd-4d02-b37a-22b343eea32c'),
(103, 35, 70, 101, 4, 5, 1, '2023-02-08 23:42:18', '2023-02-08 23:42:18', '8f4d96b6-19d9-4b67-b1d8-0c1791fa0eb2'),
(104, 35, 71, 101, 6, 7, 1, '2023-02-08 23:42:18', '2023-02-08 23:42:18', 'be10afc8-569d-477a-bcd0-876707bb2f37'),
(105, 35, 72, 101, 8, 9, 1, '2023-02-08 23:42:18', '2023-02-08 23:42:18', 'f3309018-849e-46fd-92fb-884ad53327cd'),
(106, 36, NULL, 106, 1, 10, 0, '2023-02-08 23:42:22', '2023-02-08 23:42:22', '12e3e27b-5640-458d-b9e2-540457a5690b'),
(107, 36, 69, 106, 2, 3, 1, '2023-02-08 23:42:22', '2023-02-08 23:42:22', 'a5aa4e48-7546-45f2-8364-3774df6eafd8'),
(108, 36, 70, 106, 4, 5, 1, '2023-02-08 23:42:22', '2023-02-08 23:42:22', '6549c1d1-eb54-4cdb-892d-66be364ead9a'),
(109, 36, 71, 106, 6, 7, 1, '2023-02-08 23:42:22', '2023-02-08 23:42:22', '44ad60f6-13e2-4633-a845-0bf63bf1aec4'),
(110, 36, 72, 106, 8, 9, 1, '2023-02-08 23:42:22', '2023-02-08 23:42:22', '23b5268c-3d78-4d97-bb96-7e96cb44f7dc'),
(111, 39, NULL, 111, 1, 10, 0, '2023-02-08 23:43:08', '2023-02-08 23:43:09', '7dd95dae-f732-400a-9188-c6efc4b1f92a'),
(112, 39, 152, 111, 2, 3, 1, '2023-02-08 23:43:08', '2023-02-08 23:43:08', '69a6d838-c289-4554-bfbd-e1381e26f2e1'),
(113, 39, 153, 111, 4, 5, 1, '2023-02-08 23:43:08', '2023-02-08 23:43:08', '16a5a6f5-e4b3-4762-a971-78da9bbbef66'),
(114, 39, 154, 111, 6, 7, 1, '2023-02-08 23:43:08', '2023-02-08 23:43:08', '5e7331ad-e75e-4df0-8142-4ce18a1301c6'),
(115, 39, 155, 111, 8, 9, 1, '2023-02-08 23:43:09', '2023-02-08 23:43:09', 'b52c5814-bcf9-4016-b3aa-2e3315bb734d');

INSERT INTO `structures` (`id`, `maxLevels`, `dateCreated`, `dateUpdated`, `dateDeleted`, `uid`) VALUES
(1, NULL, '2023-02-06 16:13:16', '2023-02-06 16:13:16', NULL, '16e83952-1589-494d-a752-fa48f7e24c37'),
(2, NULL, '2023-02-06 21:05:05', '2023-02-06 21:05:05', '2023-02-06 21:05:05', '4650e0f2-39dc-4978-b63b-94a2c0d12d79'),
(3, NULL, '2023-02-06 21:05:05', '2023-02-06 21:05:05', '2023-02-06 21:06:24', '6d004783-061f-490b-913d-e9fcfa0a7492'),
(4, NULL, '2023-02-06 21:06:24', '2023-02-06 21:06:24', '2023-02-06 21:06:35', '1adb11e6-171f-45df-9a35-7df85b82d987'),
(5, NULL, '2023-02-06 21:06:35', '2023-02-06 21:06:35', '2023-02-06 21:06:39', 'fdef517e-1586-47b1-a5f8-54182732b94e'),
(6, NULL, '2023-02-06 21:06:39', '2023-02-06 21:06:39', '2023-02-06 21:06:40', '60399c7d-f287-431b-ac44-a2d9801d20c5'),
(7, NULL, '2023-02-06 21:06:40', '2023-02-06 21:06:40', '2023-02-06 21:06:46', 'f68f3b85-e516-456c-a62e-3c68fda9bde9'),
(8, NULL, '2023-02-06 21:06:46', '2023-02-06 21:06:46', '2023-02-06 21:06:49', '07002966-3044-47eb-9fd2-dd9f28175a59'),
(9, NULL, '2023-02-06 21:06:49', '2023-02-06 21:06:49', '2023-02-06 21:06:50', 'a260208e-1a5e-40a3-ab00-4650ef764eb9'),
(10, NULL, '2023-02-06 21:06:50', '2023-02-06 21:06:50', '2023-02-06 21:07:02', '737c9bed-172d-42d0-8f97-5ec0a159709e'),
(11, NULL, '2023-02-06 21:07:02', '2023-02-06 21:07:02', NULL, '7f7111f7-7506-4923-ac0a-8436f5d9e64a'),
(12, NULL, '2023-02-06 21:07:04', '2023-02-06 21:07:04', '2023-02-06 21:37:10', '7e49feaa-a14a-4940-8790-d40925d853a5'),
(13, NULL, '2023-02-06 21:07:05', '2023-02-06 21:07:05', '2023-02-06 21:07:05', '15b55840-9817-42c6-9401-54ae54cdc16c'),
(14, NULL, '2023-02-06 21:07:25', '2023-02-06 21:07:25', '2023-02-06 21:07:25', 'e4c24f37-d3e6-45d3-9cd6-07bbf95401e7'),
(15, NULL, '2023-02-06 21:37:07', '2023-02-06 21:37:07', NULL, 'b70d7006-0832-4436-9b09-58fe0ea63f11'),
(16, NULL, '2023-02-06 21:37:10', '2023-02-06 21:37:10', '2023-02-08 19:20:52', '7a80caf8-46ec-414f-a450-58aa488a9e42'),
(17, NULL, '2023-02-06 21:37:11', '2023-02-06 21:37:11', '2023-02-06 21:37:11', '60cf723f-0dda-4002-800c-9d220f05a3eb'),
(18, NULL, '2023-02-06 22:06:02', '2023-02-06 22:06:02', NULL, 'ab685851-fdc1-4f2c-9153-918074946452'),
(19, NULL, '2023-02-06 22:06:16', '2023-02-06 22:06:16', '2023-02-06 22:07:11', '714087c8-6310-4513-baf5-498cb0cf476a'),
(20, NULL, '2023-02-06 22:06:33', '2023-02-06 22:06:33', NULL, '19c7093b-da04-485a-bfb0-19abea3ce0e6'),
(21, NULL, '2023-02-06 22:07:11', '2023-02-06 22:07:11', '2023-02-08 21:06:35', '64df3e0d-aa95-4055-8439-14f04b95accd'),
(22, NULL, '2023-02-08 19:20:48', '2023-02-08 19:20:48', NULL, 'd51b010d-5f64-45be-a3fe-3a8ba2b122ec'),
(23, NULL, '2023-02-08 19:20:52', '2023-02-08 19:20:52', '2023-02-08 23:42:22', 'd07203b4-d35a-43f3-8e48-a0c09ac11d2f'),
(24, NULL, '2023-02-08 19:20:52', '2023-02-08 19:20:52', '2023-02-08 19:20:53', '6348492f-d6b6-4d95-9c6e-6773b309edac'),
(25, NULL, '2023-02-08 21:06:18', '2023-02-08 21:06:18', NULL, '3a7a5d43-de19-4c83-8042-f1c170539b23'),
(26, NULL, '2023-02-08 21:06:19', '2023-02-08 21:06:19', '2023-02-08 21:06:19', '429cd2dd-75e1-44ce-b316-4c70940d81e1'),
(27, NULL, '2023-02-08 21:06:21', '2023-02-08 21:06:21', NULL, '0c1ca220-1d5f-4224-9ca7-e7fad23c1413'),
(28, NULL, '2023-02-08 21:06:21', '2023-02-08 21:06:21', '2023-02-08 21:06:22', 'a919882e-9fd0-4135-acea-fb85a3cf7fad'),
(29, NULL, '2023-02-08 21:06:34', '2023-02-08 21:06:34', NULL, 'ae929df2-86c0-4a74-a92f-b3d8556eec15'),
(30, NULL, '2023-02-08 21:06:35', '2023-02-08 21:06:35', '2023-02-08 21:54:31', '5169acb5-6325-4d94-9066-d43b3e20b3cf'),
(31, NULL, '2023-02-08 21:54:30', '2023-02-08 21:54:30', NULL, '3a9d5869-6ec2-4692-9c58-df2485378952'),
(32, NULL, '2023-02-08 21:54:31', '2023-02-08 21:54:31', '2023-02-08 22:03:31', '20b38677-6853-4b15-9e7d-aefdc1472a5e'),
(33, NULL, '2023-02-08 22:00:42', '2023-02-08 22:00:42', NULL, '10a7a718-6828-4b04-a250-10c112a54205'),
(34, NULL, '2023-02-08 22:03:31', '2023-02-08 22:03:31', '2023-02-08 23:43:08', 'e4da4a42-b5eb-428b-aba4-89f578f356e6'),
(35, NULL, '2023-02-08 23:42:18', '2023-02-08 23:42:18', NULL, 'dc9dd370-eb26-43af-9928-2dcdfc9c6d00'),
(36, NULL, '2023-02-08 23:42:22', '2023-02-08 23:42:22', NULL, 'be8629dd-f73a-4dbd-807f-dd313230f4d6'),
(37, NULL, '2023-02-08 23:43:04', '2023-02-08 23:43:04', NULL, 'f503102a-0eff-4a39-be2b-85a8a2fd4836'),
(38, NULL, '2023-02-08 23:43:08', '2023-02-08 23:43:08', NULL, '182a5b88-3e13-4e4c-82fb-f0a23ec4b69e'),
(39, NULL, '2023-02-08 23:43:08', '2023-02-08 23:43:08', '2023-02-08 23:43:09', '2e5b7f73-a706-408d-aa38-9296a2d7c331');

INSERT INTO `supertableblocks` (`id`, `primaryOwnerId`, `fieldId`, `typeId`, `deletedWithOwner`, `dateCreated`, `dateUpdated`) VALUES
(7, 6, 15, 1, NULL, '2023-02-06 16:29:20', '2023-02-06 16:29:20');

INSERT INTO `supertableblocks_owners` (`blockId`, `ownerId`, `sortOrder`) VALUES
(7, 6, 1);

INSERT INTO `supertableblocktypes` (`id`, `fieldId`, `fieldLayoutId`, `dateCreated`, `dateUpdated`, `uid`) VALUES
(1, 15, 8, '2023-02-06 16:26:39', '2023-02-06 16:26:39', '323427b1-e1ce-44a0-bccc-2b7c44a00ffd');

INSERT INTO `userpreferences` (`userId`, `preferences`) VALUES
(1, '{\"language\":\"en-US\"}');

INSERT INTO `users` (`id`, `photoId`, `active`, `pending`, `locked`, `suspended`, `admin`, `username`, `fullName`, `firstName`, `lastName`, `email`, `password`, `lastLoginDate`, `lastLoginAttemptIp`, `invalidLoginWindowStart`, `invalidLoginCount`, `lastInvalidLoginDate`, `lockoutDate`, `hasDashboard`, `verificationCode`, `verificationCodeIssuedDate`, `unverifiedEmail`, `passwordResetRequired`, `lastPasswordChangeDate`, `dateCreated`, `dateUpdated`) VALUES
(1, NULL, 1, 0, 0, 0, 1, 'hassan@krafft.digital', NULL, NULL, NULL, 'hassan@krafft.digital', '$2y$13$BS0EgkaDHof/ptZw8VsvneR9mx/fQQ0fHlXrZ5hCC0pZtvfLLwEy6', '2023-02-08 21:06:09', NULL, NULL, NULL, '2023-02-08 15:11:28', NULL, 1, NULL, NULL, NULL, 0, '2023-02-06 14:45:53', '2023-02-06 14:45:53', '2023-02-08 21:06:09');

INSERT INTO `volumefolders` (`id`, `parentId`, `volumeId`, `name`, `path`, `dateCreated`, `dateUpdated`, `uid`) VALUES
(1, NULL, 1, 'Images', NULL, '2023-02-06 15:12:53', '2023-02-06 16:19:42', '17231234-1aa1-4a91-b11c-ad59227aae11'),
(2, NULL, NULL, 'Temporary filesystem', NULL, '2023-02-06 15:12:55', '2023-02-06 15:12:55', 'd136c979-715c-4b39-b84f-8af0742ce936'),
(3, 2, NULL, 'user_1', 'user_1/', '2023-02-06 15:12:55', '2023-02-06 15:12:55', 'eca61f78-3877-4741-a7c0-1b4586ecfcc3'),
(4, NULL, 2, 'Icons', NULL, '2023-02-06 16:18:26', '2023-02-06 16:19:08', 'cfc57b13-f311-4b57-9381-f535a296424a'),
(5, NULL, 3, 'Videos', NULL, '2023-02-06 16:18:29', '2023-02-06 16:18:53', '22aa3103-2184-4855-8c3b-d2bdf017345b'),
(6, 1, 1, 'Projects', 'Projects/', '2023-02-06 16:37:26', '2023-02-06 16:37:26', '4425ef9e-4881-4882-8058-8275997de80b'),
(7, 1, 1, 'Header', 'Header/', '2023-02-06 16:37:35', '2023-02-06 16:37:35', 'a3641aae-09b8-4362-b23b-4d774be01f56'),
(8, 1, 1, 'Logos', 'Logos/', '2023-02-06 20:37:48', '2023-02-06 20:37:48', '72e793d6-8be1-40a7-b918-04c29dfa3708'),
(9, 6, 1, 'zabihah', 'Projects/zabihah/', '2023-02-06 20:43:38', '2023-02-06 20:43:38', 'd2630891-68e1-4b0b-82df-4e3798c18adb'),
(10, 6, 1, 'misc', 'Projects/misc/', '2023-02-06 20:44:20', '2023-02-06 20:44:20', '46610735-9caa-46e3-9e34-be4c1c7c46f1'),
(11, 6, 1, 'krafft', 'Projects/krafft/', '2023-02-06 20:49:11', '2023-02-06 20:49:11', 'f8885f59-2a84-44d1-9474-403bc33416cc');

INSERT INTO `volumes` (`id`, `fieldLayoutId`, `name`, `handle`, `fs`, `transformFs`, `transformSubpath`, `titleTranslationMethod`, `titleTranslationKeyFormat`, `sortOrder`, `dateCreated`, `dateUpdated`, `dateDeleted`, `uid`) VALUES
(1, 1, 'Images', 'images', 'images', '', '', 'site', NULL, 1, '2023-02-06 15:12:53', '2023-02-06 15:12:53', NULL, 'f3d4e367-d7dd-459c-a9de-11dd87a70cdc'),
(2, 6, 'Icons', 'icons', 'icons', 'icons', '', 'site', NULL, 2, '2023-02-06 16:18:26', '2023-02-06 16:19:08', NULL, '6c870524-7160-4e88-b357-1b6747f3c7ea'),
(3, 7, 'Videos', 'videos', 'videos', 'videos', '', 'site', NULL, 3, '2023-02-06 16:18:29', '2023-02-06 16:18:53', NULL, 'a0d82af4-339f-430f-9bb8-f2f455642252');

INSERT INTO `widgets` (`id`, `userId`, `type`, `sortOrder`, `colspan`, `settings`, `enabled`, `dateCreated`, `dateUpdated`, `uid`) VALUES
(1, 1, 'craft\\widgets\\RecentEntries', 1, NULL, '{\"siteId\":1,\"section\":\"*\",\"limit\":10}', 1, '2023-02-06 14:47:45', '2023-02-06 14:47:45', '44588d2e-fd15-446b-8c86-2ee53ec10301'),
(2, 1, 'craft\\widgets\\CraftSupport', 2, NULL, '[]', 1, '2023-02-06 14:47:45', '2023-02-06 14:47:45', 'e99e00b2-a3b7-42dc-ac77-d15a049716a5'),
(3, 1, 'craft\\widgets\\Updates', 3, NULL, '[]', 1, '2023-02-06 14:47:45', '2023-02-06 14:47:45', 'e3963070-d2f0-423b-a241-8594c748e55c'),
(4, 1, 'craft\\widgets\\Feed', 4, NULL, '{\"url\":\"https://craftcms.com/news.rss\",\"title\":\"Craft News\",\"limit\":5}', 1, '2023-02-06 14:47:45', '2023-02-06 14:47:45', 'c689ee84-b6c3-47e8-9072-6309b063f0fc');



/*!40101 SET SQL_MODE=@OLD_SQL_MODE */;
/*!40014 SET FOREIGN_KEY_CHECKS=@OLD_FOREIGN_KEY_CHECKS */;
/*!40014 SET UNIQUE_CHECKS=@OLD_UNIQUE_CHECKS */;
/*!40101 SET CHARACTER_SET_CLIENT=@OLD_CHARACTER_SET_CLIENT */;
/*!40101 SET CHARACTER_SET_RESULTS=@OLD_CHARACTER_SET_RESULTS */;
/*!40101 SET COLLATION_CONNECTION=@OLD_COLLATION_CONNECTION */;
/*!40111 SET SQL_NOTES=@OLD_SQL_NOTES */;